order_key,order_id,date_key,customer_key,product_key,geography_key,quantity_sold,unit_price,discount_percent,sales_amount,cost_amount,profit_amount,profit_margin_pct,payment_method,shipping_mode,delivery_status,is_completed
1,ORD-100001,20241001,2,11,37,1,419.18,5.0,398.22,264.6,133.62,33.55,Net Banking,Standard,Delivered,1
2,ORD-100002,20241001,186,20,43,5,403.73,20.0,1614.92,1296.75,318.17,19.7,COD,Express,Delivered,1
3,ORD-100003,20241001,232,5,10,2,293.58,25.0,440.37,287.04,153.33,34.82,UPI,Standard,Delivered,1
4,ORD-100004,20241002,223,41,35,1,892.93,20.0,714.34,683.24,31.1,4.35,Credit Card,Standard,Delivered,1
5,ORD-100005,20241003,197,26,18,3,13742.22,30.0,28858.66,32757.66,-3899.0,-13.51,Debit Card,Economy,Delivered,1
6,ORD-100006,20241004,232,3,10,1,5793.05,15.0,4924.09,3893.34,1030.75,20.93,UPI,Standard,Delivered,1
7,ORD-100007,20241004,219,1,28,2,1694.72,15.0,2881.02,1699.0,1182.02,41.03,Net Banking,Economy,Delivered,1
8,ORD-100008,20241004,136,48,10,4,453.14,10.0,1631.3,880.04,751.26,46.05,Net Banking,Standard,Delivered,1
9,ORD-100009,20241004,232,40,10,1,32387.28,5.0,30767.92,25592.0,5175.92,16.82,COD,Standard,Delivered,1
10,ORD-100010,20241005,232,6,10,1,1831.9,25.0,1373.93,1385.23,-11.3,-0.82,Net Banking,Standard,Delivered,1
11,ORD-100011,20241005,218,36,12,1,338.92,15.0,288.08,165.6,122.48,42.52,COD,Economy,Delivered,1
12,ORD-100012,20241005,104,14,49,2,996.36,0.0,1992.72,1378.62,614.1,30.82,Credit Card,Express,Delivered,1
13,ORD-100013,20241005,189,17,21,2,762.71,25.0,1144.06,1094.4,49.66,4.34,UPI,Express,Delivered,1
14,ORD-100014,20241006,206,41,34,1,889.1,0.0,889.1,683.24,205.86,23.15,COD,Standard,Delivered,1
15,ORD-100015,20241006,232,26,10,1,13904.12,15.0,11818.5,10919.22,899.28,7.61,Credit Card,Express,Delivered,1
16,ORD-100016,20241006,223,18,35,1,52602.76,25.0,39452.07,42392.0,-2939.93,-7.45,UPI,Standard,Delivered,1
17,ORD-100017,20241007,233,15,46,1,1920.85,5.0,1824.81,907.2,917.61,50.29,UPI,Standard,Delivered,1
18,ORD-100018,20241007,232,41,10,1,883.21,0.0,883.21,683.24,199.97,22.64,COD,Standard,Delivered,1
19,ORD-100019,20241007,232,51,10,1,890.93,10.0,801.84,395.56,406.28,50.67,UPI,Standard,Delivered,1
20,ORD-100020,20241008,151,28,26,2,601.68,5.0,1143.19,599.0,544.19,47.6,UPI,Standard,Delivered,1
21,ORD-100021,20241008,239,41,56,1,894.85,10.0,805.36,683.24,122.12,15.16,Credit Card,Standard,Delivered,1
22,ORD-100022,20241008,130,17,13,1,766.78,20.0,613.42,547.2,66.22,10.8,COD,Standard,Delivered,1
23,ORD-100023,20241009,200,51,55,1,894.95,25.0,671.21,395.56,275.65,41.07,UPI,Standard,Delivered,1
24,ORD-100024,20241009,274,1,23,1,1713.07,15.0,1456.11,849.5,606.61,41.66,COD,Economy,Delivered,1
25,ORD-100025,20241009,150,18,55,1,52371.92,0.0,52371.92,42392.0,9979.92,19.06,Net Banking,Standard,Delivered,1
26,ORD-100026,20241009,120,39,6,1,1929.63,0.0,1929.63,1462.23,467.4,24.22,UPI,Standard,Delivered,1
27,ORD-100027,20241009,232,50,10,1,1999.98,15.0,1699.98,1279.36,420.62,24.74,COD,Standard,Delivered,1
28,ORD-100028,20241010,176,39,48,1,1889.43,25.0,1417.07,1462.23,-45.16,-3.19,UPI,Express,Delivered,1
29,ORD-100029,20241010,189,32,21,1,20371.15,10.0,18334.04,15799.21,2534.83,13.83,Debit Card,Standard,Delivered,1
30,ORD-100030,20241010,249,40,36,1,31751.06,15.0,26988.4,25592.0,1396.4,5.17,Credit Card,Same-Day,Delivered,1
31,ORD-100031,20241010,232,43,10,2,910.69,20.0,1457.1,1132.74,324.36,22.26,UPI,Standard,Delivered,1
32,ORD-100032,20241010,232,16,10,1,2526.13,20.0,2020.9,1184.5,836.4,41.39,COD,Standard,Delivered,1
33,ORD-100033,20241010,265,26,26,1,13990.96,10.0,12591.86,10919.22,1672.64,13.28,COD,Economy,Delivered,1
34,ORD-100034,20241010,128,25,32,3,3147.5,20.0,7554.0,4606.56,2947.44,39.02,UPI,Express,Delivered,1
35,ORD-100035,20241010,97,47,11,1,1388.15,0.0,1388.15,629.55,758.6,54.65,UPI,Express,Delivered,1
36,ORD-100036,20241011,231,41,26,1,889.49,30.0,622.64,683.24,-60.6,-9.73,COD,Standard,Delivered,1
37,ORD-100037,20241011,232,33,10,5,261.02,0.0,1305.1,897.0,408.1,31.27,Net Banking,Standard,Delivered,1
38,ORD-100038,20241011,277,25,9,2,3257.79,0.0,6515.58,3071.04,3444.54,52.87,UPI,Express,Delivered,1
39,ORD-100039,20241012,232,5,10,1,297.83,10.0,268.05,143.52,124.53,46.46,UPI,Standard,Delivered,1
40,ORD-100040,20241012,152,22,29,4,773.19,10.0,2783.48,2067.2,716.28,25.73,Credit Card,Standard,Delivered,1
41,ORD-100041,20241013,281,32,7,1,19710.41,15.0,16753.85,15799.21,954.64,5.7,UPI,Standard,Delayed,1
42,ORD-100042,20241013,67,4,29,2,3461.64,15.0,5884.79,3219.08,2665.71,45.3,Net Banking,Economy,Returned,0
43,ORD-100043,20241013,167,10,18,2,304.93,25.0,457.4,394.68,62.72,13.71,UPI,Express,Delivered,1
44,ORD-100044,20241013,189,19,21,1,1825.39,10.0,1642.85,1165.5,477.35,29.06,UPI,Same-Day,Delivered,1
45,ORD-100045,20241014,296,26,40,1,13984.44,10.0,12586.0,10919.22,1666.78,13.24,COD,Standard,Delivered,1
46,ORD-100046,20241014,165,47,27,2,1421.11,20.0,2273.78,1259.1,1014.68,44.63,COD,Express,Delivered,1
47,ORD-100047,20241015,233,39,46,2,1911.21,15.0,3249.06,2924.46,324.6,9.99,UPI,Economy,Delivered,1
48,ORD-100048,20241015,233,18,46,1,53139.99,10.0,47825.99,42392.0,5433.99,11.36,COD,Express,Delivered,1
49,ORD-100049,20241015,245,49,51,1,1011.88,20.0,809.5,649.35,160.15,19.78,COD,Economy,Delivered,1
50,ORD-100050,20241015,147,51,45,2,892.08,5.0,1694.95,791.12,903.83,53.32,UPI,Standard,Delivered,1
51,ORD-100051,20241016,201,38,18,2,3354.14,0.0,6708.28,3364.98,3343.3,49.84,COD,Standard,Returned,0
52,ORD-100052,20241016,232,48,10,1,448.14,15.0,380.92,220.01,160.91,42.24,COD,Economy,Delivered,1
53,ORD-100053,20241017,219,21,28,2,706.51,10.0,1271.72,1022.4,249.32,19.6,UPI,Economy,Delayed,1
54,ORD-100054,20241017,6,42,21,1,1617.07,25.0,1212.8,1023.36,189.44,15.62,Credit Card,Economy,Delivered,1
55,ORD-100055,20241017,232,49,10,2,992.04,30.0,1388.86,1298.7,90.16,6.49,UPI,Express,Delivered,1
56,ORD-100056,20241017,255,39,48,3,1933.29,0.0,5799.87,4386.69,1413.18,24.37,Debit Card,Express,Delayed,1
57,ORD-100057,20241018,233,39,46,1,1888.61,10.0,1699.75,1462.23,237.52,13.97,COD,Economy,Delivered,1
58,ORD-100058,20241018,180,35,35,2,1688.08,15.0,2869.74,2106.76,762.98,26.59,Wallet,Standard,Delayed,1
59,ORD-100059,20241020,199,17,50,4,766.63,5.0,2913.19,2188.8,724.39,24.87,UPI,Express,Delivered,1
60,ORD-100060,20241020,277,6,9,2,1771.56,0.0,3543.12,2770.46,772.66,21.81,Credit Card,Standard,Delivered,1
61,ORD-100061,20241020,176,42,48,1,1580.6,0.0,1580.6,1023.36,557.24,35.25,COD,Standard,Delivered,1
62,ORD-100062,20241021,233,17,46,5,763.22,10.0,3434.49,2736.0,698.49,20.34,COD,Economy,Delivered,1
63,ORD-100063,20241023,85,35,34,1,1712.66,0.0,1712.66,1053.38,659.28,38.49,Credit Card,Economy,Delivered,1
64,ORD-100064,20241023,68,4,3,2,3445.57,10.0,6202.03,3219.08,2982.95,48.1,COD,Express,Delivered,1
65,ORD-100065,20241023,232,9,10,1,326.84,30.0,228.79,211.2,17.59,7.69,COD,Standard,Delayed,1
66,ORD-100066,20241023,233,30,46,1,2299.34,20.0,1839.47,1793.22,46.25,2.51,Debit Card,Standard,Delivered,1
67,ORD-100067,20241023,146,19,3,2,1859.51,15.0,3161.17,2331.0,830.17,26.26,Credit Card,Standard,Delivered,1
68,ORD-100068,20241024,296,17,40,2,772.89,20.0,1236.62,1094.4,142.22,11.5,Debit Card,Standard,Delivered,1
69,ORD-100069,20241024,232,5,10,2,301.26,10.0,542.27,287.04,255.23,47.07,UPI,Standard,Delayed,1
70,ORD-100070,20241024,233,36,46,1,350.97,10.0,315.87,165.6,150.27,47.57,Debit Card,Standard,Delivered,1
71,ORD-100071,20241025,232,39,10,1,1896.91,5.0,1802.06,1462.23,339.83,18.86,Debit Card,Standard,Delivered,1
72,ORD-100072,20241025,232,4,10,1,3509.61,20.0,2807.69,1609.54,1198.15,42.67,COD,Standard,Delayed,1
73,ORD-100073,20241025,71,40,4,1,31615.15,10.0,28453.64,25592.0,2861.64,10.06,UPI,Economy,Delivered,1
74,ORD-100074,20241025,142,1,36,2,1688.32,0.0,3376.64,1699.0,1677.64,49.68,Credit Card,Standard,Delivered,1
75,ORD-100075,20241025,176,47,48,1,1386.82,0.0,1386.82,629.55,757.27,54.6,COD,Standard,Delivered,1
76,ORD-100076,20241025,223,48,35,1,456.01,0.0,456.01,220.01,236.0,51.75,UPI,Standard,Delivered,1
77,ORD-100077,20241026,232,19,10,1,1836.24,10.0,1652.62,1165.5,487.12,29.48,UPI,Economy,Delivered,1
78,ORD-100078,20241026,19,35,42,2,1682.81,15.0,2860.78,2106.76,754.02,26.36,COD,Express,Delivered,1
79,ORD-100079,20241026,14,37,18,1,3289.88,5.0,3125.39,2111.36,1014.03,32.44,COD,Economy,Delayed,1
80,ORD-100080,20241027,232,9,10,3,331.34,5.0,944.32,633.6,310.72,32.9,Debit Card,Express,Delivered,1
81,ORD-100081,20241027,232,27,10,1,932.39,5.0,885.77,597.87,287.9,32.5,Net Banking,Standard,Delivered,1
82,ORD-100082,20241027,142,19,36,2,1829.22,0.0,3658.44,2331.0,1327.44,36.28,Credit Card,Express,Delivered,1
83,ORD-100083,20241027,67,1,29,1,1701.13,5.0,1616.07,849.5,766.57,47.43,Net Banking,Economy,Delivered,1
84,ORD-100084,20241028,233,2,46,2,501.36,15.0,852.31,658.68,193.63,22.72,COD,Standard,Delivered,1
85,ORD-100085,20241028,232,32,10,1,19885.37,5.0,18891.1,15799.21,3091.89,16.37,Credit Card,Express,Delivered,1
86,ORD-100086,20241028,102,50,41,3,1998.39,15.0,5095.89,3838.08,1257.81,24.68,COD,Standard,Delivered,1
87,ORD-100087,20241028,232,10,10,2,298.97,0.0,597.94,394.68,203.26,33.99,UPI,Economy,Delayed,1
88,ORD-100088,20241029,91,23,38,1,3005.66,10.0,2705.09,1499.5,1205.59,44.57,UPI,Economy,Delivered,1
89,ORD-100089,20241029,232,25,10,2,3170.1,20.0,5072.16,3071.04,2001.12,39.45,COD,Economy,Delivered,1
90,ORD-100090,20241030,232,6,10,1,1800.3,15.0,1530.26,1385.23,145.03,9.48,COD,Standard,Delayed,1
91,ORD-100091,20241030,213,8,6,1,376.43,15.0,319.97,269.8,50.17,15.68,UPI,Express,Delivered,1
92,ORD-100092,20241101,85,44,34,1,546.3,20.0,437.04,378.0,59.04,13.51,Credit Card,Express,Delivered,1
93,ORD-100093,20241101,110,36,24,2,350.5,10.0,630.9,331.2,299.7,47.5,UPI,Same-Day,Delivered,1
94,ORD-100094,20241102,42,41,31,1,898.54,0.0,898.54,683.24,215.3,23.96,UPI,Standard,Delivered,1
95,ORD-100095,20241102,147,41,45,1,910.26,5.0,864.75,683.24,181.51,20.99,Net Banking,Express,Delivered,1
96,ORD-100096,20241102,14,7,18,2,1922.18,0.0,3844.36,2430.72,1413.64,36.77,UPI,Economy,Delivered,1
97,ORD-100097,20241102,36,51,25,2,911.1,25.0,1366.65,791.12,575.53,42.11,UPI,Economy,Delivered,1
98,ORD-100098,20241103,232,30,10,1,2258.82,5.0,2145.88,1793.22,352.66,16.43,COD,Standard,Delayed,1
99,ORD-100099,20241104,37,15,43,1,1888.14,20.0,1510.51,907.2,603.31,39.94,COD,Standard,Delivered,1
100,ORD-100100,20241104,9,39,52,1,1923.91,5.0,1827.71,1462.23,365.48,20.0,Wallet,Standard,Delivered,1
101,ORD-100101,20241104,176,25,48,1,3184.01,15.0,2706.41,1535.52,1170.89,43.26,Debit Card,Economy,Delivered,1
102,ORD-100102,20241105,294,6,1,1,1807.4,25.0,1355.55,1385.23,-29.68,-2.19,UPI,Standard,Delivered,1
103,ORD-100103,20241105,232,52,10,3,394.71,10.0,1065.72,562.59,503.13,47.21,Wallet,Economy,Delivered,1
104,ORD-100104,20241106,176,49,48,1,999.69,20.0,799.75,649.35,150.4,18.81,COD,Standard,Delivered,1
105,ORD-100105,20241106,255,25,48,1,3147.26,10.0,2832.53,1535.52,1297.01,45.79,UPI,Express,Delivered,1
106,ORD-100106,20241106,207,6,8,1,1785.86,0.0,1785.86,1385.23,400.63,22.43,Debit Card,Express,Delivered,1
107,ORD-100107,20241106,277,50,9,2,2001.62,25.0,3002.43,2558.72,443.71,14.78,COD,Express,Delivered,1
108,ORD-100108,20241107,138,13,55,1,489.72,15.0,416.26,304.39,111.87,26.88,COD,Express,Delivered,1
109,ORD-100109,20241108,294,32,1,1,19816.25,5.0,18825.44,15799.21,3026.23,16.08,COD,Standard,Delivered,1
110,ORD-100110,20241109,233,23,46,1,3014.05,0.0,3014.05,1499.5,1514.55,50.25,Credit Card,Express,Delivered,1
111,ORD-100111,20241109,219,46,28,5,379.24,5.0,1801.39,1235.0,566.39,31.44,Credit Card,Economy,Delivered,1
112,ORD-100112,20241109,232,22,10,1,774.77,20.0,619.82,516.8,103.02,16.62,COD,Standard,Delivered,1
113,ORD-100113,20241109,9,1,52,1,1667.56,10.0,1500.8,849.5,651.3,43.4,Credit Card,Standard,Delivered,1
114,ORD-100114,20241110,232,6,10,3,1776.47,10.0,4796.47,4155.69,640.78,13.36,Debit Card,Economy,Delivered,1
115,ORD-100115,20241110,232,19,10,1,1828.92,15.0,1554.58,1165.5,389.08,25.03,COD,Economy,Delivered,1
116,ORD-100116,20241110,79,4,26,1,3484.88,5.0,3310.64,1609.54,1701.1,51.38,UPI,Economy,Delivered,1
117,ORD-100117,20241110,232,26,10,1,13945.89,10.0,12551.3,10919.22,1632.08,13.0,Net Banking,Standard,Delivered,1
118,ORD-100118,20241110,281,31,7,2,482.95,5.0,917.6,672.0,245.6,26.77,Net Banking,Standard,Delivered,1
119,ORD-100119,20241110,37,47,43,1,1422.74,0.0,1422.74,629.55,793.19,55.75,UPI,Standard,Delivered,1
120,ORD-100120,20241110,94,26,33,2,14203.71,10.0,25566.68,21838.44,3728.24,14.58,Debit Card,Same-Day,Delivered,1
121,ORD-100121,20241110,232,14,10,1,990.3,10.0,891.27,689.31,201.96,22.66,UPI,Economy,Delivered,1
122,ORD-100122,20241111,34,14,13,2,1009.0,5.0,1917.1,1378.62,538.48,28.09,Debit Card,Economy,Delivered,1
123,ORD-100123,20241112,232,1,10,1,1713.77,10.0,1542.39,849.5,692.89,44.92,COD,Standard,Delayed,1
124,ORD-100124,20241112,80,8,16,2,385.53,40.0,462.64,539.6,-76.96,-16.63,Credit Card,Express,Delivered,1
125,ORD-100125,20241113,219,45,28,3,493.43,0.0,1480.29,748.5,731.79,49.44,UPI,Economy,Delivered,1
126,ORD-100126,20241113,232,1,10,1,1722.07,15.0,1463.76,849.5,614.26,41.96,Net Banking,Express,Delivered,1
127,ORD-100127,20241113,232,24,10,4,493.04,0.0,1972.16,978.04,994.12,50.41,UPI,Standard,Delivered,1
128,ORD-100128,20241114,168,6,45,1,1786.71,0.0,1786.71,1385.23,401.48,22.47,Credit Card,Express,Delivered,1
129,ORD-100129,20241114,232,16,10,1,2536.34,30.0,1775.44,1184.5,590.94,33.28,Net Banking,Standard,Delivered,1
130,ORD-100130,20241116,232,40,10,1,31591.78,10.0,28432.6,25592.0,2840.6,9.99,COD,Standard,Delivered,1
131,ORD-100131,20241116,232,35,10,1,1706.44,10.0,1535.8,1053.38,482.42,31.41,COD,Economy,Delivered,1
132,ORD-100132,20241116,189,42,21,3,1617.24,10.0,4366.55,3070.08,1296.47,29.69,COD,Same-Day,Returned,0
133,ORD-100133,20241116,60,6,30,1,1827.1,5.0,1735.74,1385.23,350.51,20.19,Credit Card,Standard,Delivered,1
134,ORD-100134,20241117,200,17,55,2,762.66,20.0,1220.26,1094.4,125.86,10.31,Credit Card,Standard,Delivered,1
135,ORD-100135,20241118,298,47,27,1,1375.18,0.0,1375.18,629.55,745.63,54.22,COD,Standard,Cancelled,0
136,ORD-100136,20241118,172,23,8,1,2980.67,20.0,2384.54,1499.5,885.04,37.12,Net Banking,Economy,Returned,0
137,ORD-100137,20241118,232,27,10,1,965.79,20.0,772.63,597.87,174.76,22.62,UPI,Standard,Delivered,1
138,ORD-100138,20241118,68,44,3,1,547.93,30.0,383.55,378.0,5.55,1.45,UPI,Economy,Delivered,1
139,ORD-100139,20241118,17,30,35,1,2258.33,20.0,1806.66,1793.22,13.44,0.74,UPI,Standard,Delivered,1
140,ORD-100140,20241119,241,15,52,1,1902.7,0.0,1902.7,907.2,995.5,52.32,COD,Economy,Delivered,1
141,ORD-100141,20241119,18,7,1,1,1879.22,0.0,1879.22,1215.36,663.86,35.33,UPI,Standard,Delivered,1
142,ORD-100142,20241119,218,25,12,2,3159.01,20.0,5054.42,3071.04,1983.38,39.24,UPI,Express,Delivered,1
143,ORD-100143,20241120,23,41,2,1,911.4,0.0,911.4,683.24,228.16,25.03,COD,Standard,Delivered,1
144,ORD-100144,20241120,232,1,10,1,1727.94,15.0,1468.75,849.5,619.25,42.16,Credit Card,Express,Delivered,1
145,ORD-100145,20241120,189,24,21,2,491.5,10.0,884.7,489.02,395.68,44.72,Credit Card,Standard,Delivered,1
146,ORD-100146,20241121,209,17,49,1,771.83,10.0,694.65,547.2,147.45,21.23,UPI,Express,Delivered,1
147,ORD-100147,20241122,142,1,36,1,1720.87,0.0,1720.87,849.5,871.37,50.64,Net Banking,Same-Day,Delivered,1
148,ORD-100148,20241122,232,36,10,1,348.64,10.0,313.78,165.6,148.18,47.22,COD,Standard,Delivered,1
149,ORD-100149,20241122,291,33,11,1,254.83,20.0,203.86,179.4,24.46,12.0,Credit Card,Standard,Delivered,1
150,ORD-100150,20241122,233,3,46,4,5846.68,5.0,22217.38,15573.36,6644.02,29.9,COD,Economy,Delivered,1
151,ORD-100151,20241123,232,25,10,3,3221.67,0.0,9665.01,4606.56,5058.45,52.34,UPI,Standard,Delayed,1
152,ORD-100152,20241125,70,4,40,3,3441.56,15.0,8775.98,4828.62,3947.36,44.98,UPI,Standard,Delayed,1
153,ORD-100153,20241126,197,40,18,1,31528.47,25.0,23646.35,25592.0,-1945.65,-8.23,COD,Standard,Delivered,1
154,ORD-100154,20241127,232,1,10,2,1689.39,5.0,3209.84,1699.0,1510.84,47.07,Credit Card,Express,Delivered,1
155,ORD-100155,20241127,232,40,10,1,31584.19,0.0,31584.19,25592.0,5992.19,18.97,Net Banking,Economy,Delivered,1
156,ORD-100156,20241128,223,38,35,1,3347.33,10.0,3012.6,1682.49,1330.11,44.15,UPI,Economy,Delivered,1
157,ORD-100157,20241128,142,2,36,4,506.02,0.0,2024.08,1317.36,706.72,34.92,UPI,Standard,Delivered,1
158,ORD-100158,20241129,233,27,46,1,946.39,10.0,851.75,597.87,253.88,29.81,UPI,Standard,Delivered,1
159,ORD-100159,20241130,91,16,38,1,2579.83,15.0,2192.86,1184.5,1008.36,45.98,Credit Card,Express,Delivered,1
160,ORD-100160,20241201,232,23,10,3,2953.97,15.0,7532.62,4498.5,3034.12,40.28,UPI,Standard,Delivered,1
161,ORD-100161,20241201,6,1,21,1,1676.14,5.0,1592.33,849.5,742.83,46.65,Credit Card,Express,Returned,0
162,ORD-100162,20241202,218,28,12,1,587.95,10.0,529.16,299.5,229.66,43.4,COD,Standard,Delivered,1
163,ORD-100163,20241203,232,4,10,2,3440.95,25.0,5161.42,3219.08,1942.34,37.63,Debit Card,Standard,Delayed,1
164,ORD-100164,20241203,99,37,37,4,3262.09,0.0,13048.36,8445.44,4602.92,35.28,Debit Card,Standard,Delivered,1
165,ORD-100165,20241204,14,28,18,1,608.84,10.0,547.96,299.5,248.46,45.34,UPI,Standard,Delivered,1
166,ORD-100166,20241204,86,1,40,1,1679.96,10.0,1511.96,849.5,662.46,43.81,COD,Express,Returned,0
167,ORD-100167,20241204,232,31,10,5,479.12,10.0,2156.04,1680.0,476.04,22.08,Debit Card,Economy,Delivered,1
168,ORD-100168,20241204,232,39,10,1,1896.27,20.0,1517.02,1462.23,54.79,3.61,Net Banking,Standard,Delivered,1
169,ORD-100169,20241205,270,41,3,1,895.69,5.0,850.91,683.24,167.67,19.7,UPI,Express,Delivered,1
170,ORD-100170,20241206,185,43,34,1,900.41,5.0,855.39,566.37,289.02,33.79,COD,Standard,Delivered,1
171,ORD-100171,20241206,232,41,10,1,883.33,10.0,795.0,683.24,111.76,14.06,COD,Economy,Delivered,1
172,ORD-100172,20241206,232,33,10,4,257.66,5.0,979.11,717.6,261.51,26.71,COD,Standard,Cancelled,0
173,ORD-100173,20241206,232,10,10,2,302.79,15.0,514.74,394.68,120.06,23.32,COD,Standard,Returned,0
174,ORD-100174,20241206,15,38,27,2,3246.55,0.0,6493.1,3364.98,3128.12,48.18,UPI,Standard,Delivered,1
175,ORD-100175,20241206,232,10,10,2,303.42,15.0,515.81,394.68,121.13,23.48,Debit Card,Standard,Delivered,1
176,ORD-100176,20241207,259,20,55,1,398.14,15.0,338.42,259.35,79.07,23.36,UPI,Standard,Delivered,1
177,ORD-100177,20241207,224,41,37,1,899.5,15.0,764.58,683.24,81.34,10.64,Net Banking,Standard,Delivered,1
178,ORD-100178,20241208,170,5,41,2,301.72,25.0,452.58,287.04,165.54,36.58,UPI,Standard,Cancelled,0
179,ORD-100179,20241208,189,4,21,1,3502.56,0.0,3502.56,1609.54,1893.02,54.05,UPI,Economy,Delivered,1
180,ORD-100180,20241208,192,15,13,4,1925.27,10.0,6930.97,3628.8,3302.17,47.64,UPI,Economy,Delayed,1
181,ORD-100181,20241210,233,45,46,3,502.78,5.0,1432.92,748.5,684.42,47.76,COD,Standard,Delivered,1
182,ORD-100182,20241211,5,48,14,1,449.23,5.0,426.77,220.01,206.76,48.45,UPI,Standard,Delivered,1
183,ORD-100183,20241211,232,31,10,1,483.08,20.0,386.46,336.0,50.46,13.06,COD,Standard,Delivered,1
184,ORD-100184,20241211,142,1,36,1,1694.38,0.0,1694.38,849.5,844.88,49.86,COD,Express,Delivered,1
185,ORD-100185,20241212,65,44,50,1,542.62,0.0,542.62,378.0,164.62,30.34,Credit Card,Express,Delivered,1
186,ORD-100186,20241212,232,2,10,1,493.17,20.0,394.54,329.34,65.2,16.53,UPI,Economy,Delivered,1
187,ORD-100187,20241213,47,47,37,2,1398.63,25.0,2097.95,1259.1,838.85,39.98,COD,Express,Returned,0
188,ORD-100188,20241214,233,9,46,4,324.13,20.0,1037.22,844.8,192.42,18.55,Credit Card,Standard,Delivered,1
189,ORD-100189,20241214,232,32,10,2,19763.51,15.0,33597.97,31598.42,1999.55,5.95,UPI,Standard,Returned,0
190,ORD-100190,20241214,122,39,23,1,1896.65,0.0,1896.65,1462.23,434.42,22.9,UPI,Standard,Delivered,1
191,ORD-100191,20241214,233,27,46,1,934.09,10.0,840.68,597.87,242.81,28.88,Credit Card,Standard,Delivered,1
192,ORD-100192,20241214,232,37,10,1,3264.27,0.0,3264.27,2111.36,1152.91,35.32,UPI,Standard,Returned,0
193,ORD-100193,20241215,232,30,10,1,2254.64,0.0,2254.64,1793.22,461.42,20.47,UPI,Standard,Delivered,1
194,ORD-100194,20241215,200,41,55,1,893.31,0.0,893.31,683.24,210.07,23.52,UPI,Standard,Delivered,1
195,ORD-100195,20241215,79,25,26,1,3248.53,10.0,2923.68,1535.52,1388.16,47.48,UPI,Economy,Delivered,1
196,ORD-100196,20241215,39,35,46,1,1679.82,0.0,1679.82,1053.38,626.44,37.29,Debit Card,Express,Delivered,1
197,ORD-100197,20241215,95,46,12,4,376.04,15.0,1278.54,988.0,290.54,22.72,Credit Card,Economy,Delivered,1
198,ORD-100198,20241215,232,26,10,1,13914.74,5.0,13219.0,10919.22,2299.78,17.4,COD,Standard,Delivered,1
199,ORD-100199,20241216,233,42,46,1,1624.47,25.0,1218.35,1023.36,194.99,16.0,COD,Economy,Delivered,1
200,ORD-100200,20241216,146,41,3,1,913.84,0.0,913.84,683.24,230.6,25.23,UPI,Economy,Cancelled,0
201,ORD-100201,20241217,232,4,10,2,3462.16,0.0,6924.32,3219.08,3705.24,53.51,COD,Standard,Delayed,1
202,ORD-100202,20241218,200,25,55,1,3228.99,10.0,2906.09,1535.52,1370.57,47.16,UPI,Economy,Delivered,1
203,ORD-100203,20241218,189,51,21,1,895.38,10.0,805.84,395.56,410.28,50.91,Credit Card,Standard,Returned,0
204,ORD-100204,20241219,232,26,10,1,13729.4,0.0,13729.4,10919.22,2810.18,20.47,Net Banking,Standard,Delivered,1
205,ORD-100205,20241220,86,51,40,1,898.39,0.0,898.39,395.56,502.83,55.97,Net Banking,Economy,Delivered,1
206,ORD-100206,20241220,277,21,9,2,709.28,10.0,1276.7,1022.4,254.3,19.92,UPI,Express,Delivered,1
207,ORD-100207,20241220,232,13,10,1,496.81,25.0,372.61,304.39,68.22,18.31,COD,Standard,Delivered,1
208,ORD-100208,20241221,185,43,34,1,903.56,0.0,903.56,566.37,337.19,37.32,Net Banking,Standard,Returned,0
209,ORD-100209,20241222,106,23,50,1,3013.63,25.0,2260.22,1499.5,760.72,33.66,COD,Express,Returned,0
210,ORD-100210,20241222,232,48,10,1,440.36,15.0,374.31,220.01,154.3,41.22,COD,Standard,Delivered,1
211,ORD-100211,20241223,232,49,10,1,1009.01,15.0,857.66,649.35,208.31,24.29,UPI,Economy,Delivered,1
212,ORD-100212,20241224,32,9,43,1,325.75,5.0,309.46,211.2,98.26,31.75,Credit Card,Express,Delivered,1
213,ORD-100213,20241225,96,5,55,2,293.37,10.0,528.07,287.04,241.03,45.64,UPI,Standard,Cancelled,0
214,ORD-100214,20241225,232,11,10,2,420.12,10.0,756.22,529.2,227.02,30.02,UPI,Standard,Delivered,1
215,ORD-100215,20241225,147,13,45,1,500.88,15.0,425.75,304.39,121.36,28.5,Credit Card,Same-Day,Delivered,1
216,ORD-100216,20241226,232,38,10,2,3294.14,10.0,5929.45,3364.98,2564.47,43.25,COD,Standard,Delivered,1
217,ORD-100217,20241228,232,3,10,1,6000.45,10.0,5400.4,3893.34,1507.06,27.91,UPI,Standard,Delivered,1
218,ORD-100218,20241229,253,3,45,2,6001.31,25.0,9001.96,7786.68,1215.28,13.5,UPI,Express,Delivered,1
219,ORD-100219,20241229,200,50,55,1,2009.48,15.0,1708.06,1279.36,428.7,25.1,Credit Card,Standard,Delivered,1
220,ORD-100220,20241229,212,2,44,1,498.59,30.0,349.01,329.34,19.67,5.64,UPI,Standard,Delivered,1
221,ORD-100221,20241230,145,49,44,1,995.28,0.0,995.28,649.35,345.93,34.76,Debit Card,Economy,Delivered,1
222,ORD-100222,20241230,233,44,46,2,530.1,0.0,1060.2,756.0,304.2,28.69,COD,Standard,Delayed,1
223,ORD-100223,20241230,133,48,14,1,444.85,40.0,266.91,220.01,46.9,17.57,COD,Standard,Delivered,1
224,ORD-100224,20241230,284,36,35,2,338.53,0.0,677.06,331.2,345.86,51.08,Net Banking,Economy,Delivered,1
225,ORD-100225,20250103,147,18,45,1,53719.54,0.0,53719.54,42392.0,11327.54,21.09,Credit Card,Same-Day,Delivered,1
226,ORD-100226,20250103,242,52,43,2,396.47,0.0,792.94,375.06,417.88,52.7,COD,Express,Delivered,1
227,ORD-100227,20250103,90,22,8,1,773.4,0.0,773.4,516.8,256.6,33.18,Debit Card,Standard,Delivered,1
228,ORD-100228,20250104,4,38,48,1,3362.72,10.0,3026.45,1682.49,1343.96,44.41,Debit Card,Standard,Returned,0
229,ORD-100229,20250104,113,32,32,1,20078.48,5.0,19074.56,15799.21,3275.35,17.17,COD,Economy,Delivered,1
230,ORD-100230,20250104,28,33,29,2,256.11,10.0,461.0,358.8,102.2,22.17,UPI,Standard,Delivered,1
231,ORD-100231,20250105,233,3,46,2,5831.29,15.0,9913.19,7786.68,2126.51,21.45,UPI,Standard,Delivered,1
232,ORD-100232,20250107,200,5,55,1,293.39,0.0,293.39,143.52,149.87,51.08,Net Banking,Economy,Delivered,1
233,ORD-100233,20250108,138,14,55,3,999.83,15.0,2549.57,2067.93,481.64,18.89,COD,Standard,Delivered,1
234,ORD-100234,20250109,281,32,7,3,20333.02,20.0,48799.25,47397.63,1401.62,2.87,UPI,Standard,Returned,0
235,ORD-100235,20250109,177,40,55,1,32579.68,25.0,24434.76,25592.0,-1157.24,-4.74,COD,Express,Delivered,1
236,ORD-100236,20250109,226,51,47,2,909.87,5.0,1728.75,791.12,937.63,54.24,Credit Card,Express,Returned,0
237,ORD-100237,20250110,190,27,42,1,947.23,20.0,757.78,597.87,159.91,21.1,Credit Card,Same-Day,Delivered,1
238,ORD-100238,20250110,176,3,48,1,5865.67,10.0,5279.1,3893.34,1385.76,26.25,Debit Card,Economy,Delivered,1
239,ORD-100239,20250111,176,14,48,1,981.24,10.0,883.12,689.31,193.81,21.95,Debit Card,Economy,Delivered,1
240,ORD-100240,20250111,232,13,10,3,501.09,10.0,1352.94,913.17,439.77,32.5,Debit Card,Economy,Delivered,1
241,ORD-100241,20250111,102,41,41,1,887.15,10.0,798.44,683.24,115.2,14.43,UPI,Standard,Delivered,1
242,ORD-100242,20250114,219,15,28,1,1874.77,15.0,1593.55,907.2,686.35,43.07,UPI,Standard,Delivered,1
243,ORD-100243,20250114,70,19,40,1,1867.09,0.0,1867.09,1165.5,701.59,37.58,Net Banking,Express,Cancelled,0
244,ORD-100244,20250114,232,1,10,2,1729.26,25.0,2593.89,1699.0,894.89,34.5,Debit Card,Standard,Delivered,1
245,ORD-100245,20250115,232,28,10,1,606.69,10.0,546.02,299.5,246.52,45.15,UPI,Standard,Cancelled,0
246,ORD-100246,20250115,232,35,10,1,1673.42,0.0,1673.42,1053.38,620.04,37.05,Debit Card,Standard,Delivered,1
247,ORD-100247,20250116,200,41,55,1,913.91,10.0,822.52,683.24,139.28,16.93,Credit Card,Express,Delivered,1
248,ORD-100248,20250116,232,42,10,1,1574.06,5.0,1495.36,1023.36,472.0,31.56,COD,Economy,Delivered,1
249,ORD-100249,20250116,7,5,38,1,300.05,15.0,255.04,143.52,111.52,43.73,UPI,Economy,Delivered,1
250,ORD-100250,20250116,200,4,55,1,3518.36,15.0,2990.61,1609.54,1381.07,46.18,UPI,Economy,Delayed,1
251,ORD-100251,20250117,225,37,51,4,3330.72,0.0,13322.88,8445.44,4877.44,36.61,COD,Express,Delivered,1
252,ORD-100252,20250117,85,47,34,4,1380.81,15.0,4694.75,2518.2,2176.55,46.36,UPI,Standard,Delivered,1
253,ORD-100253,20250118,275,28,27,1,604.89,40.0,362.93,299.5,63.43,17.48,Net Banking,Standard,Returned,0
254,ORD-100254,20250118,232,39,10,1,1928.53,0.0,1928.53,1462.23,466.3,24.18,Credit Card,Express,Delivered,1
255,ORD-100255,20250119,268,24,46,1,498.2,5.0,473.29,244.51,228.78,48.34,UPI,Express,Delivered,1
256,ORD-100256,20250119,51,26,38,2,14039.14,5.0,26674.37,21838.44,4835.93,18.13,COD,Standard,Delivered,1
257,ORD-100257,20250120,59,6,22,1,1780.37,0.0,1780.37,1385.23,395.14,22.19,UPI,Same-Day,Delivered,1
258,ORD-100258,20250120,287,40,29,1,31604.85,40.0,18962.91,25592.0,-6629.09,-34.96,UPI,Standard,Delivered,1
259,ORD-100259,20250120,135,12,55,1,13235.61,15.0,11250.27,8709.33,2540.94,22.59,UPI,Economy,Delivered,1
260,ORD-100260,20250120,232,4,10,2,3558.72,10.0,6405.7,3219.08,3186.62,49.75,UPI,Economy,Returned,0
261,ORD-100261,20250121,208,7,19,2,1879.52,25.0,2819.28,2430.72,388.56,13.78,UPI,Express,Delivered,1
262,ORD-100262,20250121,146,37,3,1,3336.02,5.0,3169.22,2111.36,1057.86,33.38,Credit Card,Economy,Returned,0
263,ORD-100263,20250123,104,30,49,1,2340.92,0.0,2340.92,1793.22,547.7,23.4,UPI,Standard,Delivered,1
264,ORD-100264,20250125,91,41,38,1,894.82,30.0,626.37,683.24,-56.87,-9.08,UPI,Standard,Delivered,1
265,ORD-100265,20250125,244,1,27,2,1679.67,0.0,3359.34,1699.0,1660.34,49.42,COD,Standard,Delivered,1
266,ORD-100266,20250126,291,39,11,1,1861.82,0.0,1861.82,1462.23,399.59,21.46,Debit Card,Economy,Delivered,1
267,ORD-100267,20250126,179,38,6,1,3284.3,0.0,3284.3,1682.49,1601.81,48.77,COD,Standard,Delivered,1
268,ORD-100268,20250127,33,12,49,1,13009.24,0.0,13009.24,8709.33,4299.91,33.05,Credit Card,Economy,Delivered,1
269,ORD-100269,20250128,281,7,7,1,1929.35,30.0,1350.54,1215.36,135.18,10.01,COD,Standard,Returned,0
270,ORD-100270,20250130,224,14,37,5,1009.99,15.0,4292.46,3446.55,845.91,19.71,Net Banking,Economy,Delivered,1
271,ORD-100271,20250131,134,17,53,2,746.7,5.0,1418.73,1094.4,324.33,22.86,Credit Card,Same-Day,Delivered,1
272,ORD-100272,20250131,232,49,10,1,991.13,15.0,842.46,649.35,193.11,22.92,COD,Standard,Delivered,1
273,ORD-100273,20250131,232,28,10,1,603.12,15.0,512.65,299.5,213.15,41.58,UPI,Express,Delivered,1
274,ORD-100274,20250201,186,26,43,1,13810.64,10.0,12429.58,10919.22,1510.36,12.15,Debit Card,Express,Delivered,1
275,ORD-100275,20250202,281,16,7,2,2615.03,10.0,4707.05,2369.0,2338.05,49.67,COD,Standard,Delivered,1
276,ORD-100276,20250202,187,30,12,1,2281.95,0.0,2281.95,1793.22,488.73,21.42,COD,Standard,Delivered,1
277,ORD-100277,20250202,281,6,7,1,1794.85,15.0,1525.62,1385.23,140.39,9.2,UPI,Standard,Delivered,1
278,ORD-100278,20250202,181,1,16,4,1691.28,5.0,6426.86,3398.0,3028.86,47.13,Credit Card,Express,Returned,0
279,ORD-100279,20250203,217,38,55,2,3351.83,15.0,5698.11,3364.98,2333.13,40.95,UPI,Standard,Cancelled,0
280,ORD-100280,20250204,92,21,52,3,730.6,10.0,1972.62,1533.6,439.02,22.26,COD,Standard,Delivered,1
281,ORD-100281,20250205,77,39,50,1,1872.32,20.0,1497.86,1462.23,35.63,2.38,Credit Card,Standard,Delivered,1
282,ORD-100282,20250205,59,12,22,1,12847.72,20.0,10278.18,8709.33,1568.85,15.26,COD,Standard,Delivered,1
283,ORD-100283,20250205,200,15,55,2,1899.99,10.0,3419.98,1814.4,1605.58,46.95,UPI,Economy,Delivered,1
284,ORD-100284,20250206,232,39,10,1,1912.48,10.0,1721.23,1462.23,259.0,15.05,COD,Standard,Delivered,1
285,ORD-100285,20250207,214,39,54,1,1874.21,15.0,1593.08,1462.23,130.85,8.21,Net Banking,Economy,Delivered,1
286,ORD-100286,20250208,230,3,37,4,5843.81,20.0,18700.19,15573.36,3126.83,16.72,Credit Card,Standard,Delivered,1
287,ORD-100287,20250208,176,5,48,1,298.32,10.0,268.49,143.52,124.97,46.55,COD,Standard,Delivered,1
288,ORD-100288,20250208,147,3,45,1,5968.91,10.0,5372.02,3893.34,1478.68,27.53,COD,Standard,Delivered,1
289,ORD-100289,20250209,171,30,28,1,2280.54,15.0,1938.46,1793.22,145.24,7.49,UPI,Express,Delivered,1
290,ORD-100290,20250209,29,41,15,1,912.88,20.0,730.3,683.24,47.06,6.44,COD,Economy,Delayed,1
291,ORD-100291,20250209,142,50,36,1,1985.91,10.0,1787.32,1279.36,507.96,28.42,UPI,Standard,Delivered,1
292,ORD-100292,20250209,182,14,7,2,986.25,15.0,1676.62,1378.62,298.0,17.77,UPI,Standard,Delivered,1
293,ORD-100293,20250210,232,48,10,2,446.82,30.0,625.55,440.02,185.53,29.66,COD,Standard,Delivered,1
294,ORD-100294,20250210,17,51,35,2,888.15,0.0,1776.3,791.12,985.18,55.46,Wallet,Standard,Delivered,1
295,ORD-100295,20250210,241,38,52,1,3239.56,0.0,3239.56,1682.49,1557.07,48.06,UPI,Standard,Delivered,1
296,ORD-100296,20250210,233,41,46,1,889.31,15.0,755.91,683.24,72.67,9.61,Wallet,Standard,Delivered,1
297,ORD-100297,20250211,176,10,48,2,301.42,20.0,482.27,394.68,87.59,18.16,UPI,Standard,Cancelled,0
298,ORD-100298,20250211,232,16,10,1,2569.76,20.0,2055.81,1184.5,871.31,42.38,Debit Card,Standard,Delivered,1
299,ORD-100299,20250213,84,16,23,1,2600.71,15.0,2210.6,1184.5,1026.1,46.42,Net Banking,Standard,Delivered,1
300,ORD-100300,20250213,15,20,27,1,395.31,10.0,355.78,259.35,96.43,27.1,COD,Express,Cancelled,0
301,ORD-100301,20250213,232,26,10,1,13852.41,5.0,13159.79,10919.22,2240.57,17.03,Credit Card,Economy,Delivered,1
302,ORD-100302,20250213,232,40,10,1,32582.4,15.0,27695.04,25592.0,2103.04,7.59,Wallet,Economy,Delivered,1
303,ORD-100303,20250213,233,45,46,1,500.19,5.0,475.18,249.5,225.68,47.49,UPI,Economy,Delivered,1
304,ORD-100304,20250213,46,43,27,1,884.29,20.0,707.43,566.37,141.06,19.94,Net Banking,Standard,Delivered,1
305,ORD-100305,20250214,219,35,28,2,1707.65,10.0,3073.77,2106.76,967.01,31.46,COD,Standard,Delivered,1
306,ORD-100306,20250214,219,5,28,2,293.98,5.0,558.56,287.04,271.52,48.61,COD,Express,Delivered,1
307,ORD-100307,20250215,232,38,10,1,3355.12,25.0,2516.34,1682.49,833.85,33.14,Debit Card,Express,Delivered,1
308,ORD-100308,20250216,44,45,36,4,500.18,5.0,1900.68,998.0,902.68,47.49,Credit Card,Economy,Delivered,1
309,ORD-100309,20250216,275,28,27,1,604.84,20.0,483.87,299.5,184.37,38.1,UPI,Standard,Delivered,1
310,ORD-100310,20250216,207,25,8,1,3171.52,10.0,2854.37,1535.52,1318.85,46.2,UPI,Standard,Delivered,1
311,ORD-100311,20250217,132,24,30,1,497.07,15.0,422.51,244.51,178.0,42.13,UPI,Economy,Delivered,1
312,ORD-100312,20250218,77,28,50,1,604.93,10.0,544.44,299.5,244.94,44.99,Credit Card,Express,Delivered,1
313,ORD-100313,20250219,232,20,10,3,391.98,5.0,1117.14,778.05,339.09,30.35,COD,Standard,Cancelled,0
314,ORD-100314,20250219,25,50,33,3,1999.15,10.0,5397.71,3838.08,1559.63,28.89,UPI,Standard,Delivered,1
315,ORD-100315,20250220,84,51,23,1,887.39,15.0,754.28,395.56,358.72,47.56,Net Banking,Standard,Returned,0
316,ORD-100316,20250220,96,12,55,1,13138.93,25.0,9854.2,8709.33,1144.87,11.62,Credit Card,Standard,Delivered,1
317,ORD-100317,20250221,232,6,10,1,1797.18,5.0,1707.32,1385.23,322.09,18.87,COD,Economy,Delayed,1
318,ORD-100318,20250221,252,41,16,1,902.79,0.0,902.79,683.24,219.55,24.32,COD,Standard,Delivered,1
319,ORD-100319,20250222,209,52,49,1,394.23,5.0,374.52,187.53,186.99,49.93,Credit Card,Standard,Delivered,1
320,ORD-100320,20250222,281,31,7,5,475.89,0.0,2379.45,1680.0,699.45,29.4,UPI,Standard,Delivered,1
321,ORD-100321,20250223,38,14,8,2,1016.17,30.0,1422.64,1378.62,44.02,3.09,UPI,Standard,Delayed,1
322,ORD-100322,20250223,91,15,38,1,1903.43,0.0,1903.43,907.2,996.23,52.34,COD,Standard,Delivered,1
323,ORD-100323,20250223,165,42,27,1,1613.35,0.0,1613.35,1023.36,589.99,36.57,COD,Standard,Delivered,1
324,ORD-100324,20250223,232,19,10,1,1844.74,10.0,1660.27,1165.5,494.77,29.8,Debit Card,Express,Delivered,1
325,ORD-100325,20250223,3,45,48,1,496.19,20.0,396.95,249.5,147.45,37.15,Credit Card,Economy,Delivered,1
326,ORD-100326,20250224,232,30,10,2,2289.3,20.0,3662.88,3586.44,76.44,2.09,UPI,Standard,Delivered,1
327,ORD-100327,20250224,207,6,8,2,1804.13,15.0,3067.02,2770.46,296.56,9.67,Debit Card,Economy,Delivered,1
328,ORD-100329,20250224,28,1,29,2,1679.14,20.0,2686.62,1699.0,987.62,36.76,COD,Standard,Delivered,1
329,ORD-100330,20250225,233,51,46,1,906.9,5.0,861.56,395.56,466.0,54.09,Net Banking,Standard,Returned,0
330,ORD-100331,20250225,232,26,10,1,13846.25,10.0,12461.62,10919.22,1542.4,12.38,COD,Economy,Delivered,1
331,ORD-100332,20250225,237,4,16,1,3476.5,10.0,3128.85,1609.54,1519.31,48.56,Credit Card,Express,Delivered,1
332,ORD-100333,20250227,133,18,14,1,53425.27,5.0,50754.01,42392.0,8362.01,16.48,Credit Card,Standard,Delivered,1
333,ORD-100334,20250227,154,12,52,2,12757.3,10.0,22963.14,17418.66,5544.48,24.15,COD,Express,Delivered,1
334,ORD-100335,20250228,170,13,41,1,489.1,0.0,489.1,304.39,184.71,37.77,Credit Card,Express,Returned,0
335,ORD-100336,20250228,232,45,10,1,506.76,10.0,456.08,249.5,206.58,45.29,UPI,Standard,Returned,0
336,ORD-100337,20250301,166,48,3,2,453.26,25.0,679.89,440.02,239.87,35.28,Credit Card,Standard,Delivered,1
337,ORD-100338,20250301,104,5,49,1,299.22,10.0,269.3,143.52,125.78,46.71,UPI,Economy,Delivered,1
338,ORD-100339,20250302,189,32,21,2,19971.17,0.0,39942.34,31598.42,8343.92,20.89,Credit Card,Standard,Delivered,1
339,ORD-100340,20250302,255,20,48,2,399.95,10.0,719.91,518.7,201.21,27.95,Net Banking,Standard,Returned,0
340,ORD-100341,20250303,218,37,12,2,3239.6,15.0,5507.32,4222.72,1284.6,23.33,COD,Express,Delivered,1
341,ORD-100342,20250304,232,47,10,1,1378.76,10.0,1240.88,629.55,611.33,49.27,Debit Card,Standard,Delivered,1
342,ORD-100343,20250304,229,1,15,2,1728.98,25.0,2593.47,1699.0,894.47,34.49,Debit Card,Standard,Delivered,1
343,ORD-100344,20250304,199,40,50,1,32231.02,10.0,29007.92,25592.0,3415.92,11.78,UPI,Economy,Delivered,1
344,ORD-100345,20250305,100,6,19,1,1804.74,15.0,1534.03,1385.23,148.8,9.7,UPI,Standard,Delivered,1
345,ORD-100346,20250305,209,14,49,4,1011.96,10.0,3643.06,2757.24,885.82,24.32,UPI,Same-Day,Delivered,1
346,ORD-100347,20250305,232,52,10,2,399.14,0.0,798.28,375.06,423.22,53.02,Debit Card,Economy,Delivered,1
347,ORD-100348,20250307,41,8,46,3,386.57,20.0,927.77,809.4,118.37,12.76,COD,Express,Delivered,1
348,ORD-100349,20250308,146,42,3,1,1628.56,5.0,1547.13,1023.36,523.77,33.85,COD,Standard,Delivered,1
349,ORD-100350,20250309,232,9,10,1,328.55,0.0,328.55,211.2,117.35,35.72,Net Banking,Standard,Delivered,1
350,ORD-100351,20250309,128,52,32,2,402.91,10.0,725.24,375.06,350.18,48.28,UPI,Economy,Delivered,1
351,ORD-100352,20250309,204,49,45,1,1013.19,10.0,911.87,649.35,262.52,28.79,UPI,Standard,Delivered,1
352,ORD-100353,20250309,232,30,10,1,2320.65,40.0,1392.39,1793.22,-400.83,-28.79,Net Banking,Standard,Delivered,1
353,ORD-100354,20250310,145,13,44,2,493.69,0.0,987.38,608.78,378.6,38.34,COD,Standard,Delivered,1
354,ORD-100355,20250311,297,39,3,1,1893.49,15.0,1609.47,1462.23,147.24,9.15,UPI,Standard,Delivered,1
355,ORD-100356,20250312,292,37,40,1,3297.1,15.0,2802.54,2111.36,691.18,24.66,UPI,Express,Delivered,1
356,ORD-100357,20250314,232,37,10,2,3233.66,25.0,4850.49,4222.72,627.77,12.94,UPI,Economy,Delivered,1
357,ORD-100358,20250314,233,48,46,1,448.59,20.0,358.87,220.01,138.86,38.69,COD,Standard,Delivered,1
358,ORD-100359,20250315,179,32,6,1,20022.51,10.0,18020.26,15799.21,2221.05,12.33,COD,Economy,Delivered,1
359,ORD-100360,20250316,106,21,50,3,715.86,5.0,2040.2,1533.6,506.6,24.83,COD,Standard,Delivered,1
360,ORD-100361,20250316,232,18,10,1,53895.08,15.0,45810.82,42392.0,3418.82,7.46,UPI,Standard,Delivered,1
361,ORD-100362,20250319,94,35,33,1,1720.22,25.0,1290.16,1053.38,236.78,18.35,UPI,Standard,Delivered,1
362,ORD-100363,20250320,106,49,50,2,994.29,5.0,1889.15,1298.7,590.45,31.25,COD,Economy,Delivered,1
363,ORD-100364,20250322,6,19,21,1,1816.96,10.0,1635.26,1165.5,469.76,28.73,UPI,Standard,Delivered,1
364,ORD-100365,20250322,11,17,20,1,762.83,10.0,686.55,547.2,139.35,20.3,UPI,Express,Delivered,1
365,ORD-100366,20250322,232,50,10,1,2015.86,30.0,1411.1,1279.36,131.74,9.34,COD,Express,Delivered,1
366,ORD-100367,20250322,24,26,23,1,14216.01,15.0,12083.61,10919.22,1164.39,9.64,Credit Card,Standard,Delivered,1
367,ORD-100368,20250322,101,27,29,1,966.8,25.0,725.1,597.87,127.23,17.55,COD,Standard,Delivered,1
368,ORD-100369,20250323,232,13,10,2,497.29,0.0,994.58,608.78,385.8,38.79,UPI,Standard,Delivered,1
369,ORD-100370,20250323,200,8,55,1,374.95,5.0,356.2,269.8,86.4,24.26,UPI,Express,Delivered,1
370,ORD-100371,20250324,232,19,10,2,1839.1,5.0,3494.29,2331.0,1163.29,33.29,Credit Card,Economy,Delivered,1
371,ORD-100372,20250324,232,17,10,1,770.78,20.0,616.62,547.2,69.42,11.26,UPI,Standard,Delivered,1
372,ORD-100373,20250324,175,29,19,1,498.11,15.0,423.39,309.38,114.01,26.93,Net Banking,Express,Delivered,1
373,ORD-100374,20250324,122,4,23,1,3525.6,5.0,3349.32,1609.54,1739.78,51.94,UPI,Economy,Delivered,1
374,ORD-100375,20250326,91,45,38,1,489.33,0.0,489.33,249.5,239.83,49.01,Net Banking,Standard,Delivered,1
375,ORD-100376,20250327,241,40,52,2,31444.0,25.0,47166.0,51184.0,-4018.0,-8.52,UPI,Standard,Delivered,1
376,ORD-100377,20250327,218,7,12,2,1891.54,0.0,3783.08,2430.72,1352.36,35.75,COD,Standard,Delayed,1
377,ORD-100378,20250327,186,30,43,1,2276.87,15.0,1935.34,1793.22,142.12,7.34,Credit Card,Economy,Delivered,1
378,ORD-100379,20250328,232,46,10,1,385.52,5.0,366.24,247.0,119.24,32.56,Debit Card,Standard,Delayed,1
379,ORD-100380,20250328,56,34,31,1,423.16,20.0,338.53,264.6,73.93,21.84,COD,Express,Delivered,1
380,ORD-100381,20250328,219,33,28,1,259.66,5.0,246.68,179.4,67.28,27.27,Credit Card,Economy,Delivered,1
381,ORD-100382,20250328,232,35,10,1,1696.29,0.0,1696.29,1053.38,642.91,37.9,UPI,Standard,Delivered,1
382,ORD-100383,20250328,176,49,48,1,994.53,5.0,944.8,649.35,295.45,31.27,COD,Standard,Delivered,1
383,ORD-100384,20250329,91,39,38,3,1877.84,20.0,4506.82,4386.69,120.13,2.67,UPI,Economy,Delivered,1
384,ORD-100385,20250330,176,42,48,1,1583.51,10.0,1425.16,1023.36,401.8,28.19,Credit Card,Standard,Delivered,1
385,ORD-100386,20250401,232,24,10,1,494.67,0.0,494.67,244.51,250.16,50.57,Wallet,Standard,Delivered,1
386,ORD-100387,20250401,106,3,50,1,5854.07,5.0,5561.37,3893.34,1668.03,29.99,COD,Standard,Delivered,1
387,ORD-100388,20250402,100,34,19,1,428.37,40.0,257.02,264.6,-7.58,-2.95,UPI,Express,Delivered,1
388,ORD-100389,20250404,232,36,10,1,351.48,15.0,298.76,165.6,133.16,44.57,UPI,Express,Delivered,1
389,ORD-100390,20250404,233,30,46,1,2281.62,5.0,2167.54,1793.22,374.32,17.27,UPI,Standard,Delivered,1
390,ORD-100391,20250406,111,44,37,2,546.14,10.0,983.05,756.0,227.05,23.1,UPI,Standard,Delivered,1
391,ORD-100392,20250406,248,49,15,1,1009.08,25.0,756.81,649.35,107.46,14.2,Credit Card,Standard,Delivered,1
392,ORD-100393,20250406,132,18,30,2,52348.71,40.0,62818.45,84784.0,-21965.55,-34.97,COD,Economy,Delivered,1
393,ORD-100394,20250407,121,27,52,1,931.78,15.0,792.01,597.87,194.14,24.51,Net Banking,Economy,Delivered,1
394,ORD-100395,20250409,210,39,24,1,1910.82,0.0,1910.82,1462.23,448.59,23.48,UPI,Standard,Delivered,1
395,ORD-100396,20250410,102,42,41,1,1613.77,5.0,1533.08,1023.36,509.72,33.25,COD,Express,Delivered,1
396,ORD-100397,20250410,157,49,42,1,1003.44,15.0,852.92,649.35,203.57,23.87,UPI,Standard,Delivered,1
397,ORD-100398,20250411,119,13,18,2,495.93,20.0,793.49,608.78,184.71,23.28,UPI,Express,Delivered,1
398,ORD-100399,20250412,142,36,36,1,343.59,5.0,326.41,165.6,160.81,49.27,Wallet,Same-Day,Delivered,1
399,ORD-100400,20250412,232,49,10,1,997.86,0.0,997.86,649.35,348.51,34.93,UPI,Standard,Delivered,1
400,ORD-100401,20250412,109,39,20,1,1918.56,20.0,1534.85,1462.23,72.62,4.73,COD,Standard,Delivered,1
401,ORD-100402,20250412,147,19,45,1,1867.34,15.0,1587.24,1165.5,421.74,26.57,COD,Same-Day,Delivered,1
402,ORD-100403,20250413,209,38,49,1,3290.9,20.0,2632.72,1682.49,950.23,36.09,Credit Card,Economy,Delivered,1
403,ORD-100404,20250413,275,12,27,1,13183.2,20.0,10546.56,8709.33,1837.23,17.42,UPI,Express,Delivered,1
404,ORD-100405,20250414,232,41,10,1,916.02,10.0,824.42,683.24,141.18,17.12,Debit Card,Economy,Delivered,1
405,ORD-100406,20250416,176,43,48,1,901.5,5.0,856.42,566.37,290.05,33.87,Debit Card,Express,Delayed,1
406,ORD-100407,20250417,241,47,52,3,1391.6,0.0,4174.8,1888.65,2286.15,54.76,COD,Express,Delivered,1
407,ORD-100408,20250418,232,34,10,3,411.98,10.0,1112.35,793.8,318.55,28.64,COD,Economy,Delivered,1
408,ORD-100409,20250418,96,27,55,1,936.44,5.0,889.62,597.87,291.75,32.79,Credit Card,Economy,Delivered,1
409,ORD-100410,20250418,273,48,47,1,444.58,40.0,266.75,220.01,46.74,17.52,Wallet,Economy,Delivered,1
410,ORD-100411,20250418,189,1,21,2,1692.8,5.0,3216.32,1699.0,1517.32,47.18,Debit Card,Same-Day,Delivered,1
411,ORD-100412,20250418,255,42,48,1,1624.31,0.0,1624.31,1023.36,600.95,37.0,UPI,Express,Delivered,1
412,ORD-100413,20250418,241,39,52,1,1893.8,20.0,1515.04,1462.23,52.81,3.49,Wallet,Standard,Delivered,1
413,ORD-100414,20250419,219,32,28,2,20021.0,20.0,32033.6,31598.42,435.18,1.36,COD,Economy,Delivered,1
414,ORD-100415,20250419,142,3,36,1,6007.98,10.0,5407.18,3893.34,1513.84,28.0,UPI,Standard,Delivered,1
415,ORD-100416,20250419,103,13,15,2,495.99,30.0,694.39,608.78,85.61,12.33,COD,Standard,Delivered,1
416,ORD-100417,20250420,232,38,10,2,3242.52,5.0,6160.79,3364.98,2795.81,45.38,COD,Standard,Delivered,1
417,ORD-100418,20250420,147,39,45,1,1919.56,5.0,1823.58,1462.23,361.35,19.82,UPI,Standard,Delayed,1
418,ORD-100419,20250421,146,24,3,1,495.42,25.0,371.56,244.51,127.05,34.19,UPI,Standard,Delivered,1
419,ORD-100420,20250421,232,32,10,1,20193.26,10.0,18173.93,15799.21,2374.72,13.07,UPI,Express,Delivered,1
420,ORD-100421,20250422,233,27,46,1,932.16,0.0,932.16,597.87,334.29,35.86,Wallet,Economy,Delivered,1
421,ORD-100422,20250422,199,41,50,3,886.15,10.0,2392.6,2049.72,342.88,14.33,COD,Standard,Delivered,1
422,ORD-100423,20250422,90,39,8,1,1908.08,15.0,1621.87,1462.23,159.64,9.84,COD,Standard,Delivered,1
423,ORD-100424,20250424,232,40,10,1,32610.5,0.0,32610.5,25592.0,7018.5,21.52,COD,Express,Returned,0
424,ORD-100425,20250424,67,48,29,1,444.86,15.0,378.13,220.01,158.12,41.82,UPI,Express,Delivered,1
425,ORD-100426,20250426,12,40,5,2,32008.77,10.0,57615.79,51184.0,6431.79,11.16,COD,Standard,Delivered,1
426,ORD-100427,20250426,219,42,28,1,1583.84,0.0,1583.84,1023.36,560.48,35.39,UPI,Standard,Delivered,1
427,ORD-100428,20250426,154,16,52,1,2603.63,20.0,2082.9,1184.5,898.4,43.13,Debit Card,Standard,Delivered,1
428,ORD-100429,20250426,232,50,10,1,1986.89,15.0,1688.86,1279.36,409.5,24.25,UPI,Express,Delivered,1
429,ORD-100430,20250428,128,35,32,2,1720.25,0.0,3440.5,2106.76,1333.74,38.77,UPI,Standard,Delivered,1
430,ORD-100431,20250429,232,28,10,1,598.26,10.0,538.43,299.5,238.93,44.38,Debit Card,Standard,Delivered,1
431,ORD-100432,20250430,65,4,50,1,3441.55,10.0,3097.4,1609.54,1487.86,48.04,UPI,Standard,Delivered,1
432,ORD-100433,20250501,69,24,13,2,494.99,0.0,989.98,489.02,500.96,50.6,UPI,Standard,Delayed,1
433,ORD-100434,20250501,73,39,17,1,1872.3,10.0,1685.07,1462.23,222.84,13.22,Debit Card,Standard,Delivered,1
434,ORD-100435,20250502,232,12,10,2,12851.4,0.0,25702.8,17418.66,8284.14,32.23,Credit Card,Economy,Delivered,1
435,ORD-100436,20250502,232,49,10,2,979.24,0.0,1958.48,1298.7,659.78,33.69,COD,Economy,Delivered,1
436,ORD-100437,20250503,254,44,3,4,545.88,20.0,1746.82,1512.0,234.82,13.44,COD,Express,Delivered,1
437,ORD-100438,20250503,233,18,46,2,52902.35,15.0,89934.0,84784.0,5150.0,5.73,Credit Card,Express,Delivered,1
438,ORD-100439,20250503,178,9,37,5,327.63,40.0,982.89,1056.0,-73.11,-7.44,COD,Standard,Delayed,1
439,ORD-100440,20250503,14,29,18,1,506.35,20.0,405.08,309.38,95.7,23.62,COD,Standard,Delivered,1
440,ORD-100441,20250504,232,4,10,1,3431.83,10.0,3088.65,1609.54,1479.11,47.89,COD,Economy,Delivered,1
441,ORD-100442,20250504,142,35,36,1,1671.48,0.0,1671.48,1053.38,618.1,36.98,UPI,Same-Day,Delivered,1
442,ORD-100443,20250505,172,51,8,3,910.26,30.0,1911.55,1186.68,724.87,37.92,COD,Economy,Delivered,1
443,ORD-100444,20250506,52,45,17,1,494.44,0.0,494.44,249.5,244.94,49.54,Net Banking,Standard,Delivered,1
444,ORD-100445,20250506,54,46,56,1,380.1,30.0,266.07,247.0,19.07,7.17,UPI,Standard,Delivered,1
445,ORD-100446,20250507,10,16,11,1,2614.52,10.0,2353.07,1184.5,1168.57,49.66,UPI,Express,Delivered,1
446,ORD-100447,20250510,74,46,40,3,379.82,5.0,1082.49,741.0,341.49,31.55,Debit Card,Standard,Delivered,1
447,ORD-100448,20250511,234,51,7,2,904.67,30.0,1266.54,791.12,475.42,37.54,COD,Economy,Returned,0
448,ORD-100449,20250512,232,1,10,2,1694.07,5.0,3218.73,1699.0,1519.73,47.22,UPI,Economy,Delayed,1
449,ORD-100450,20250512,268,3,46,1,5789.66,0.0,5789.66,3893.34,1896.32,32.75,COD,Economy,Delayed,1
450,ORD-100451,20250513,91,29,38,2,497.36,15.0,845.51,618.76,226.75,26.82,COD,Standard,Delivered,1
451,ORD-100452,20250513,200,10,55,2,294.28,10.0,529.7,394.68,135.02,25.49,Credit Card,Economy,Delivered,1
452,ORD-100453,20250514,51,25,38,2,3204.45,0.0,6408.9,3071.04,3337.86,52.08,Debit Card,Economy,Delivered,1
453,ORD-100454,20250515,97,36,11,1,342.14,5.0,325.03,165.6,159.43,49.05,UPI,Economy,Returned,0
454,ORD-100455,20250515,232,33,10,1,264.69,15.0,224.99,179.4,45.59,20.26,COD,Standard,Delivered,1
455,ORD-100456,20250516,232,51,10,3,898.57,15.0,2291.35,1186.68,1104.67,48.21,COD,Standard,Delivered,1
456,ORD-100457,20250516,232,52,10,2,398.83,5.0,757.78,375.06,382.72,50.51,UPI,Economy,Delivered,1
457,ORD-100458,20250516,232,49,10,3,980.93,20.0,2354.23,1948.05,406.18,17.25,Wallet,Economy,Delayed,1
458,ORD-100459,20250517,174,4,37,1,3531.87,5.0,3355.28,1609.54,1745.74,52.03,UPI,Economy,Delivered,1
459,ORD-100460,20250517,232,29,10,2,505.94,20.0,809.5,618.76,190.74,23.56,COD,Economy,Delivered,1
460,ORD-100461,20250518,172,47,8,3,1418.06,10.0,3828.76,1888.65,1940.11,50.67,UPI,Standard,Delivered,1
461,ORD-100462,20250520,179,12,6,4,12837.55,15.0,43647.67,34837.32,8810.35,20.19,UPI,Standard,Delivered,1
462,ORD-100463,20250520,158,45,56,1,491.93,10.0,442.74,249.5,193.24,43.65,UPI,Standard,Delivered,1
463,ORD-100464,20250520,233,3,46,3,5978.72,25.0,13452.12,11680.02,1772.1,13.17,COD,Express,Returned,0
464,ORD-100465,20250521,185,3,34,3,6010.93,0.0,18032.79,11680.02,6352.77,35.23,UPI,Express,Delivered,1
465,ORD-100466,20250521,106,48,50,1,448.7,15.0,381.4,220.01,161.39,42.32,COD,Express,Delivered,1
466,ORD-100467,20250521,232,37,10,2,3339.64,0.0,6679.28,4222.72,2456.56,36.78,UPI,Standard,Delivered,1
467,ORD-100468,20250522,53,8,32,2,385.2,5.0,731.88,539.6,192.28,26.27,UPI,Standard,Delivered,1
468,ORD-100469,20250522,252,45,16,2,497.31,20.0,795.7,499.0,296.7,37.29,UPI,Standard,Delivered,1
469,ORD-100470,20250522,221,2,1,2,507.67,10.0,913.81,658.68,255.13,27.92,UPI,Standard,Delayed,1
470,ORD-100471,20250523,232,39,10,1,1903.22,15.0,1617.74,1462.23,155.51,9.61,Credit Card,Standard,Delivered,1
471,ORD-100472,20250524,27,52,1,2,400.11,15.0,680.19,375.06,305.13,44.86,UPI,Economy,Delivered,1
472,ORD-100473,20250524,55,41,49,1,911.4,25.0,683.55,683.24,0.31,0.05,UPI,Standard,Delivered,1
473,ORD-100474,20250525,236,18,25,1,53402.96,20.0,42722.37,42392.0,330.37,0.77,UPI,Express,Delivered,1
474,ORD-100475,20250525,6,39,21,1,1885.84,10.0,1697.26,1462.23,235.03,13.85,UPI,Standard,Delivered,1
475,ORD-100476,20250527,168,26,45,1,13798.61,15.0,11728.82,10919.22,809.6,6.9,UPI,Express,Delivered,1
476,ORD-100477,20250527,215,18,20,1,53897.9,0.0,53897.9,42392.0,11505.9,21.35,Credit Card,Standard,Delivered,1
477,ORD-100478,20250527,102,44,41,1,549.93,5.0,522.43,378.0,144.43,27.65,UPI,Economy,Delivered,1
478,ORD-100479,20250527,232,42,10,2,1604.11,0.0,3208.22,2046.72,1161.5,36.2,Net Banking,Express,Delivered,1
479,ORD-100480,20250527,294,46,1,1,379.16,0.0,379.16,247.0,132.16,34.86,UPI,Economy,Delivered,1
480,ORD-100481,20250527,15,49,27,2,1014.56,10.0,1826.21,1298.7,527.51,28.89,Debit Card,Standard,Delivered,1
481,ORD-100482,20250527,176,24,48,1,489.31,0.0,489.31,244.51,244.8,50.03,Debit Card,Economy,Delivered,1
482,ORD-100483,20250528,232,20,10,2,403.6,20.0,645.76,518.7,127.06,19.68,Net Banking,Standard,Delivered,1
483,ORD-100484,20250528,224,50,37,1,2032.88,0.0,2032.88,1279.36,753.52,37.07,COD,Standard,Delivered,1
484,ORD-100485,20250529,142,35,36,3,1708.0,5.0,4867.8,3160.14,1707.66,35.08,Credit Card,Express,Delivered,1
485,ORD-100486,20250529,189,47,21,2,1399.02,15.0,2378.33,1259.1,1119.23,47.06,UPI,Express,Delivered,1
486,ORD-100487,20250601,232,52,10,3,394.27,0.0,1182.81,562.59,620.22,52.44,COD,Standard,Delivered,1
487,ORD-100488,20250601,118,25,22,2,3193.1,15.0,5428.27,3071.04,2357.23,43.43,UPI,Express,Returned,0
488,ORD-100489,20250602,64,1,15,1,1722.41,0.0,1722.41,849.5,872.91,50.68,Credit Card,Standard,Delivered,1
489,ORD-100490,20250603,91,42,38,1,1604.54,15.0,1363.86,1023.36,340.5,24.97,Net Banking,Express,Delivered,1
490,ORD-100491,20250604,144,34,31,2,423.62,10.0,762.52,529.2,233.32,30.6,COD,Economy,Delivered,1
491,ORD-100492,20250604,232,37,10,1,3286.49,0.0,3286.49,2111.36,1175.13,35.76,COD,Express,Cancelled,0
492,ORD-100493,20250605,232,28,10,1,608.72,20.0,486.98,299.5,187.48,38.5,Credit Card,Standard,Delivered,1
493,ORD-100494,20250606,232,24,10,1,502.6,20.0,402.08,244.51,157.57,39.19,UPI,Economy,Delivered,1
494,ORD-100495,20250606,128,43,32,1,904.24,5.0,859.03,566.37,292.66,34.07,COD,Standard,Delivered,1
495,ORD-100496,20250611,145,35,44,1,1709.97,25.0,1282.48,1053.38,229.1,17.86,Credit Card,Standard,Delivered,1
496,ORD-100497,20250611,172,49,8,1,993.99,0.0,993.99,649.35,344.64,34.67,Credit Card,Economy,Delivered,1
497,ORD-100498,20250611,170,52,41,2,402.98,5.0,765.66,375.06,390.6,51.01,Net Banking,Economy,Delivered,1
498,ORD-100499,20250612,232,37,10,1,3284.3,10.0,2955.87,2111.36,844.51,28.57,COD,Express,Delivered,1
499,ORD-100500,20250613,232,19,10,1,1867.16,5.0,1773.8,1165.5,608.3,34.29,COD,Standard,Delayed,1
500,ORD-100501,20250613,123,31,32,1,471.84,10.0,424.66,336.0,88.66,20.88,Credit Card,Economy,Delivered,1
501,ORD-100502,20250615,91,23,38,1,2987.96,10.0,2689.16,1499.5,1189.66,44.24,COD,Standard,Delivered,1
502,ORD-100503,20250615,61,26,11,1,13882.7,20.0,11106.16,10919.22,186.94,1.68,UPI,Economy,Delivered,1
503,ORD-100504,20250615,45,14,34,1,1006.18,15.0,855.25,689.31,165.94,19.4,COD,Standard,Cancelled,0
504,ORD-100505,20250616,176,48,48,1,447.85,30.0,313.5,220.01,93.49,29.82,UPI,Standard,Delivered,1
505,ORD-100506,20250617,232,45,10,1,501.57,0.0,501.57,249.5,252.07,50.26,UPI,Standard,Delivered,1
506,ORD-100507,20250617,281,20,7,1,398.12,0.0,398.12,259.35,138.77,34.86,UPI,Economy,Delayed,1
507,ORD-100508,20250617,14,30,18,1,2312.59,0.0,2312.59,1793.22,519.37,22.46,UPI,Economy,Returned,0
508,ORD-100509,20250617,232,34,10,3,422.75,5.0,1204.84,793.8,411.04,34.12,UPI,Express,Delivered,1
509,ORD-100510,20250617,174,33,37,3,264.3,25.0,594.68,538.2,56.48,9.5,Wallet,Express,Delivered,1
510,ORD-100511,20250619,232,52,10,1,406.69,25.0,305.02,187.53,117.49,38.52,UPI,Express,Delivered,1
511,ORD-100512,20250620,72,5,22,3,295.82,0.0,887.46,430.56,456.9,51.48,UPI,Same-Day,Delivered,1
512,ORD-100513,20250621,200,50,55,1,1991.87,0.0,1991.87,1279.36,712.51,35.77,UPI,Economy,Delivered,1
513,ORD-100514,20250621,179,14,6,1,991.4,10.0,892.26,689.31,202.95,22.75,UPI,Economy,Delivered,1
514,ORD-100515,20250624,176,36,48,1,347.58,25.0,260.68,165.6,95.08,36.47,Net Banking,Standard,Delivered,1
515,ORD-100516,20250625,106,24,50,1,494.86,15.0,420.63,244.51,176.12,41.87,COD,Standard,Delivered,1
516,ORD-100517,20250625,200,9,55,1,328.74,0.0,328.74,211.2,117.54,35.75,COD,Express,Delivered,1
517,ORD-100518,20250625,176,18,48,1,53717.1,5.0,51031.24,42392.0,8639.24,16.93,Debit Card,Standard,Delivered,1
518,ORD-100519,20250626,113,17,32,1,766.78,0.0,766.78,547.2,219.58,28.64,UPI,Standard,Delivered,1
519,ORD-100520,20250627,154,49,52,2,987.55,0.0,1975.1,1298.7,676.4,34.25,COD,Economy,Delivered,1
520,ORD-100521,20250627,223,5,35,1,302.51,25.0,226.88,143.52,83.36,36.74,COD,Economy,Delivered,1
521,ORD-100522,20250627,257,17,43,2,746.4,10.0,1343.52,1094.4,249.12,18.54,COD,Economy,Returned,0
522,ORD-100523,20250627,176,8,48,3,376.53,10.0,1016.63,809.4,207.23,20.38,COD,Standard,Delivered,1
523,ORD-100524,20250628,233,48,46,3,451.74,20.0,1084.18,660.03,424.15,39.12,UPI,Express,Delivered,1
524,ORD-100525,20250629,128,4,32,2,3446.18,10.0,6203.12,3219.08,2984.04,48.11,UPI,Economy,Delivered,1
525,ORD-100526,20250630,232,18,10,1,53668.86,0.0,53668.86,42392.0,11276.86,21.01,UPI,Express,Delivered,1
526,ORD-100527,20250630,141,18,29,1,52528.98,10.0,47276.08,42392.0,4884.08,10.33,COD,Standard,Delivered,1
527,ORD-100528,20250630,109,2,20,1,504.54,15.0,428.86,329.34,99.52,23.21,COD,Standard,Delivered,1
528,ORD-100529,20250702,25,38,33,2,3263.33,0.0,6526.66,3364.98,3161.68,48.44,UPI,Express,Delivered,1
529,ORD-100530,20250702,291,39,11,1,1930.41,10.0,1737.37,1462.23,275.14,15.84,COD,Express,Delivered,1
530,ORD-100531,20250702,170,17,41,3,756.54,30.0,1588.73,1641.6,-52.87,-3.33,COD,Economy,Delivered,1
531,ORD-100532,20250703,142,6,36,1,1812.3,0.0,1812.3,1385.23,427.07,23.57,Net Banking,Same-Day,Delivered,1
532,ORD-100533,20250704,232,25,10,2,3175.04,20.0,5080.06,3071.04,2009.02,39.55,Debit Card,Economy,Delayed,1
533,ORD-100534,20250705,281,52,7,4,391.48,5.0,1487.62,750.12,737.5,49.58,UPI,Standard,Delivered,1
534,ORD-100535,20250705,263,40,9,1,32075.9,10.0,28868.31,25592.0,3276.31,11.35,Credit Card,Economy,Delivered,1
535,ORD-100536,20250705,232,15,10,1,1904.44,10.0,1714.0,907.2,806.8,47.07,COD,Standard,Delivered,1
536,ORD-100537,20250706,138,32,55,1,20165.94,0.0,20165.94,15799.21,4366.73,21.65,UPI,Economy,Delivered,1
537,ORD-100538,20250707,274,51,23,2,888.1,25.0,1332.15,791.12,541.03,40.61,UPI,Standard,Delayed,1
538,ORD-100539,20250708,102,29,41,1,502.55,10.0,452.3,309.38,142.92,31.6,Credit Card,Standard,Delivered,1
539,ORD-100540,20250710,57,46,13,1,372.7,20.0,298.16,247.0,51.16,17.16,UPI,Economy,Delivered,1
540,ORD-100541,20250710,219,16,28,1,2548.25,15.0,2166.01,1184.5,981.51,45.31,COD,Economy,Delivered,1
541,ORD-100542,20250710,97,6,11,1,1825.5,5.0,1734.22,1385.23,348.99,20.12,UPI,Express,Delivered,1
542,ORD-100543,20250711,176,22,48,2,751.02,5.0,1426.94,1033.6,393.34,27.57,UPI,Express,Delivered,1
543,ORD-100544,20250711,68,16,3,1,2547.27,5.0,2419.91,1184.5,1235.41,51.05,COD,Standard,Cancelled,0
544,ORD-100545,20250712,162,27,20,2,930.13,25.0,1395.2,1195.74,199.46,14.3,UPI,Standard,Delivered,1
545,ORD-100546,20250712,200,19,55,3,1847.6,25.0,4157.1,3496.5,660.6,15.89,COD,Economy,Delivered,1
546,ORD-100547,20250712,232,12,10,2,12929.84,0.0,25859.68,17418.66,8441.02,32.64,COD,Economy,Delayed,1
547,ORD-100548,20250712,232,12,10,2,12823.83,5.0,24365.28,17418.66,6946.62,28.51,UPI,Express,Delivered,1
548,ORD-100549,20250713,294,46,1,3,378.84,0.0,1136.52,741.0,395.52,34.8,UPI,Standard,Delivered,1
549,ORD-100550,20250713,114,18,3,1,52466.99,25.0,39350.24,42392.0,-3041.76,-7.73,UPI,Express,Delivered,1
550,ORD-100551,20250716,286,23,51,2,3026.64,10.0,5447.95,2999.0,2448.95,44.95,Net Banking,Standard,Returned,0
551,ORD-100552,20250717,250,32,4,1,20231.67,20.0,16185.34,15799.21,386.13,2.39,COD,Express,Cancelled,0
552,ORD-100553,20250718,13,10,5,1,295.18,0.0,295.18,197.34,97.84,33.15,UPI,Express,Delivered,1
553,ORD-100554,20250718,232,3,10,3,5789.22,5.0,16499.28,11680.02,4819.26,29.21,Debit Card,Standard,Delivered,1
554,ORD-100555,20250718,176,17,48,1,769.59,10.0,692.63,547.2,145.43,21.0,UPI,Economy,Delivered,1
555,ORD-100556,20250719,213,30,6,1,2266.0,15.0,1926.1,1793.22,132.88,6.9,UPI,Express,Delivered,1
556,ORD-100557,20250719,232,36,10,2,349.1,0.0,698.2,331.2,367.0,52.56,COD,Standard,Delivered,1
557,ORD-100558,20250719,116,3,36,1,5966.14,0.0,5966.14,3893.34,2072.8,34.74,Credit Card,Standard,Delivered,1
558,ORD-100559,20250720,233,46,46,2,375.56,0.0,751.12,494.0,257.12,34.23,Credit Card,Standard,Delivered,1
559,ORD-100560,20250720,281,6,7,1,1818.02,40.0,1090.81,1385.23,-294.42,-26.99,COD,Economy,Delivered,1
560,ORD-100561,20250720,48,9,11,2,334.76,30.0,468.66,422.4,46.26,9.87,COD,Standard,Delivered,1
561,ORD-100562,20250720,232,32,10,1,19683.33,0.0,19683.33,15799.21,3884.12,19.73,UPI,Standard,Delayed,1
562,ORD-100563,20250721,233,30,46,1,2317.78,10.0,2086.0,1793.22,292.78,14.04,COD,Express,Delivered,1
563,ORD-100564,20250721,82,37,13,1,3307.75,5.0,3142.36,2111.36,1031.0,32.81,UPI,Express,Delivered,1
564,ORD-100565,20250722,46,48,27,1,442.96,0.0,442.96,220.01,222.95,50.33,UPI,Express,Delivered,1
565,ORD-100566,20250723,176,40,48,1,32465.99,0.0,32465.99,25592.0,6873.99,21.17,Credit Card,Economy,Delivered,1
566,ORD-100567,20250724,232,27,10,2,961.66,5.0,1827.15,1195.74,631.41,34.56,COD,Standard,Delivered,1
567,ORD-100568,20250724,232,10,10,3,297.35,0.0,892.05,592.02,300.03,33.63,Net Banking,Standard,Delivered,1
568,ORD-100569,20250725,216,2,36,3,497.98,0.0,1493.94,988.02,505.92,33.86,Unknown,Standard,Delivered,1
569,ORD-100570,20250725,232,19,10,1,1834.74,5.0,1743.0,1165.5,577.5,33.13,Credit Card,Express,Cancelled,0
570,ORD-100571,20250726,102,1,41,1,1669.55,20.0,1335.64,849.5,486.14,36.4,Debit Card,Standard,Delivered,1
571,ORD-100572,20250727,228,15,5,1,1924.49,20.0,1539.59,907.2,632.39,41.08,COD,Standard,Delivered,1
572,ORD-100573,20250727,128,30,32,1,2285.92,10.0,2057.33,1793.22,264.11,12.84,COD,Standard,Delivered,1
573,ORD-100574,20250728,147,33,45,3,258.51,20.0,620.42,538.2,82.22,13.25,Net Banking,Express,Delivered,1
574,ORD-100575,20250729,132,26,30,1,13911.69,40.0,8347.01,10919.22,-2572.21,-30.82,COD,Standard,Delivered,1
575,ORD-100576,20250729,189,50,21,1,1972.29,15.0,1676.45,1279.36,397.09,23.69,UPI,Express,Delayed,1
576,ORD-100577,20250729,176,43,48,1,909.19,5.0,863.73,566.37,297.36,34.43,COD,Express,Delivered,1
577,ORD-100578,20250730,20,6,15,1,1766.35,5.0,1678.03,1385.23,292.8,17.45,Credit Card,Standard,Delivered,1
578,ORD-100579,20250730,184,25,21,2,3220.66,0.0,6441.32,3071.04,3370.28,52.32,Debit Card,Same-Day,Delivered,1
579,ORD-100580,20250731,233,25,46,1,3168.46,40.0,1901.08,1535.52,365.56,19.23,UPI,Express,Delivered,1
580,ORD-100581,20250802,232,12,10,1,13118.95,25.0,9839.21,8709.33,1129.88,11.48,COD,Standard,Delayed,1
581,ORD-100582,20250802,232,21,10,1,727.0,15.0,617.95,511.2,106.75,17.27,COD,Standard,Delayed,1
582,ORD-100583,20250802,121,20,52,1,395.95,15.0,336.56,259.35,77.21,22.94,COD,Express,Delivered,1
583,ORD-100584,20250803,246,6,36,1,1828.35,15.0,1554.1,1385.23,168.87,10.87,Debit Card,Standard,Delivered,1
584,ORD-100585,20250803,140,41,15,1,898.64,0.0,898.64,683.24,215.4,23.97,Credit Card,Standard,Delayed,1
585,ORD-100586,20250803,232,40,10,1,31373.28,25.0,23529.96,25592.0,-2062.04,-8.76,UPI,Economy,Delivered,1
586,ORD-100587,20250805,266,20,32,3,395.61,5.0,1127.49,778.05,349.44,30.99,Credit Card,Express,Delivered,1
587,ORD-100588,20250807,117,43,32,1,902.91,25.0,677.18,566.37,110.81,16.36,Net Banking,Standard,Delivered,1
588,ORD-100589,20250807,91,39,38,1,1934.57,25.0,1450.93,1462.23,-11.3,-0.78,COD,Standard,Delivered,1
589,ORD-100590,20250808,64,41,15,1,895.91,10.0,806.32,683.24,123.08,15.26,UPI,Standard,Delivered,1
590,ORD-100591,20250808,91,42,38,2,1609.32,0.0,3218.64,2046.72,1171.92,36.41,Credit Card,Standard,Delivered,1
591,ORD-100592,20250808,232,15,10,1,1925.43,0.0,1925.43,907.2,1018.23,52.88,UPI,Standard,Delivered,1
592,ORD-100593,20250809,91,32,38,1,19827.3,30.0,13879.11,15799.21,-1920.1,-13.83,COD,Standard,Delivered,1
593,ORD-100594,20250809,232,41,10,2,902.41,5.0,1714.58,1366.48,348.1,20.3,UPI,Economy,Delivered,1
594,ORD-100595,20250811,14,26,18,3,14256.37,5.0,40630.65,32757.66,7872.99,19.38,UPI,Express,Delivered,1
595,ORD-100596,20250812,233,49,46,1,990.54,5.0,941.01,649.35,291.66,30.99,Net Banking,Standard,Delivered,1
596,ORD-100597,20250813,104,52,49,2,395.69,0.0,791.38,375.06,416.32,52.61,Credit Card,Express,Delivered,1
597,ORD-100598,20250813,99,34,37,1,414.54,0.0,414.54,264.6,149.94,36.17,UPI,Economy,Delivered,1
598,ORD-100599,20250814,244,25,27,2,3172.64,0.0,6345.28,3071.04,3274.24,51.6,UPI,Standard,Returned,0
599,ORD-100600,20250814,205,6,55,1,1772.94,20.0,1418.35,1385.23,33.12,2.34,COD,Standard,Delivered,1
600,ORD-100601,20250814,142,6,36,1,1806.3,15.0,1535.36,1385.23,150.13,9.78,UPI,Economy,Delivered,1
601,ORD-100602,20250815,84,51,23,1,881.07,10.0,792.96,395.56,397.4,50.12,COD,Economy,Delayed,1
602,ORD-100603,20250815,111,27,37,1,933.04,10.0,839.74,597.87,241.87,28.8,UPI,Standard,Delivered,1
603,ORD-100604,20250815,232,19,10,1,1879.81,5.0,1785.82,1165.5,620.32,34.74,COD,Standard,Delivered,1
604,ORD-100605,20250816,279,52,13,1,404.5,10.0,364.05,187.53,176.52,48.49,Wallet,Standard,Delivered,1
605,ORD-100606,20250816,265,17,26,1,752.69,10.0,677.42,547.2,130.22,19.22,Credit Card,Express,Delayed,1
606,ORD-100607,20250817,251,35,21,4,1720.07,10.0,6192.25,4213.52,1978.73,31.95,COD,Standard,Delivered,1
607,ORD-100608,20250817,91,51,38,1,896.06,10.0,806.45,395.56,410.89,50.95,Debit Card,Standard,Delivered,1
608,ORD-100609,20250817,232,7,10,1,1891.99,10.0,1702.79,1215.36,487.43,28.63,UPI,Economy,Delivered,1
609,ORD-100610,20250817,139,39,15,1,1897.4,25.0,1423.05,1462.23,-39.18,-2.75,UPI,Economy,Delivered,1
610,ORD-100611,20250817,299,34,54,1,426.7,25.0,320.02,264.6,55.42,17.32,COD,Express,Delivered,1
611,ORD-100612,20250817,68,45,3,1,490.29,0.0,490.29,249.5,240.79,49.11,Credit Card,Standard,Delivered,1
612,ORD-100613,20250817,232,6,10,1,1805.76,0.0,1805.76,1385.23,420.53,23.29,UPI,Economy,Delivered,1
613,ORD-100614,20250819,232,22,10,4,756.8,15.0,2573.12,2067.2,505.92,19.66,Credit Card,Standard,Delivered,1
614,ORD-100615,20250819,223,52,35,1,391.41,20.0,313.13,187.53,125.6,40.11,UPI,Standard,Delivered,1
615,ORD-100616,20250819,232,47,10,1,1422.14,10.0,1279.93,629.55,650.38,50.81,Credit Card,Standard,Returned,0
616,ORD-100617,20250819,146,14,3,2,1008.92,25.0,1513.38,1378.62,134.76,8.9,COD,Standard,Delayed,1
617,ORD-100618,20250819,251,5,21,1,301.6,20.0,241.28,143.52,97.76,40.52,Debit Card,Standard,Delivered,1
618,ORD-100619,20250819,59,40,22,1,32502.69,20.0,26002.15,25592.0,410.15,1.58,Debit Card,Standard,Delivered,1
619,ORD-100620,20250820,22,34,44,3,422.07,15.0,1076.28,793.8,282.48,26.25,UPI,Standard,Returned,0
620,ORD-100621,20250820,294,18,1,1,53011.72,30.0,37108.2,42392.0,-5283.8,-14.24,UPI,Standard,Delivered,1
621,ORD-100622,20250820,224,41,37,1,891.36,0.0,891.36,683.24,208.12,23.35,UPI,Express,Delivered,1
622,ORD-100623,20250820,67,26,29,1,14144.96,10.0,12730.46,10919.22,1811.24,14.23,COD,Standard,Delivered,1
623,ORD-100624,20250820,68,26,3,1,14184.96,5.0,13475.71,10919.22,2556.49,18.97,UPI,Standard,Delayed,1
624,ORD-100625,20250821,209,4,49,2,3444.91,20.0,5511.86,3219.08,2292.78,41.6,UPI,Express,Delivered,1
625,ORD-100626,20250821,274,18,23,1,52483.48,10.0,47235.13,42392.0,4843.13,10.25,COD,Economy,Delivered,1
626,ORD-100627,20250823,69,26,13,1,14113.68,5.0,13408.0,10919.22,2488.78,18.56,UPI,Standard,Delayed,1
627,ORD-100628,20250823,186,51,43,2,892.51,0.0,1785.02,791.12,993.9,55.68,Credit Card,Standard,Delivered,1
628,ORD-100629,20250823,51,39,38,1,1869.65,5.0,1776.17,1462.23,313.94,17.68,COD,Standard,Returned,0
629,ORD-100630,20250824,261,51,3,1,881.85,10.0,793.67,395.56,398.11,50.16,Credit Card,Express,Delivered,1
630,ORD-100631,20250824,232,19,10,1,1823.87,10.0,1641.48,1165.5,475.98,29.0,UPI,Standard,Delivered,1
631,ORD-100632,20250826,65,42,50,1,1609.66,15.0,1368.21,1023.36,344.85,25.2,UPI,Express,Delivered,1
632,ORD-100633,20250826,59,25,22,1,3232.2,5.0,3070.59,1535.52,1535.07,49.99,Credit Card,Express,Delivered,1
633,ORD-100634,20250828,77,4,50,4,3527.4,10.0,12698.64,6438.16,6260.48,49.3,Credit Card,Standard,Delivered,1
634,ORD-100635,20250829,109,44,20,2,530.53,15.0,901.9,756.0,145.9,16.18,UPI,Economy,Delivered,1
635,ORD-100636,20250829,205,4,55,1,3540.75,20.0,2832.6,1609.54,1223.06,43.18,UPI,Standard,Delivered,1
636,ORD-100637,20250830,232,6,10,1,1772.1,0.0,1772.1,1385.23,386.87,21.83,Credit Card,Economy,Delayed,1
637,ORD-100638,20250831,201,26,18,1,13997.12,10.0,12597.41,10919.22,1678.19,13.32,COD,Standard,Delivered,1
638,ORD-100639,20250831,53,37,32,1,3246.84,10.0,2922.16,2111.36,810.8,27.75,UPI,Economy,Delivered,1
639,ORD-100640,20250831,170,33,41,2,263.46,0.0,526.92,358.8,168.12,31.91,Credit Card,Standard,Delivered,1
640,ORD-100641,20250831,232,48,10,1,441.79,25.0,331.34,220.01,111.33,33.6,Debit Card,Express,Delivered,1
641,ORD-100642,20250901,294,12,1,1,13164.04,25.0,9873.03,8709.33,1163.7,11.79,COD,Economy,Delivered,1
642,ORD-100643,20250901,232,23,10,1,2946.33,10.0,2651.7,1499.5,1152.2,43.45,UPI,Express,Returned,0
643,ORD-100644,20250901,232,32,10,2,19837.56,10.0,35707.61,31598.42,4109.19,11.51,Credit Card,Express,Delivered,1
644,ORD-100645,20250902,232,27,10,1,936.02,5.0,889.22,597.87,291.35,32.76,UPI,Standard,Delayed,1
645,ORD-100646,20250902,245,50,51,2,1967.94,0.0,3935.88,2558.72,1377.16,34.99,Credit Card,Express,Delayed,1
646,ORD-100647,20250903,125,31,46,1,486.35,0.0,486.35,336.0,150.35,30.91,COD,Standard,Delivered,1
647,ORD-100648,20250904,232,18,10,2,53708.95,15.0,91305.22,84784.0,6521.22,7.14,Credit Card,Standard,Delivered,1
648,ORD-100649,20250904,10,52,11,2,396.72,0.0,793.44,375.06,418.38,52.73,Credit Card,Standard,Delivered,1
649,ORD-100650,20250905,189,26,21,1,14165.28,0.0,14165.28,10919.22,3246.06,22.92,Debit Card,Express,Delivered,1
650,ORD-100651,20250905,232,10,10,1,296.78,20.0,237.42,197.34,40.08,16.88,UPI,Express,Delivered,1
651,ORD-100652,20250905,165,22,27,2,753.25,5.0,1431.18,1033.6,397.58,27.78,UPI,Standard,Delivered,1
652,ORD-100653,20250906,96,13,55,1,500.24,0.0,500.24,304.39,195.85,39.15,UPI,Economy,Delivered,1
653,ORD-100654,20250907,155,45,49,2,508.06,20.0,812.9,499.0,313.9,38.61,Net Banking,Standard,Delivered,1
654,ORD-100655,20250907,232,3,10,1,5941.1,15.0,5049.94,3893.34,1156.6,22.9,UPI,Standard,Delivered,1
655,ORD-100656,20250907,241,24,52,1,502.74,5.0,477.6,244.51,233.09,48.8,UPI,Standard,Delivered,1
656,ORD-100657,20250907,151,35,26,1,1690.4,15.0,1436.84,1053.38,383.46,26.69,COD,Standard,Delivered,1
657,ORD-100658,20250908,91,27,38,1,955.83,10.0,860.25,597.87,262.38,30.5,Net Banking,Express,Delivered,1
658,ORD-100659,20250909,232,21,10,1,721.81,0.0,721.81,511.2,210.61,29.18,UPI,Standard,Delivered,1
659,ORD-100660,20250909,182,11,7,1,420.54,10.0,378.49,264.6,113.89,30.09,UPI,Express,Delivered,1
660,ORD-100661,20250910,226,43,47,1,904.73,25.0,678.55,566.37,112.18,16.53,UPI,Economy,Delivered,1
661,ORD-100662,20250910,200,16,55,1,2593.94,20.0,2075.15,1184.5,890.65,42.92,UPI,Standard,Delayed,1
662,ORD-100663,20250911,147,29,45,1,505.15,5.0,479.89,309.38,170.51,35.53,UPI,Same-Day,Delivered,1
663,ORD-100664,20250911,31,25,41,1,3137.8,10.0,2824.02,1535.52,1288.5,45.63,UPI,Standard,Returned,0
664,ORD-100665,20250911,102,16,41,4,2537.74,10.0,9135.86,4738.0,4397.86,48.14,Credit Card,Standard,Delivered,1
665,ORD-100666,20250912,204,3,45,1,5883.04,40.0,3529.82,3893.34,-363.52,-10.3,COD,Express,Delayed,1
666,ORD-100667,20250912,147,44,45,5,535.52,5.0,2543.72,1890.0,653.72,25.7,COD,Standard,Delivered,1
667,ORD-100668,20250912,232,48,10,3,454.6,15.0,1159.23,660.03,499.2,43.06,COD,Express,Delayed,1
668,ORD-100669,20250912,200,51,55,3,894.13,20.0,2145.91,1186.68,959.23,44.7,UPI,Standard,Delivered,1
669,ORD-100670,20250912,232,52,10,2,402.49,10.0,724.48,375.06,349.42,48.23,UPI,Economy,Delivered,1
670,ORD-100671,20250913,116,8,36,3,383.77,10.0,1036.18,809.4,226.78,21.89,Debit Card,Standard,Delivered,1
671,ORD-100672,20250914,82,21,13,1,716.51,0.0,716.51,511.2,205.31,28.65,UPI,Standard,Delivered,1
672,ORD-100673,20250914,126,40,14,1,32515.76,20.0,26012.61,25592.0,420.61,1.62,Credit Card,Economy,Delivered,1
673,ORD-100674,20250914,232,26,10,1,13824.5,5.0,13133.28,10919.22,2214.06,16.86,COD,Economy,Delayed,1
674,ORD-100675,20250916,232,3,10,1,5947.22,20.0,4757.78,3893.34,864.44,18.17,UPI,Express,Delivered,1
675,ORD-100676,20250916,91,27,38,1,954.46,10.0,859.01,597.87,261.14,30.4,UPI,Standard,Delayed,1
676,ORD-100677,20250916,21,12,35,4,13203.34,15.0,44891.36,34837.32,10054.04,22.4,Debit Card,Standard,Delivered,1
677,ORD-100678,20250917,219,15,28,1,1904.33,15.0,1618.68,907.2,711.48,43.95,UPI,Standard,Delivered,1
678,ORD-100679,20250917,232,27,10,2,943.68,25.0,1415.52,1195.74,219.78,15.53,Debit Card,Standard,Cancelled,0
679,ORD-100680,20250917,232,39,10,1,1892.91,10.0,1703.62,1462.23,241.39,14.17,UPI,Economy,Delivered,1
680,ORD-100681,20250917,6,32,21,1,20253.64,15.0,17215.59,15799.21,1416.38,8.23,UPI,Standard,Delivered,1
681,ORD-100682,20250919,232,23,10,1,3005.83,0.0,3005.83,1499.5,1506.33,50.11,COD,Standard,Delivered,1
682,ORD-100683,20250919,193,35,50,1,1701.37,5.0,1616.3,1053.38,562.92,34.83,UPI,Standard,Delivered,1
683,ORD-100684,20250919,106,39,50,1,1908.25,15.0,1622.01,1462.23,159.78,9.85,Debit Card,Standard,Cancelled,0
684,ORD-100685,20250920,176,18,48,1,52336.09,0.0,52336.09,42392.0,9944.09,19.0,UPI,Standard,Delayed,1
685,ORD-100686,20250920,232,10,10,1,296.74,40.0,178.04,197.34,-19.3,-10.84,COD,Standard,Delivered,1
686,ORD-100687,20250921,7,44,38,2,533.65,20.0,853.84,756.0,97.84,11.46,Debit Card,Express,Delivered,1
687,ORD-100688,20250921,162,23,20,3,2954.14,25.0,6646.82,4498.5,2148.32,32.32,Credit Card,Standard,Cancelled,0
688,ORD-100689,20250921,179,28,6,3,596.01,5.0,1698.63,898.5,800.13,47.1,Debit Card,Economy,Cancelled,0
689,ORD-100690,20250923,289,45,5,1,495.37,10.0,445.83,249.5,196.33,44.04,UPI,Economy,Delivered,1
690,ORD-100691,20250923,281,37,7,1,3271.47,20.0,2617.18,2111.36,505.82,19.33,Credit Card,Standard,Delivered,1
691,ORD-100692,20250924,233,19,46,1,1821.91,0.0,1821.91,1165.5,656.41,36.03,COD,Express,Delivered,1
692,ORD-100693,20250924,233,33,46,1,261.3,5.0,248.24,179.4,68.84,27.73,UPI,Standard,Delivered,1
693,ORD-100694,20250925,219,33,28,2,256.25,0.0,512.5,358.8,153.7,29.99,Credit Card,Express,Delivered,1
694,ORD-100695,20250925,250,37,4,2,3286.05,15.0,5586.28,4222.72,1363.56,24.41,COD,Express,Delivered,1
695,ORD-100696,20250926,47,44,37,1,550.57,5.0,523.04,378.0,145.04,27.73,UPI,Economy,Delivered,1
696,ORD-100697,20250926,122,47,23,1,1413.85,20.0,1131.08,629.55,501.53,44.34,Debit Card,Economy,Delivered,1
697,ORD-100698,20250926,232,26,10,1,14143.7,0.0,14143.7,10919.22,3224.48,22.8,UPI,Economy,Delivered,1
698,ORD-100699,20250927,232,45,10,1,508.91,25.0,381.68,249.5,132.18,34.63,Credit Card,Economy,Delivered,1
699,ORD-100700,20250927,218,34,12,3,422.41,15.0,1077.15,793.8,283.35,26.31,Credit Card,Standard,Delivered,1
700,ORD-100701,20250927,176,10,48,2,299.88,10.0,539.78,394.68,145.1,26.88,Net Banking,Standard,Delivered,1
701,ORD-100702,20250928,172,19,8,1,1814.95,20.0,1451.96,1165.5,286.46,19.73,UPI,Standard,Delivered,1
702,ORD-100703,20250928,209,18,49,1,52976.29,25.0,39732.22,42392.0,-2659.78,-6.69,UPI,Express,Delivered,1
703,ORD-100704,20250928,195,36,35,1,350.58,15.0,297.99,165.6,132.39,44.43,Credit Card,Economy,Delayed,1
704,ORD-100705,20250928,83,51,11,1,903.18,10.0,812.86,395.56,417.3,51.34,UPI,Standard,Delivered,1
705,ORD-100706,20250929,142,22,36,3,750.22,25.0,1688.0,1550.4,137.6,8.15,UPI,Express,Delivered,1
706,ORD-100707,20250929,200,27,55,1,944.03,15.0,802.43,597.87,204.56,25.49,UPI,Standard,Delivered,1
707,ORD-100708,20250929,30,4,40,2,3552.77,10.0,6394.99,3219.08,3175.91,49.66,UPI,Standard,Delivered,1
708,ORD-100709,20250930,230,43,37,1,895.27,10.0,805.74,566.37,239.37,29.71,Debit Card,Express,Delivered,1
709,ORD-100710,20250930,23,23,2,2,3000.59,10.0,5401.06,2999.0,2402.06,44.47,UPI,Standard,Delayed,1
710,ORD-100711,20251001,91,30,38,1,2318.25,0.0,2318.25,1793.22,525.03,22.65,UPI,Economy,Delivered,1
711,ORD-100712,20251002,113,15,32,1,1885.7,15.0,1602.84,907.2,695.64,43.4,COD,Express,Delivered,1
712,ORD-100713,20251002,25,42,33,1,1608.85,25.0,1206.64,1023.36,183.28,15.19,UPI,Same-Day,Delivered,1
713,ORD-100714,20251002,172,2,8,2,501.29,0.0,1002.58,658.68,343.9,34.3,COD,Economy,Delivered,1
714,ORD-100715,20251002,233,1,46,1,1704.44,15.0,1448.77,849.5,599.27,41.36,UPI,Standard,Delivered,1
715,ORD-100716,20251003,107,14,2,2,984.18,10.0,1771.52,1378.62,392.9,22.18,UPI,Express,Delivered,1
716,ORD-100717,20251003,281,26,7,1,13726.07,0.0,13726.07,10919.22,2806.85,20.45,UPI,Express,Delivered,1
717,ORD-100718,20251004,232,41,10,1,882.91,0.0,882.91,683.24,199.67,22.61,UPI,Economy,Delivered,1
718,ORD-100719,20251004,293,31,54,1,486.42,0.0,486.42,336.0,150.42,30.92,UPI,Standard,Delayed,1
719,ORD-100720,20251005,232,34,10,1,428.38,15.0,364.12,264.6,99.52,27.33,Debit Card,Express,Delivered,1
720,ORD-100721,20251005,232,7,10,1,1911.28,40.0,1146.77,1215.36,-68.59,-5.98,UPI,Standard,Delivered,1
721,ORD-100722,20251005,233,39,46,1,1895.68,5.0,1800.9,1462.23,338.67,18.81,COD,Express,Delivered,1
722,ORD-100723,20251007,223,40,35,1,32070.14,0.0,32070.14,25592.0,6478.14,20.2,UPI,Economy,Delivered,1
723,ORD-100724,20251007,37,4,43,1,3478.71,0.0,3478.71,1609.54,1869.17,53.73,Net Banking,Economy,Delivered,1
724,ORD-100725,20251007,59,10,22,1,300.94,10.0,270.85,197.34,73.51,27.14,Credit Card,Express,Delivered,1
725,ORD-100726,20251008,192,45,13,2,494.66,20.0,791.46,499.0,292.46,36.95,UPI,Standard,Delivered,1
726,ORD-100727,20251009,232,6,10,1,1805.76,15.0,1534.9,1385.23,149.67,9.75,UPI,Express,Delivered,1
727,ORD-100728,20251009,147,36,45,2,340.31,0.0,680.62,331.2,349.42,51.34,Debit Card,Same-Day,Delivered,1
728,ORD-100729,20251009,22,41,44,1,899.12,15.0,764.25,683.24,81.01,10.6,UPI,Standard,Delivered,1
729,ORD-100730,20251009,232,31,10,2,481.61,0.0,963.22,672.0,291.22,30.23,UPI,Standard,Delivered,1
730,ORD-100731,20251010,86,39,40,2,1935.49,10.0,3483.88,2924.46,559.42,16.06,COD,Express,Delivered,1
731,ORD-100732,20251010,204,32,45,1,19648.33,30.0,13753.83,15799.21,-2045.38,-14.87,UPI,Express,Delivered,1
732,ORD-100733,20251010,81,40,42,1,32172.1,5.0,30563.5,25592.0,4971.5,16.27,UPI,Express,Delivered,1
733,ORD-100734,20251012,258,34,21,3,416.38,5.0,1186.68,793.8,392.88,33.11,Credit Card,Economy,Delivered,1
734,ORD-100735,20251012,295,15,17,2,1925.07,0.0,3850.14,1814.4,2035.74,52.87,UPI,Express,Cancelled,0
735,ORD-100736,20251012,232,24,10,2,501.05,0.0,1002.1,489.02,513.08,51.2,UPI,Express,Delivered,1
736,ORD-100737,20251013,113,17,32,1,746.14,5.0,708.83,547.2,161.63,22.8,UPI,Standard,Delivered,1
737,ORD-100738,20251013,27,39,1,1,1886.69,5.0,1792.36,1462.23,330.13,18.42,COD,Express,Delivered,1
738,ORD-100739,20251013,64,47,15,1,1415.02,25.0,1061.26,629.55,431.71,40.68,COD,Standard,Delivered,1
739,ORD-100740,20251014,205,28,55,2,587.28,10.0,1057.1,599.0,458.1,43.34,COD,Standard,Delivered,1
740,ORD-100741,20251014,233,12,46,1,12846.36,15.0,10919.41,8709.33,2210.08,20.24,UPI,Standard,Delivered,1
741,ORD-100742,20251015,232,1,10,1,1729.78,10.0,1556.8,849.5,707.3,45.43,UPI,Express,Delivered,1
742,ORD-100743,20251015,146,35,3,1,1699.73,10.0,1529.76,1053.38,476.38,31.14,COD,Standard,Delayed,1
743,ORD-100744,20251016,67,51,29,2,906.47,0.0,1812.94,791.12,1021.82,56.36,COD,Express,Returned,0
744,ORD-100745,20251016,233,6,46,2,1800.44,20.0,2880.7,2770.46,110.24,3.83,UPI,Standard,Delivered,1
745,ORD-100746,20251016,232,44,10,1,534.47,0.0,534.47,378.0,156.47,29.28,COD,Standard,Delayed,1
746,ORD-100747,20251016,79,49,26,4,1013.0,15.0,3444.2,2597.4,846.8,24.59,UPI,Express,Delivered,1
747,ORD-100748,20251017,219,42,28,1,1597.14,25.0,1197.86,1023.36,174.5,14.57,UPI,Standard,Delivered,1
748,ORD-100749,20251017,118,49,22,1,1018.76,30.0,713.13,649.35,63.78,8.94,Net Banking,Standard,Delivered,1
749,ORD-100750,20251017,232,29,10,1,505.0,25.0,378.75,309.38,69.37,18.32,Debit Card,Economy,Delayed,1
750,ORD-100751,20251017,91,30,38,1,2261.62,10.0,2035.46,1793.22,242.24,11.9,UPI,Standard,Delivered,1
751,ORD-100752,20251017,265,34,26,1,420.54,10.0,378.49,264.6,113.89,30.09,COD,Standard,Delivered,1
752,ORD-100753,20251017,232,50,10,1,2031.15,25.0,1523.36,1279.36,244.0,16.02,COD,Standard,Delivered,1
753,ORD-100754,20251018,250,13,4,1,501.0,0.0,501.0,304.39,196.61,39.24,UPI,Standard,Delivered,1
754,ORD-100755,20251018,105,47,29,1,1399.84,15.0,1189.86,629.55,560.31,47.09,Net Banking,Standard,Delivered,1
755,ORD-100756,20251018,170,18,41,1,53174.78,10.0,47857.3,42392.0,5465.3,11.42,UPI,Standard,Delivered,1
756,ORD-100757,20251018,199,43,50,1,915.63,10.0,824.07,566.37,257.7,31.27,UPI,Standard,Delivered,1
757,ORD-100758,20251019,295,38,17,1,3320.09,5.0,3154.09,1682.49,1471.6,46.66,COD,Express,Delivered,1
758,ORD-100759,20251019,219,3,28,1,5875.6,0.0,5875.6,3893.34,1982.26,33.74,UPI,Standard,Delivered,1
759,ORD-100760,20251019,223,13,35,1,508.3,30.0,355.81,304.39,51.42,14.45,COD,Standard,Delivered,1
760,ORD-100761,20251021,232,32,10,1,19936.41,0.0,19936.41,15799.21,4137.2,20.75,Credit Card,Express,Delivered,1
761,ORD-100762,20251021,232,26,10,1,14163.07,0.0,14163.07,10919.22,3243.85,22.9,Credit Card,Economy,Delivered,1
762,ORD-100763,20251021,84,32,23,1,20042.76,10.0,18038.48,15799.21,2239.27,12.41,UPI,Standard,Delivered,1
763,ORD-100764,20251021,232,14,10,1,1012.53,10.0,911.28,689.31,221.97,24.36,COD,Standard,Delivered,1
764,ORD-100765,20251022,233,4,46,2,3488.53,10.0,6279.35,3219.08,3060.27,48.74,Credit Card,Economy,Delivered,1
765,ORD-100766,20251022,233,51,46,2,904.12,25.0,1356.18,791.12,565.06,41.67,COD,Standard,Delivered,1
766,ORD-100767,20251022,25,31,33,2,489.32,5.0,929.71,672.0,257.71,27.72,UPI,Same-Day,Delivered,1
767,ORD-100768,20251022,172,34,8,1,423.79,15.0,360.22,264.6,95.62,26.54,COD,Standard,Delayed,1
768,ORD-100769,20251022,232,26,10,1,13868.57,10.0,12481.71,10919.22,1562.49,12.52,COD,Standard,Delivered,1
769,ORD-100770,20251022,38,45,8,1,499.29,5.0,474.33,249.5,224.83,47.4,UPI,Standard,Delivered,1
770,ORD-100771,20251022,232,11,10,1,418.85,0.0,418.85,264.6,154.25,36.83,UPI,Standard,Delivered,1
771,ORD-100772,20251022,147,6,45,1,1768.69,20.0,1414.95,1385.23,29.72,2.1,Credit Card,Same-Day,Delivered,1
772,ORD-100773,20251023,25,45,33,2,507.66,5.0,964.55,499.0,465.55,48.27,UPI,Express,Delivered,1
773,ORD-100774,20251023,232,2,10,2,495.11,10.0,891.2,658.68,232.52,26.09,UPI,Standard,Delivered,1
774,ORD-100775,20251023,232,18,10,1,53332.07,0.0,53332.07,42392.0,10940.07,20.51,UPI,Standard,Delivered,1
775,ORD-100776,20251024,15,17,27,1,760.05,5.0,722.05,547.2,174.85,24.22,Net Banking,Standard,Delivered,1
776,ORD-100777,20251024,232,3,10,4,6012.26,25.0,18036.78,15573.36,2463.42,13.66,Debit Card,Standard,Delivered,1
777,ORD-100778,20251024,112,41,5,1,906.87,15.0,770.84,683.24,87.6,11.36,COD,Express,Delivered,1
778,ORD-100779,20251024,232,8,10,1,374.2,40.0,224.52,269.8,-45.28,-20.17,COD,Standard,Delivered,1
779,ORD-100780,20251025,179,48,6,2,454.66,0.0,909.32,440.02,469.3,51.61,Net Banking,Express,Delivered,1
780,ORD-100781,20251025,153,43,44,1,907.48,20.0,725.98,566.37,159.61,21.99,COD,Economy,Delivered,1
781,ORD-100782,20251025,209,38,49,1,3285.85,5.0,3121.56,1682.49,1439.07,46.1,Credit Card,Standard,Delivered,1
782,ORD-100783,20251025,232,52,10,1,396.37,0.0,396.37,187.53,208.84,52.69,UPI,Standard,Delivered,1
783,ORD-100784,20251026,146,16,3,1,2541.2,5.0,2414.14,1184.5,1229.64,50.93,Credit Card,Standard,Delivered,1
784,ORD-100785,20251026,103,14,15,2,1011.88,10.0,1821.38,1378.62,442.76,24.31,COD,Express,Delivered,1
785,ORD-100786,20251026,65,38,50,1,3256.82,10.0,2931.14,1682.49,1248.65,42.6,UPI,Express,Delivered,1
786,ORD-100787,20251026,14,31,18,3,485.65,30.0,1019.86,1008.0,11.86,1.16,Debit Card,Express,Delivered,1
787,ORD-100788,20251026,240,44,56,1,539.43,10.0,485.49,378.0,107.49,22.14,COD,Express,Delivered,1
788,ORD-100789,20251026,200,7,55,1,1905.06,5.0,1809.81,1215.36,594.45,32.85,UPI,Express,Delivered,1
789,ORD-100790,20251026,230,3,37,1,5843.3,30.0,4090.31,3893.34,196.97,4.82,UPI,Economy,Delivered,1
790,ORD-100791,20251026,109,35,20,1,1700.49,15.0,1445.42,1053.38,392.04,27.12,UPI,Standard,Delivered,1
791,ORD-100792,20251026,232,48,10,2,445.61,10.0,802.1,440.02,362.08,45.14,COD,Economy,Delayed,1
792,ORD-100793,20251027,233,47,46,2,1405.71,0.0,2811.42,1259.1,1552.32,55.21,COD,Standard,Delivered,1
793,ORD-100794,20251027,277,18,9,2,52097.44,0.0,104194.88,84784.0,19410.88,18.63,Credit Card,Express,Returned,0
794,ORD-100795,20251029,65,3,50,1,6000.02,10.0,5400.02,3893.34,1506.68,27.9,UPI,Economy,Returned,0
795,ORD-100796,20251029,232,23,10,2,3035.18,20.0,4856.29,2999.0,1857.29,38.25,COD,Economy,Delivered,1
796,ORD-100797,20251029,168,43,45,1,894.05,15.0,759.94,566.37,193.57,25.47,Credit Card,Same-Day,Delivered,1
797,ORD-100798,20251029,146,4,3,1,3545.41,25.0,2659.06,1609.54,1049.52,39.47,COD,Economy,Delivered,1
798,ORD-100799,20251030,18,47,1,1,1405.49,0.0,1405.49,629.55,775.94,55.21,Debit Card,Standard,Delivered,1
799,ORD-100800,20251030,175,22,19,2,751.49,10.0,1352.68,1033.6,319.08,23.59,Credit Card,Express,Delivered,1
800,ORD-100801,20251030,232,48,10,3,448.73,25.0,1009.64,660.03,349.61,34.63,COD,Express,Delivered,1
801,ORD-100802,20251030,223,35,35,1,1711.7,15.0,1454.94,1053.38,401.56,27.6,UPI,Economy,Delivered,1
802,ORD-100803,20251031,50,9,14,1,335.8,5.0,319.01,211.2,107.81,33.8,UPI,Standard,Cancelled,0
803,ORD-100804,20251031,142,28,36,1,587.79,15.0,499.62,299.5,200.12,40.05,UPI,Standard,Delivered,1
804,ORD-100805,20251101,232,46,10,2,383.79,25.0,575.69,494.0,81.69,14.19,Debit Card,Express,Delivered,1
805,ORD-100806,20251101,286,52,51,1,400.27,0.0,400.27,187.53,212.74,53.15,UPI,Standard,Delivered,1
806,ORD-100807,20251101,152,28,29,3,610.01,0.0,1830.03,898.5,931.53,50.9,UPI,Standard,Delivered,1
807,ORD-100808,20251102,174,35,37,4,1665.81,5.0,6330.08,4213.52,2116.56,33.44,Net Banking,Standard,Delivered,1
808,ORD-100809,20251103,232,47,10,1,1406.99,25.0,1055.24,629.55,425.69,40.34,COD,Standard,Returned,0
809,ORD-100810,20251103,232,19,10,1,1838.24,0.0,1838.24,1165.5,672.74,36.6,COD,Economy,Delivered,1
810,ORD-100811,20251103,281,28,7,1,601.6,15.0,511.36,299.5,211.86,41.43,Credit Card,Express,Delivered,1
811,ORD-100812,20251103,285,8,23,4,384.84,40.0,923.62,1079.2,-155.58,-16.84,UPI,Express,Delivered,1
812,ORD-100813,20251104,172,6,8,1,1808.57,10.0,1627.71,1385.23,242.48,14.9,UPI,Economy,Delivered,1
813,ORD-100814,20251104,119,23,18,2,3031.02,10.0,5455.84,2999.0,2456.84,45.03,UPI,Standard,Delayed,1
814,ORD-100815,20251104,219,41,28,1,892.26,5.0,847.65,683.24,164.41,19.4,Credit Card,Economy,Delivered,1
815,ORD-100816,20251104,233,25,46,1,3173.74,5.0,3015.05,1535.52,1479.53,49.07,Debit Card,Standard,Delivered,1
816,ORD-100817,20251105,179,25,6,1,3196.76,5.0,3036.92,1535.52,1501.4,49.44,Debit Card,Standard,Delivered,1
817,ORD-100818,20251105,233,42,46,1,1585.24,0.0,1585.24,1023.36,561.88,35.44,Net Banking,Standard,Delivered,1
818,ORD-100819,20251105,146,31,3,4,488.8,0.0,1955.2,1344.0,611.2,31.26,Wallet,Standard,Delivered,1
819,ORD-100820,20251106,232,18,10,2,52238.58,20.0,83581.73,84784.0,-1202.27,-1.44,UPI,Standard,Delivered,1
820,ORD-100821,20251106,232,18,10,1,52863.09,0.0,52863.09,42392.0,10471.09,19.81,Credit Card,Standard,Delivered,1
821,ORD-100822,20251106,147,28,45,1,594.39,5.0,564.67,299.5,265.17,46.96,COD,Economy,Delivered,1
822,ORD-100823,20251106,232,41,10,2,912.96,20.0,1460.74,1366.48,94.26,6.45,COD,Standard,Delivered,1
823,ORD-100824,20251106,147,37,45,1,3297.67,10.0,2967.9,2111.36,856.54,28.86,UPI,Express,Delivered,1
824,ORD-100825,20251106,9,41,52,1,910.16,20.0,728.13,683.24,44.89,6.17,UPI,Standard,Delivered,1
825,ORD-100826,20251106,189,5,21,1,298.35,25.0,223.76,143.52,80.24,35.86,Credit Card,Same-Day,Cancelled,0
826,ORD-100827,20251107,232,42,10,1,1622.05,10.0,1459.84,1023.36,436.48,29.9,Net Banking,Standard,Delivered,1
827,ORD-100828,20251107,91,35,38,1,1701.62,5.0,1616.54,1053.38,563.16,34.84,COD,Standard,Delivered,1
828,ORD-100829,20251107,113,39,32,1,1893.14,0.0,1893.14,1462.23,430.91,22.76,UPI,Standard,Cancelled,0
829,ORD-100830,20251107,176,32,48,1,20193.89,40.0,12116.33,15799.21,-3682.88,-30.4,Net Banking,Express,Delivered,1
830,ORD-100831,20251107,232,48,10,1,455.31,10.0,409.78,220.01,189.77,46.31,COD,Standard,Delivered,1
831,ORD-100832,20251108,122,52,23,1,399.08,20.0,319.26,187.53,131.73,41.26,Net Banking,Economy,Delivered,1
832,ORD-100833,20251108,235,10,3,2,299.03,0.0,598.06,394.68,203.38,34.01,COD,Standard,Delivered,1
833,ORD-100834,20251108,233,25,46,3,3246.08,15.0,8277.5,4606.56,3670.94,44.35,Credit Card,Standard,Delivered,1
834,ORD-100835,20251109,102,25,41,1,3184.0,10.0,2865.6,1535.52,1330.08,46.42,Net Banking,Standard,Delivered,1
835,ORD-100836,20251109,142,32,36,1,19934.26,0.0,19934.26,15799.21,4135.05,20.74,UPI,Express,Delivered,1
836,ORD-100837,20251109,232,15,10,2,1890.75,0.0,3781.5,1814.4,1967.1,52.02,COD,Express,Delivered,1
837,ORD-100838,20251109,233,10,46,1,304.1,20.0,243.28,197.34,45.94,18.88,COD,Standard,Delivered,1
838,ORD-100839,20251109,91,12,38,1,12849.8,5.0,12207.31,8709.33,3497.98,28.65,UPI,Standard,Delivered,1
839,ORD-100840,20251109,290,11,9,1,427.63,25.0,320.72,264.6,56.12,17.5,UPI,Standard,Delivered,1
840,ORD-100841,20251109,232,52,10,2,402.5,10.0,724.5,375.06,349.44,48.23,UPI,Standard,Delivered,1
841,ORD-100842,20251109,232,52,10,2,400.36,40.0,480.43,375.06,105.37,21.93,Credit Card,Standard,Delivered,1
842,ORD-100843,20251110,259,20,55,2,393.64,30.0,551.1,518.7,32.4,5.88,Net Banking,Express,Delivered,1
843,ORD-100844,20251110,233,50,46,1,1987.33,20.0,1589.86,1279.36,310.5,19.53,COD,Standard,Delivered,1
844,ORD-100845,20251110,93,38,38,2,3339.39,5.0,6344.84,3364.98,2979.86,46.97,UPI,Express,Returned,0
845,ORD-100846,20251111,209,41,49,1,881.18,15.0,749.0,683.24,65.76,8.78,UPI,Express,Delivered,1
846,ORD-100847,20251111,232,32,10,1,20351.23,10.0,18316.11,15799.21,2516.9,13.74,Debit Card,Express,Delivered,1
847,ORD-100848,20251111,232,49,10,2,989.16,10.0,1780.49,1298.7,481.79,27.06,COD,Economy,Delayed,1
848,ORD-100849,20251111,233,8,46,1,380.77,5.0,361.73,269.8,91.93,25.41,Debit Card,Standard,Delivered,1
849,ORD-100850,20251112,232,40,10,1,32523.69,40.0,19514.21,25592.0,-6077.79,-31.15,COD,Standard,Delivered,1
850,ORD-100851,20251112,235,21,3,5,718.72,20.0,2874.88,2556.0,318.88,11.09,COD,Economy,Delayed,1
851,ORD-100852,20251112,232,41,10,1,900.13,0.0,900.13,683.24,216.89,24.1,UPI,Standard,Delayed,1
852,ORD-100853,20251112,232,23,10,1,3017.33,20.0,2413.86,1499.5,914.36,37.88,UPI,Standard,Delivered,1
853,ORD-100854,20251112,213,32,6,1,19905.47,5.0,18910.2,15799.21,3110.99,16.45,Credit Card,Standard,Delivered,1
854,ORD-100855,20251113,232,14,10,1,1017.81,10.0,916.03,689.31,226.72,24.75,UPI,Express,Delivered,1
855,ORD-100856,20251113,142,52,36,1,394.9,20.0,315.92,187.53,128.39,40.64,UPI,Standard,Delivered,1
856,ORD-100857,20251114,162,3,20,1,5785.56,20.0,4628.45,3893.34,735.11,15.88,UPI,Standard,Delivered,1
857,ORD-100858,20251115,152,51,29,1,910.12,10.0,819.11,395.56,423.55,51.71,COD,Economy,Delivered,1
858,ORD-100859,20251115,232,4,10,1,3516.66,5.0,3340.83,1609.54,1731.29,51.82,COD,Standard,Delayed,1
859,ORD-100860,20251115,262,28,26,1,606.61,10.0,545.95,299.5,246.45,45.14,UPI,Express,Delivered,1
860,ORD-100861,20251115,87,37,10,3,3242.58,5.0,9241.35,6334.08,2907.27,31.46,UPI,Standard,Delivered,1
861,ORD-100862,20251115,68,40,3,1,32036.45,5.0,30434.63,25592.0,4842.63,15.91,Credit Card,Standard,Delivered,1
862,ORD-100863,20251116,176,25,48,1,3230.57,20.0,2584.46,1535.52,1048.94,40.59,UPI,Standard,Delivered,1
863,ORD-100864,20251116,176,34,48,2,428.23,15.0,727.99,529.2,198.79,27.31,COD,Standard,Delivered,1
864,ORD-100865,20251117,232,30,10,2,2338.64,15.0,3975.69,3586.44,389.25,9.79,UPI,Express,Delivered,1
865,ORD-100866,20251117,172,51,8,1,915.0,0.0,915.0,395.56,519.44,56.77,UPI,Standard,Delivered,1
866,ORD-100867,20251118,194,11,13,1,416.47,5.0,395.65,264.6,131.05,33.12,UPI,Standard,Delivered,1
867,ORD-100868,20251118,6,35,21,1,1666.41,0.0,1666.41,1053.38,613.03,36.79,Credit Card,Standard,Delivered,1
868,ORD-100869,20251119,232,26,10,1,13748.19,10.0,12373.37,10919.22,1454.15,11.75,Net Banking,Economy,Delivered,1
869,ORD-100870,20251119,14,26,18,1,14228.78,5.0,13517.34,10919.22,2598.12,19.22,Credit Card,Economy,Delivered,1
870,ORD-100871,20251120,76,8,9,1,378.7,0.0,378.7,269.8,108.9,28.76,Unknown,Express,Delivered,1
871,ORD-100872,20251120,232,21,10,2,709.67,0.0,1419.34,1022.4,396.94,27.97,COD,Standard,Delivered,1
872,ORD-100873,20251121,142,15,36,1,1908.69,10.0,1717.82,907.2,810.62,47.19,Credit Card,Standard,Returned,0
873,ORD-100874,20251121,224,18,37,1,52061.88,20.0,41649.5,42392.0,-742.5,-1.78,COD,Economy,Delivered,1
874,ORD-100875,20251121,232,6,10,1,1821.16,0.0,1821.16,1385.23,435.93,23.94,UPI,Economy,Delivered,1
875,ORD-100876,20251122,91,51,38,1,911.99,0.0,911.99,395.56,516.43,56.63,COD,Standard,Delivered,1
876,ORD-100877,20251122,233,6,46,1,1822.51,25.0,1366.88,1385.23,-18.35,-1.34,Credit Card,Standard,Cancelled,0
877,ORD-100878,20251122,65,26,50,1,14196.94,5.0,13487.09,10919.22,2567.87,19.04,UPI,Economy,Delivered,1
878,ORD-100879,20251123,179,39,6,2,1906.0,20.0,3049.6,2924.46,125.14,4.1,COD,Express,Delivered,1
879,ORD-100880,20251123,232,1,10,1,1709.79,15.0,1453.32,849.5,603.82,41.55,Credit Card,Express,Delivered,1
880,ORD-100881,20251124,199,42,50,1,1575.16,15.0,1338.89,1023.36,315.53,23.57,UPI,Standard,Delivered,1
881,ORD-100882,20251124,97,30,11,1,2283.78,0.0,2283.78,1793.22,490.56,21.48,UPI,Economy,Delivered,1
882,ORD-100883,20251124,232,10,10,2,299.53,5.0,569.11,394.68,174.43,30.65,UPI,Standard,Delivered,1
883,ORD-100884,20251124,147,37,45,1,3262.69,5.0,3099.56,2111.36,988.2,31.88,Credit Card,Standard,Delivered,1
884,ORD-100885,20251125,219,23,28,1,2984.47,25.0,2238.35,1499.5,738.85,33.01,UPI,Standard,Delivered,1
885,ORD-100886,20251125,53,18,32,1,52407.0,25.0,39305.25,42392.0,-3086.75,-7.85,Credit Card,Standard,Delivered,1
886,ORD-100887,20251127,232,36,10,1,338.35,5.0,321.43,165.6,155.83,48.48,UPI,Standard,Delivered,1
887,ORD-100888,20251127,199,42,50,1,1627.71,10.0,1464.94,1023.36,441.58,30.14,UPI,Economy,Delivered,1
888,ORD-100889,20251128,235,9,3,1,327.44,15.0,278.32,211.2,67.12,24.12,COD,Standard,Delivered,1
889,ORD-100890,20251128,26,45,4,2,496.95,0.0,993.9,499.0,494.9,49.79,COD,Economy,Delivered,1
890,ORD-100891,20251128,232,30,10,1,2305.72,0.0,2305.72,1793.22,512.5,22.23,UPI,Standard,Delivered,1
891,ORD-100892,20251129,107,6,2,1,1804.69,15.0,1533.99,1385.23,148.76,9.7,UPI,Standard,Delivered,1
892,ORD-100893,20251129,176,21,48,2,732.44,15.0,1245.15,1022.4,222.75,17.89,COD,Express,Delivered,1
893,ORD-100894,20251130,207,27,8,1,950.08,5.0,902.58,597.87,304.71,33.76,Net Banking,Standard,Delivered,1
894,ORD-100895,20251130,174,34,37,1,417.69,5.0,396.81,264.6,132.21,33.32,COD,Standard,Delivered,1
895,ORD-100896,20251130,232,18,10,1,52512.34,10.0,47261.11,42392.0,4869.11,10.3,COD,Standard,Delivered,1
896,ORD-100897,20251201,232,3,10,2,5880.76,15.0,9997.29,7786.68,2210.61,22.11,UPI,Express,Delivered,1
897,ORD-100898,20251201,233,19,46,1,1866.85,0.0,1866.85,1165.5,701.35,37.57,UPI,Standard,Delivered,1
898,ORD-100899,20251202,232,52,10,1,406.19,10.0,365.57,187.53,178.04,48.7,UPI,Standard,Cancelled,0
899,ORD-100900,20251203,96,13,55,1,496.76,0.0,496.76,304.39,192.37,38.72,COD,Standard,Delivered,1
900,ORD-100901,20251203,120,26,6,1,13844.81,20.0,11075.85,10919.22,156.63,1.41,COD,Express,Delivered,1
901,ORD-100902,20251203,98,31,9,1,472.95,0.0,472.95,336.0,136.95,28.96,UPI,Standard,Delivered,1
902,ORD-100903,20251204,6,51,21,2,892.75,15.0,1517.68,791.12,726.56,47.87,UPI,Standard,Delayed,1
903,ORD-100904,20251204,65,44,50,1,548.59,5.0,521.16,378.0,143.16,27.47,UPI,Economy,Delivered,1
904,ORD-100905,20251205,232,51,10,3,892.85,0.0,2678.55,1186.68,1491.87,55.7,Wallet,Standard,Returned,0
905,ORD-100906,20251205,233,39,46,1,1900.86,40.0,1140.52,1462.23,-321.71,-28.21,Debit Card,Express,Returned,0
906,ORD-100907,20251205,232,30,10,1,2331.79,10.0,2098.61,1793.22,305.39,14.55,COD,Express,Delivered,1
907,ORD-100908,20251206,199,47,50,1,1373.51,20.0,1098.81,629.55,469.26,42.71,UPI,Standard,Delivered,1
908,ORD-100909,20251206,219,21,28,1,720.45,5.0,684.43,511.2,173.23,25.31,COD,Standard,Delivered,1
909,ORD-100910,20251207,254,25,3,2,3138.94,5.0,5963.99,3071.04,2892.95,48.51,Credit Card,Express,Delivered,1
910,ORD-100911,20251207,14,46,18,5,383.64,5.0,1822.29,1235.0,587.29,32.23,UPI,Standard,Delivered,1
911,ORD-100912,20251207,232,46,10,1,387.59,10.0,348.83,247.0,101.83,29.19,COD,Express,Delivered,1
912,ORD-100913,20251207,59,23,22,2,3035.75,0.0,6071.5,2999.0,3072.5,50.61,UPI,Express,Delivered,1
913,ORD-100914,20251208,6,19,21,1,1839.7,15.0,1563.74,1165.5,398.24,25.47,Credit Card,Express,Delivered,1
914,ORD-100915,20251208,275,43,27,1,896.6,5.0,851.77,566.37,285.4,33.51,COD,Standard,Delivered,1
915,ORD-100916,20251209,65,36,50,1,338.36,15.0,287.61,165.6,122.01,42.42,Net Banking,Standard,Delivered,1
916,ORD-100917,20251209,232,22,10,2,764.8,0.0,1529.6,1033.6,496.0,32.43,UPI,Standard,Delivered,1
917,ORD-100918,20251209,142,8,36,1,377.82,5.0,358.93,269.8,89.13,24.83,UPI,Economy,Cancelled,0
918,ORD-100919,20251209,207,6,8,1,1814.98,15.0,1542.73,1385.23,157.5,10.21,UPI,Standard,Delayed,1
919,ORD-100920,20251212,176,31,48,2,480.14,5.0,912.27,672.0,240.27,26.34,UPI,Express,Delivered,1
920,ORD-100921,20251212,207,32,8,1,20368.31,10.0,18331.48,15799.21,2532.27,13.81,COD,Express,Delivered,1
921,ORD-100922,20251213,232,51,10,2,882.4,10.0,1588.32,791.12,797.2,50.19,COD,Standard,Delivered,1
922,ORD-100923,20251213,91,30,38,1,2315.28,15.0,1967.99,1793.22,174.77,8.88,COD,Standard,Delivered,1
923,ORD-100924,20251213,233,50,46,1,1994.95,5.0,1895.2,1279.36,615.84,32.49,UPI,Standard,Delivered,1
924,ORD-100925,20251214,35,49,11,1,997.42,0.0,997.42,649.35,348.07,34.9,Net Banking,Standard,Delivered,1
925,ORD-100926,20251214,232,30,10,1,2312.4,20.0,1849.92,1793.22,56.7,3.06,Credit Card,Standard,Delivered,1
926,ORD-100927,20251216,232,46,10,3,383.64,5.0,1093.37,741.0,352.37,32.23,COD,Standard,Delivered,1
927,ORD-100928,20251216,59,30,22,1,2304.14,10.0,2073.73,1793.22,280.51,13.53,UPI,Standard,Delivered,1
928,ORD-100929,20251216,113,28,32,1,604.55,5.0,574.32,299.5,274.82,47.85,UPI,Standard,Delivered,1
929,ORD-100930,20251217,62,42,54,1,1586.38,10.0,1427.74,1023.36,404.38,28.32,UPI,Economy,Delivered,1
930,ORD-100931,20251217,138,5,55,1,302.49,10.0,272.24,143.52,128.72,47.28,UPI,Express,Delivered,1
931,ORD-100932,20251218,16,43,39,1,887.49,10.0,798.74,566.37,232.37,29.09,COD,Standard,Delivered,1
932,ORD-100933,20251218,176,45,48,1,490.22,0.0,490.22,249.5,240.72,49.1,Net Banking,Standard,Delivered,1
933,ORD-100934,20251218,255,48,48,1,448.66,10.0,403.79,220.01,183.78,45.51,UPI,Economy,Delivered,1
934,ORD-100935,20251218,127,47,1,1,1372.81,5.0,1304.17,629.55,674.62,51.73,Debit Card,Standard,Cancelled,0
935,ORD-100936,20251218,232,41,10,1,911.88,10.0,820.69,683.24,137.45,16.75,UPI,Express,Delivered,1
936,ORD-100937,20251219,232,20,10,4,406.17,20.0,1299.74,1037.4,262.34,20.18,UPI,Economy,Delayed,1
937,ORD-100938,20251219,232,1,10,1,1702.19,0.0,1702.19,849.5,852.69,50.09,UPI,Economy,Returned,0
938,ORD-100939,20251220,232,41,10,1,910.9,15.0,774.26,683.24,91.02,11.76,UPI,Standard,Delivered,1
939,ORD-100940,20251220,232,29,10,1,492.48,25.0,369.36,309.38,59.98,16.24,UPI,Standard,Delivered,1
940,ORD-100941,20251220,241,47,52,1,1379.9,25.0,1034.93,629.55,405.38,39.17,UPI,Economy,Delivered,1
941,ORD-100942,20251220,200,1,55,2,1682.2,20.0,2691.52,1699.0,992.52,36.88,Debit Card,Standard,Returned,0
942,ORD-100943,20251220,68,5,3,3,294.58,10.0,795.37,430.56,364.81,45.87,UPI,Economy,Delivered,1
943,ORD-100944,20251220,233,16,46,1,2584.93,20.0,2067.94,1184.5,883.44,42.72,COD,Standard,Delivered,1
944,ORD-100945,20251223,239,11,56,1,427.01,10.0,384.31,264.6,119.71,31.15,Credit Card,Express,Delivered,1
945,ORD-100946,20251223,222,41,56,2,905.33,40.0,1086.4,1366.48,-280.08,-25.78,UPI,Express,Delivered,1
946,ORD-100947,20251224,232,25,10,1,3245.15,10.0,2920.64,1535.52,1385.12,47.43,UPI,Economy,Delayed,1
947,ORD-100948,20251225,47,12,37,1,13085.24,0.0,13085.24,8709.33,4375.91,33.44,COD,Express,Delivered,1
948,ORD-100949,20251225,233,35,46,1,1713.06,10.0,1541.75,1053.38,488.37,31.68,UPI,Express,Delivered,1
949,ORD-100950,20251226,232,26,10,1,13868.71,15.0,11788.4,10919.22,869.18,7.37,Credit Card,Express,Delivered,1
950,ORD-100951,20251226,241,50,52,1,1968.8,30.0,1378.16,1279.36,98.8,7.17,Credit Card,Standard,Delivered,1
951,ORD-100952,20251226,89,31,41,1,485.14,15.0,412.37,336.0,76.37,18.52,Debit Card,Economy,Delivered,1
952,ORD-100953,20251227,90,45,8,1,497.45,5.0,472.58,249.5,223.08,47.2,UPI,Express,Delivered,1
953,ORD-100954,20251227,232,23,10,2,2944.84,15.0,5006.23,2999.0,2007.23,40.09,UPI,Express,Returned,0
954,ORD-100955,20251227,232,47,10,1,1391.02,30.0,973.71,629.55,344.16,35.35,COD,Standard,Delayed,1
955,ORD-100956,20251228,232,30,10,1,2321.37,0.0,2321.37,1793.22,528.15,22.75,UPI,Express,Delivered,1
956,ORD-100957,20251229,142,3,36,1,5884.84,10.0,5296.36,3893.34,1403.02,26.49,Debit Card,Same-Day,Delivered,1
957,ORD-100958,20251229,285,36,23,2,348.24,10.0,626.83,331.2,295.63,47.16,UPI,Standard,Delivered,1
958,ORD-100959,20251229,15,24,27,1,490.21,40.0,294.13,244.51,49.62,16.87,UPI,Express,Delivered,1
959,ORD-100960,20251230,67,9,29,1,328.81,15.0,279.49,211.2,68.29,24.43,UPI,Economy,Delivered,1
960,ORD-100961,20251230,146,49,3,2,1017.1,10.0,1830.78,1298.7,532.08,29.06,UPI,Economy,Delivered,1
961,ORD-100962,20251230,176,22,48,4,748.29,30.0,2095.21,2067.2,28.01,1.34,UPI,Standard,Delivered,1
962,ORD-100963,20251230,186,11,43,1,422.41,25.0,316.81,264.6,52.21,16.48,Credit Card,Standard,Delivered,1
963,ORD-100964,20251231,14,31,18,4,488.45,5.0,1856.11,1344.0,512.11,27.59,Credit Card,Standard,Delayed,1
964,ORD-100965,20251231,120,4,6,2,3446.03,0.0,6892.06,3219.08,3672.98,53.29,UPI,Express,Delivered,1
965,ORD-100966,20260101,232,6,10,1,1764.04,20.0,1411.23,1385.23,26.0,1.84,COD,Express,Delivered,1
966,ORD-100967,20260102,147,35,45,1,1707.25,0.0,1707.25,1053.38,653.87,38.3,Debit Card,Same-Day,Delivered,1
967,ORD-100968,20260102,232,6,10,1,1827.94,0.0,1827.94,1385.23,442.71,24.22,Credit Card,Standard,Delivered,1
968,ORD-100969,20260103,275,23,27,1,3014.11,10.0,2712.7,1499.5,1213.2,44.72,Debit Card,Express,Returned,0
969,ORD-100970,20260103,281,35,7,1,1690.32,5.0,1605.8,1053.38,552.42,34.4,UPI,Express,Returned,0
970,ORD-100971,20260103,195,41,35,1,901.48,5.0,856.41,683.24,173.17,20.22,UPI,Express,Delivered,1
971,ORD-100972,20260104,147,50,45,2,2018.54,20.0,3229.66,2558.72,670.94,20.77,UPI,Same-Day,Cancelled,0
972,ORD-100973,20260105,232,30,10,1,2321.03,20.0,1856.82,1793.22,63.6,3.43,UPI,Standard,Delivered,1
973,ORD-100974,20260105,73,8,17,3,387.42,0.0,1162.26,809.4,352.86,30.36,Credit Card,Standard,Delivered,1
974,ORD-100975,20260106,63,7,44,4,1874.74,0.0,7498.96,4861.44,2637.52,35.17,UPI,Economy,Delivered,1
975,ORD-100976,20260107,232,6,10,1,1793.78,25.0,1345.34,1385.23,-39.89,-2.97,UPI,Standard,Delivered,1
976,ORD-100977,20260108,91,19,38,2,1833.07,5.0,3482.83,2331.0,1151.83,33.07,COD,Express,Delivered,1
977,ORD-100978,20260108,173,25,48,1,3219.17,20.0,2575.34,1535.52,1039.82,40.38,Debit Card,Express,Delivered,1
978,ORD-100979,20260109,283,35,45,1,1710.62,0.0,1710.62,1053.38,657.24,38.42,Credit Card,Standard,Delivered,1
979,ORD-100980,20260109,265,24,26,1,495.35,30.0,346.74,244.51,102.23,29.48,UPI,Standard,Delivered,1
980,ORD-100981,20260110,274,34,23,5,421.34,0.0,2106.7,1323.0,783.7,37.2,COD,Standard,Delivered,1
981,ORD-100982,20260110,232,44,10,1,529.94,20.0,423.95,378.0,45.95,10.84,Debit Card,Standard,Delivered,1
982,ORD-100983,20260110,232,45,10,1,495.48,15.0,421.16,249.5,171.66,40.76,COD,Standard,Delivered,1
983,ORD-100984,20260111,91,31,38,2,475.12,25.0,712.68,672.0,40.68,5.71,Credit Card,Express,Delivered,1
984,ORD-100985,20260112,219,21,28,1,709.84,15.0,603.36,511.2,92.16,15.27,COD,Standard,Delayed,1
985,ORD-100986,20260112,83,40,11,1,31410.85,15.0,26699.22,25592.0,1107.22,4.15,UPI,Economy,Delivered,1
986,ORD-100987,20260112,233,38,46,2,3266.54,5.0,6206.43,3364.98,2841.45,45.78,COD,Standard,Delivered,1
987,ORD-100988,20260112,232,4,10,1,3434.46,15.0,2919.29,1609.54,1309.75,44.87,Net Banking,Standard,Delivered,1
988,ORD-100989,20260113,233,10,46,5,298.68,20.0,1194.72,986.7,208.02,17.41,COD,Standard,Delivered,1
989,ORD-100990,20260113,192,40,13,2,32285.86,15.0,54885.96,51184.0,3701.96,6.74,UPI,Standard,Returned,0
990,ORD-100991,20260114,154,43,52,1,905.63,0.0,905.63,566.37,339.26,37.46,COD,Standard,Delivered,1
991,ORD-100992,20260114,147,21,45,1,729.4,5.0,692.93,511.2,181.73,26.23,Debit Card,Economy,Delivered,1
992,ORD-100994,20260115,232,3,10,2,5969.97,10.0,10745.95,7786.68,2959.27,27.54,UPI,Standard,Delivered,1
993,ORD-100995,20260115,280,48,52,2,443.35,30.0,620.69,440.02,180.67,29.11,UPI,Standard,Delivered,1
994,ORD-100996,20260116,113,30,32,1,2342.03,5.0,2224.93,1793.22,431.71,19.4,UPI,Standard,Delivered,1
995,ORD-100997,20260116,148,30,54,1,2339.19,0.0,2339.19,1793.22,545.97,23.34,Debit Card,Standard,Delivered,1
996,ORD-100998,20260118,254,32,3,1,19651.12,10.0,17686.01,15799.21,1886.8,10.67,UPI,Standard,Delivered,1
997,ORD-100999,20260118,199,11,50,2,426.19,5.0,809.76,529.2,280.56,34.65,UPI,Standard,Delivered,1
998,ORD-101000,20260119,176,5,48,1,296.77,10.0,267.09,143.52,123.57,46.27,Credit Card,Economy,Delivered,1
999,ORD-101001,20260119,97,28,11,1,610.75,10.0,549.68,299.5,250.18,45.51,Net Banking,Express,Delivered,1
1000,ORD-101002,20260120,232,25,10,1,3248.03,30.0,2273.62,1535.52,738.1,32.46,UPI,Economy,Delivered,1
1001,ORD-101003,20260120,232,14,10,2,998.55,25.0,1497.82,1378.62,119.2,7.96,COD,Standard,Delivered,1
1002,ORD-101004,20260120,232,32,10,2,20139.36,0.0,40278.72,31598.42,8680.3,21.55,Net Banking,Standard,Delivered,1
1003,ORD-101005,20260121,232,4,10,1,3535.74,10.0,3182.17,1609.54,1572.63,49.42,Credit Card,Standard,Returned,0
1004,ORD-101006,20260121,233,24,46,1,502.68,5.0,477.55,244.51,233.04,48.8,Credit Card,Standard,Delivered,1
1005,ORD-101007,20260121,7,39,38,3,1909.24,10.0,5154.95,4386.69,768.26,14.9,UPI,Standard,Delivered,1
1006,ORD-101008,20260122,232,40,10,1,31733.24,30.0,22213.27,25592.0,-3378.73,-15.21,Net Banking,Standard,Delivered,1
1007,ORD-101009,20260123,213,23,6,2,2986.19,20.0,4777.9,2999.0,1778.9,37.23,UPI,Standard,Delivered,1
1008,ORD-101010,20260123,165,27,27,1,943.85,0.0,943.85,597.87,345.98,36.66,Credit Card,Standard,Delivered,1
1009,ORD-101011,20260123,232,42,10,1,1592.12,5.0,1512.51,1023.36,489.15,32.34,COD,Standard,Delayed,1
1010,ORD-101012,20260124,106,45,50,2,497.04,20.0,795.26,499.0,296.26,37.25,UPI,Economy,Delivered,1
1011,ORD-101013,20260124,232,4,10,1,3567.3,20.0,2853.84,1609.54,1244.3,43.6,Debit Card,Express,Delivered,1
1012,ORD-101014,20260124,170,1,41,1,1701.87,25.0,1276.4,849.5,426.9,33.45,Net Banking,Express,Returned,0
1013,ORD-101015,20260125,219,46,28,2,382.88,30.0,536.03,494.0,42.03,7.84,COD,Express,Delivered,1
1014,ORD-101016,20260125,251,10,21,2,294.36,10.0,529.85,394.68,135.17,25.51,Debit Card,Economy,Delivered,1
1015,ORD-101017,20260125,219,37,28,3,3279.9,0.0,9839.7,6334.08,3505.62,35.63,COD,Standard,Delivered,1
1016,ORD-101018,20260126,175,24,19,1,507.61,5.0,482.23,244.51,237.72,49.3,UPI,Same-Day,Delivered,1
1017,ORD-101019,20260126,115,17,19,3,773.25,10.0,2087.78,1641.6,446.18,21.37,Debit Card,Standard,Delivered,1
1018,ORD-101020,20260126,210,45,24,1,495.74,5.0,470.95,249.5,221.45,47.02,Credit Card,Economy,Delivered,1
1019,ORD-101021,20260126,207,41,8,1,909.18,5.0,863.72,683.24,180.48,20.9,UPI,Standard,Delivered,1
1020,ORD-101022,20260127,147,37,45,2,3277.76,10.0,5899.97,4222.72,1677.25,28.43,UPI,Same-Day,Delivered,1
1021,ORD-101023,20260127,199,4,50,1,3435.04,0.0,3435.04,1609.54,1825.5,53.14,COD,Standard,Delivered,1
1022,ORD-101024,20260127,232,8,10,2,383.97,10.0,691.15,539.6,151.55,21.93,UPI,Standard,Delivered,1
1023,ORD-101025,20260127,223,25,35,1,3178.19,0.0,3178.19,1535.52,1642.67,51.69,UPI,Express,Delivered,1
1024,ORD-101026,20260127,50,15,14,1,1866.42,25.0,1399.82,907.2,492.62,35.19,COD,Standard,Delivered,1
1025,ORD-101027,20260128,232,47,10,1,1421.63,0.0,1421.63,629.55,792.08,55.72,COD,Standard,Delivered,1
1026,ORD-101028,20260128,241,42,52,1,1568.51,5.0,1490.08,1023.36,466.72,31.32,COD,Standard,Delivered,1
1027,ORD-101029,20260128,201,23,18,2,3002.06,10.0,5403.71,2999.0,2404.71,44.5,COD,Standard,Delivered,1
1028,ORD-101030,20260129,91,21,38,3,713.26,0.0,2139.78,1533.6,606.18,28.33,COD,Standard,Delivered,1
1029,ORD-101031,20260130,143,26,26,1,13749.7,15.0,11687.24,10919.22,768.02,6.57,COD,Standard,Delivered,1
1030,ORD-101032,20260131,232,32,10,1,20269.72,20.0,16215.78,15799.21,416.57,2.57,COD,Economy,Delivered,1
1031,ORD-101033,20260131,102,18,41,2,52580.92,5.0,99903.75,84784.0,15119.75,15.13,Net Banking,Standard,Delivered,1
1032,ORD-101034,20260201,191,40,42,1,32120.33,10.0,28908.3,25592.0,3316.3,11.47,Credit Card,Express,Delivered,1
1033,ORD-101035,20260201,232,27,10,1,940.71,0.0,940.71,597.87,342.84,36.44,UPI,Standard,Delivered,1
1034,ORD-101036,20260202,232,7,10,2,1919.36,20.0,3070.98,2430.72,640.26,20.85,UPI,Economy,Delivered,1
1035,ORD-101037,20260204,218,29,12,3,489.5,5.0,1395.08,928.14,466.94,33.47,Credit Card,Standard,Delivered,1
1036,ORD-101038,20260204,1,4,21,1,3499.13,30.0,2449.39,1609.54,839.85,34.29,Debit Card,Express,Delivered,1
1037,ORD-101039,20260205,67,18,29,1,53655.19,5.0,50972.43,42392.0,8580.43,16.83,Credit Card,Economy,Delivered,1
1038,ORD-101040,20260205,201,6,18,1,1785.0,15.0,1517.25,1385.23,132.02,8.7,COD,Express,Delivered,1
1039,ORD-101041,20260206,172,50,8,2,2038.36,5.0,3872.88,2558.72,1314.16,33.93,UPI,Express,Delivered,1
1040,ORD-101042,20260207,232,27,10,1,933.07,25.0,699.8,597.87,101.93,14.57,UPI,Standard,Delivered,1
1041,ORD-101043,20260207,248,31,15,1,484.92,0.0,484.92,336.0,148.92,30.71,Credit Card,Standard,Delivered,1
1042,ORD-101044,20260208,6,15,21,2,1919.12,0.0,3838.24,1814.4,2023.84,52.73,UPI,Same-Day,Delivered,1
1043,ORD-101045,20260209,142,34,36,2,419.46,40.0,503.35,529.2,-25.85,-5.14,Credit Card,Standard,Delivered,1
1044,ORD-101046,20260209,271,25,21,1,3143.95,5.0,2986.75,1535.52,1451.23,48.59,UPI,Same-Day,Delivered,1
1045,ORD-101047,20260210,176,37,48,1,3268.48,15.0,2778.21,2111.36,666.85,24.0,UPI,Standard,Delayed,1
1046,ORD-101048,20260210,277,26,9,1,14145.03,0.0,14145.03,10919.22,3225.81,22.81,UPI,Economy,Delivered,1
1047,ORD-101049,20260210,136,21,10,2,713.22,0.0,1426.44,1022.4,404.04,28.33,Credit Card,Standard,Delivered,1
1048,ORD-101050,20260210,270,11,3,2,416.21,25.0,624.31,529.2,95.11,15.23,COD,Economy,Delivered,1
1049,ORD-101051,20260211,90,33,8,2,258.03,40.0,309.64,358.8,-49.16,-15.88,UPI,Express,Delivered,1
1050,ORD-101052,20260211,91,32,38,2,20171.17,0.0,40342.34,31598.42,8743.92,21.67,UPI,Standard,Delivered,1
1051,ORD-101053,20260212,97,10,11,3,297.0,0.0,891.0,592.02,298.98,33.56,COD,Standard,Delivered,1
1052,ORD-101054,20260212,232,8,10,3,382.12,10.0,1031.72,809.4,222.32,21.55,Net Banking,Standard,Delivered,1
1053,ORD-101055,20260213,112,2,5,2,504.96,30.0,706.94,658.68,48.26,6.83,COD,Express,Delivered,1
1054,ORD-101056,20260213,278,18,4,1,52269.54,5.0,49656.06,42392.0,7264.06,14.63,UPI,Standard,Delivered,1
1055,ORD-101057,20260213,84,16,23,2,2533.25,15.0,4306.52,2369.0,1937.52,44.99,COD,Standard,Returned,0
1056,ORD-101058,20260214,142,42,36,2,1609.89,15.0,2736.81,2046.72,690.09,25.22,Credit Card,Express,Delivered,1
1057,ORD-101059,20260214,105,6,29,1,1834.78,20.0,1467.82,1385.23,82.59,5.63,UPI,Standard,Delivered,1
1058,ORD-101060,20260215,207,12,8,1,13013.25,0.0,13013.25,8709.33,4303.92,33.07,COD,Standard,Delivered,1
1059,ORD-101061,20260215,41,51,46,2,896.63,10.0,1613.93,791.12,822.81,50.98,COD,Express,Delivered,1
1060,ORD-101062,20260217,199,17,50,2,747.61,10.0,1345.7,1094.4,251.3,18.67,Debit Card,Economy,Delivered,1
1061,ORD-101063,20260217,232,44,10,1,534.43,5.0,507.71,378.0,129.71,25.55,COD,Express,Delivered,1
1062,ORD-101064,20260217,233,35,46,4,1722.04,15.0,5854.94,4213.52,1641.42,28.03,COD,Standard,Delivered,1
1063,ORD-101065,20260217,156,51,42,1,903.17,10.0,812.85,395.56,417.29,51.34,UPI,Standard,Delivered,1
1064,ORD-101066,20260217,224,28,37,1,610.26,25.0,457.7,299.5,158.2,34.56,COD,Standard,Delivered,1
1065,ORD-101067,20260218,90,22,8,4,768.82,10.0,2767.75,2067.2,700.55,25.31,Debit Card,Economy,Delivered,1
1066,ORD-101068,20260219,233,5,46,2,301.48,10.0,542.66,287.04,255.62,47.11,Debit Card,Economy,Delivered,1
1067,ORD-101069,20260220,232,33,10,2,262.1,15.0,445.57,358.8,86.77,19.47,Credit Card,Standard,Delayed,1
1068,ORD-101070,20260220,232,41,10,1,886.58,25.0,664.94,683.24,-18.3,-2.75,UPI,Express,Delivered,1
1069,ORD-101071,20260222,232,28,10,1,598.31,0.0,598.31,299.5,298.81,49.94,COD,Economy,Delivered,1
1070,ORD-101072,20260222,67,3,29,1,5922.53,5.0,5626.4,3893.34,1733.06,30.8,Credit Card,Express,Delivered,1
1071,ORD-101073,20260222,142,23,36,1,2996.68,10.0,2697.01,1499.5,1197.51,44.4,Net Banking,Standard,Returned,0
1072,ORD-101074,20260222,6,37,21,1,3286.07,30.0,2300.25,2111.36,188.89,8.21,Wallet,Standard,Delivered,1
1073,ORD-101075,20260223,264,41,28,1,911.82,15.0,775.05,683.24,91.81,11.85,COD,Standard,Cancelled,0
1074,ORD-101076,20260223,106,32,50,1,20052.66,5.0,19050.03,15799.21,3250.82,17.06,COD,Standard,Delivered,1
1075,ORD-101077,20260224,232,39,10,1,1917.03,10.0,1725.33,1462.23,263.1,15.25,UPI,Economy,Delivered,1
1076,ORD-101078,20260225,114,19,3,2,1873.35,15.0,3184.7,2331.0,853.7,26.81,Credit Card,Standard,Delivered,1
1077,ORD-101079,20260228,85,37,34,2,3350.52,25.0,5025.78,4222.72,803.06,15.98,UPI,Express,Delayed,1
1078,ORD-101080,20260301,192,8,13,1,375.04,0.0,375.04,269.8,105.24,28.06,UPI,Express,Delivered,1
1079,ORD-101081,20260302,67,16,29,1,2535.61,20.0,2028.49,1184.5,843.99,41.61,COD,Standard,Delivered,1
1080,ORD-101082,20260302,232,24,10,1,489.93,0.0,489.93,244.51,245.42,50.09,UPI,Standard,Delivered,1
1081,ORD-101083,20260302,131,21,2,2,717.76,15.0,1220.19,1022.4,197.79,16.21,Credit Card,Express,Delivered,1
1082,ORD-101084,20260303,247,11,19,1,425.74,10.0,383.17,264.6,118.57,30.94,UPI,Same-Day,Delivered,1
1083,ORD-101085,20260304,264,31,28,2,473.31,0.0,946.62,672.0,274.62,29.01,Debit Card,Standard,Delivered,1
1084,ORD-101086,20260305,268,34,46,2,418.52,0.0,837.04,529.2,307.84,36.78,UPI,Standard,Delivered,1
1085,ORD-101087,20260305,213,5,6,1,293.39,30.0,205.37,143.52,61.85,30.12,Wallet,Standard,Delivered,1
1086,ORD-101088,20260306,232,35,10,3,1711.23,15.0,4363.64,3160.14,1203.5,27.58,UPI,Express,Delivered,1
1087,ORD-101089,20260307,14,43,18,1,909.49,0.0,909.49,566.37,343.12,37.73,COD,Economy,Delivered,1
1088,ORD-101090,20260307,14,12,18,1,12845.79,5.0,12203.5,8709.33,3494.17,28.63,COD,Economy,Delivered,1
1089,ORD-101091,20260307,232,16,10,2,2606.58,5.0,4952.5,2369.0,2583.5,52.17,Credit Card,Standard,Delivered,1
1090,ORD-101092,20260308,233,1,46,2,1682.19,30.0,2355.07,1699.0,656.07,27.86,UPI,Economy,Returned,0
1091,ORD-101093,20260308,275,18,27,1,53596.8,20.0,42877.44,42392.0,485.44,1.13,UPI,Express,Delivered,1
1092,ORD-101094,20260308,232,3,10,2,5786.71,15.0,9837.41,7786.68,2050.73,20.85,COD,Economy,Delivered,1
1093,ORD-101095,20260309,6,15,21,1,1900.65,10.0,1710.58,907.2,803.38,46.97,COD,Standard,Delivered,1
1094,ORD-101096,20260309,59,51,22,1,889.16,0.0,889.16,395.56,493.6,55.51,Credit Card,Express,Delivered,1
1095,ORD-101097,20260309,260,39,34,1,1863.43,10.0,1677.09,1462.23,214.86,12.81,UPI,Standard,Delivered,1
1096,ORD-101098,20260309,97,2,11,1,497.36,5.0,472.49,329.34,143.15,30.3,Credit Card,Economy,Delivered,1
1097,ORD-101099,20260310,200,48,55,1,452.07,0.0,452.07,220.01,232.06,51.33,Debit Card,Standard,Delayed,1
1098,ORD-101100,20260310,147,26,45,1,13749.18,0.0,13749.18,10919.22,2829.96,20.58,UPI,Express,Delivered,1
1099,ORD-101101,20260312,232,45,10,2,495.5,15.0,842.35,499.0,343.35,40.76,COD,Standard,Delayed,1
1100,ORD-101102,20260312,128,13,32,1,496.01,0.0,496.01,304.39,191.62,38.63,UPI,Express,Delayed,1
1101,ORD-101103,20260313,56,5,31,1,303.18,10.0,272.86,143.52,129.34,47.4,COD,Economy,Delivered,1
1102,ORD-101104,20260314,220,34,37,2,426.65,0.0,853.3,529.2,324.1,37.98,UPI,Standard,Cancelled,0
1103,ORD-101105,20260315,281,21,7,3,714.23,20.0,1714.15,1533.6,180.55,10.53,UPI,Standard,Delivered,1
1104,ORD-101106,20260315,236,23,25,1,3008.44,0.0,3008.44,1499.5,1508.94,50.16,COD,Standard,Returned,0
1105,ORD-101107,20260315,40,25,7,3,3241.96,0.0,9725.88,4606.56,5119.32,52.64,UPI,Economy,Delivered,1
1106,ORD-101108,20260316,232,41,10,1,897.28,20.0,717.82,683.24,34.58,4.82,UPI,Standard,Cancelled,0
1107,ORD-101109,20260316,259,10,55,3,301.83,15.0,769.67,592.02,177.65,23.08,UPI,Economy,Delivered,1
1108,ORD-101110,20260316,232,8,10,1,377.33,10.0,339.6,269.8,69.8,20.55,COD,Economy,Delivered,1
1109,ORD-101111,20260316,232,1,10,3,1681.77,20.0,4036.25,2548.5,1487.75,36.86,Debit Card,Standard,Delivered,1
1110,ORD-101112,20260317,232,3,10,1,5805.64,0.0,5805.64,3893.34,1912.3,32.94,UPI,Standard,Delivered,1
1111,ORD-101113,20260318,281,6,7,1,1791.23,10.0,1612.11,1385.23,226.88,14.07,COD,Standard,Delayed,1
1112,ORD-101114,20260319,232,42,10,1,1595.0,20.0,1276.0,1023.36,252.64,19.8,COD,Standard,Delivered,1
1113,ORD-101115,20260320,233,26,46,2,13824.81,5.0,26267.14,21838.44,4428.7,16.86,UPI,Economy,Delivered,1
1114,ORD-101116,20260320,192,43,13,2,898.26,25.0,1347.39,1132.74,214.65,15.93,COD,Standard,Delivered,1
1115,ORD-101117,20260320,233,45,46,4,506.43,25.0,1519.29,998.0,521.29,34.31,COD,Economy,Delivered,1
1116,ORD-101118,20260321,37,28,43,1,601.91,10.0,541.72,299.5,242.22,44.71,COD,Standard,Delivered,1
1117,ORD-101119,20260321,232,39,10,1,1902.79,5.0,1807.65,1462.23,345.42,19.11,UPI,Standard,Delivered,1
1118,ORD-101120,20260321,219,51,28,1,897.76,10.0,807.98,395.56,412.42,51.04,UPI,Economy,Delivered,1
1119,ORD-101121,20260321,91,4,38,1,3474.17,0.0,3474.17,1609.54,1864.63,53.67,UPI,Standard,Delivered,1
1120,ORD-101122,20260321,232,37,10,2,3238.19,25.0,4857.28,4222.72,634.56,13.06,UPI,Standard,Delivered,1
1121,ORD-101123,20260322,106,11,50,1,412.98,15.0,351.03,264.6,86.43,24.62,UPI,Economy,Delivered,1
1122,ORD-101124,20260323,164,39,30,1,1861.61,15.0,1582.37,1462.23,120.14,7.59,UPI,Standard,Delivered,1
1123,ORD-101125,20260323,190,1,42,4,1708.02,5.0,6490.48,3398.0,3092.48,47.65,UPI,Standard,Delivered,1
1124,ORD-101126,20260323,248,41,15,1,909.48,15.0,773.06,683.24,89.82,11.62,Debit Card,Express,Delivered,1
1125,ORD-101127,20260324,8,20,21,1,392.27,25.0,294.2,259.35,34.85,11.85,Net Banking,Standard,Delivered,1
1126,ORD-101128,20260325,267,45,46,1,503.56,15.0,428.03,249.5,178.53,41.71,Wallet,Express,Delivered,1
1127,ORD-101129,20260325,232,17,10,1,756.34,25.0,567.26,547.2,20.06,3.54,UPI,Standard,Delivered,1
1128,ORD-101130,20260325,126,41,14,3,906.26,10.0,2446.9,2049.72,397.18,16.23,UPI,Economy,Delivered,1
1129,ORD-101131,20260325,114,51,3,1,891.41,10.0,802.27,395.56,406.71,50.69,Wallet,Economy,Returned,0
1130,ORD-101132,20260327,142,49,36,2,979.71,20.0,1567.54,1298.7,268.84,17.15,COD,Standard,Delivered,1
1131,ORD-101133,20260328,277,37,9,1,3285.72,10.0,2957.15,2111.36,845.79,28.6,COD,Economy,Delivered,1
1132,ORD-101134,20260328,115,13,19,1,501.82,0.0,501.82,304.39,197.43,39.34,UPI,Standard,Delivered,1
1133,ORD-101135,20260328,219,48,28,1,441.88,0.0,441.88,220.01,221.87,50.21,UPI,Express,Delayed,1
1134,ORD-101136,20260329,7,31,38,1,483.7,0.0,483.7,336.0,147.7,30.54,COD,Standard,Cancelled,0
1135,ORD-101137,20260329,249,34,36,3,412.73,15.0,1052.46,793.8,258.66,24.58,UPI,Same-Day,Delivered,1
1136,ORD-101138,20260330,233,11,46,3,415.39,10.0,1121.55,793.8,327.75,29.22,COD,Standard,Delivered,1
1137,ORD-101139,20260331,170,42,41,2,1597.55,20.0,2556.08,2046.72,509.36,19.93,UPI,Standard,Delivered,1
1138,ORD-101140,20260331,91,32,38,1,19717.5,20.0,15774.0,15799.21,-25.21,-0.16,UPI,Standard,Delayed,1
1139,ORD-101141,20260331,66,44,47,4,541.47,0.0,2165.88,1512.0,653.88,30.19,COD,Economy,Delivered,1
1140,ORD-101142,20260401,179,45,6,1,489.31,15.0,415.91,249.5,166.41,40.01,UPI,Standard,Delivered,1
1141,ORD-101143,20260402,275,35,27,1,1721.02,25.0,1290.76,1053.38,237.38,18.39,Net Banking,Standard,Delivered,1
1142,ORD-101144,20260402,23,30,2,1,2264.82,5.0,2151.58,1793.22,358.36,16.66,Debit Card,Standard,Delivered,1
1143,ORD-101145,20260402,58,15,42,1,1892.49,15.0,1608.62,907.2,701.42,43.6,UPI,Standard,Delivered,1
1144,ORD-101146,20260403,232,30,10,1,2316.06,0.0,2316.06,1793.22,522.84,22.57,UPI,Standard,Delivered,1
1145,ORD-101147,20260404,14,25,18,1,3157.87,0.0,3157.87,1535.52,1622.35,51.37,COD,Standard,Delivered,1
1146,ORD-101148,20260404,65,37,50,2,3356.49,15.0,5706.03,4222.72,1483.31,26.0,UPI,Standard,Delivered,1
1147,ORD-101149,20260404,232,19,10,1,1876.55,15.0,1595.07,1165.5,429.57,26.93,UPI,Express,Delivered,1
1148,ORD-101150,20260406,232,6,10,1,1789.5,5.0,1700.02,1385.23,314.79,18.52,COD,Standard,Delivered,1
1149,ORD-101151,20260406,79,40,26,1,31546.84,15.0,26814.81,25592.0,1222.81,4.56,UPI,Standard,Delivered,1
1150,ORD-101152,20260407,168,18,45,1,52907.44,20.0,42325.95,42392.0,-66.05,-0.16,Credit Card,Standard,Delivered,1
1151,ORD-101153,20260408,232,35,10,1,1670.85,15.0,1420.22,1053.38,366.84,25.83,COD,Economy,Delivered,1
1152,ORD-101154,20260408,281,14,7,2,1010.25,10.0,1818.45,1378.62,439.83,24.19,Debit Card,Standard,Delivered,1
1153,ORD-101155,20260408,214,31,54,2,474.47,0.0,948.94,672.0,276.94,29.18,COD,Standard,Delivered,1
1154,ORD-101156,20260409,252,15,16,1,1856.54,10.0,1670.89,907.2,763.69,45.71,COD,Standard,Delivered,1
1155,ORD-101157,20260409,56,30,31,1,2255.35,10.0,2029.82,1793.22,236.6,11.66,Credit Card,Economy,Delivered,1
1156,ORD-101158,20260409,99,25,37,1,3224.55,0.0,3224.55,1535.52,1689.03,52.38,Debit Card,Economy,Delivered,1
1157,ORD-101159,20260409,207,48,8,2,449.21,15.0,763.66,440.02,323.64,42.38,UPI,Standard,Delivered,1
1158,ORD-101160,20260409,52,48,17,3,444.06,10.0,1198.96,660.03,538.93,44.95,UPI,Express,Delivered,1
1159,ORD-101161,20260409,170,25,41,1,3173.02,5.0,3014.37,1535.52,1478.85,49.06,Wallet,Economy,Delivered,1
1160,ORD-101162,20260410,32,12,43,1,13202.09,5.0,12541.99,8709.33,3832.66,30.56,Credit Card,Economy,Delivered,1
1161,ORD-101163,20260411,232,43,10,2,916.28,5.0,1740.93,1132.74,608.19,34.93,UPI,Standard,Delayed,1
1162,ORD-101164,20260411,232,23,10,1,2987.45,5.0,2838.08,1499.5,1338.58,47.16,UPI,Standard,Delivered,1
1163,ORD-101165,20260411,243,18,11,2,53340.74,15.0,90679.26,84784.0,5895.26,6.5,Debit Card,Standard,Delivered,1
1164,ORD-101166,20260411,232,14,10,1,997.8,0.0,997.8,689.31,308.49,30.92,COD,Standard,Delayed,1
1165,ORD-101167,20260411,178,18,37,3,52571.31,15.0,134056.84,127176.0,6880.84,5.13,Debit Card,Economy,Delivered,1
1166,ORD-101168,20260412,172,33,8,1,259.08,15.0,220.22,179.4,40.82,18.54,COD,Standard,Delivered,1
1167,ORD-101169,20260413,142,1,36,3,1673.91,15.0,4268.47,2548.5,1719.97,40.29,Credit Card,Express,Delayed,1
1168,ORD-101170,20260413,233,19,46,1,1840.33,0.0,1840.33,1165.5,674.83,36.67,Debit Card,Express,Delivered,1
1169,ORD-101171,20260414,7,6,38,1,1823.61,25.0,1367.71,1385.23,-17.52,-1.28,UPI,Standard,Delivered,1
1170,ORD-101172,20260414,176,37,48,2,3263.86,10.0,5874.95,4222.72,1652.23,28.12,UPI,Express,Delivered,1
1171,ORD-101173,20260414,190,42,42,1,1597.32,20.0,1277.86,1023.36,254.5,19.92,Net Banking,Standard,Delivered,1
1172,ORD-101174,20260414,98,19,9,1,1822.37,5.0,1731.25,1165.5,565.75,32.68,Credit Card,Standard,Delivered,1
1173,ORD-101175,20260414,232,14,10,1,985.98,0.0,985.98,689.31,296.67,30.09,COD,Standard,Delayed,1
1174,ORD-101176,20260414,233,27,46,2,951.9,25.0,1427.85,1195.74,232.11,16.26,COD,Standard,Delivered,1
1175,ORD-101177,20260415,232,45,10,1,490.95,0.0,490.95,249.5,241.45,49.18,Credit Card,Standard,Delivered,1
1176,ORD-101178,20260415,14,4,18,1,3507.79,5.0,3332.4,1609.54,1722.86,51.7,UPI,Express,Delivered,1
1177,ORD-101179,20260415,22,21,44,1,726.18,10.0,653.56,511.2,142.36,21.78,COD,Standard,Delivered,1
1178,ORD-101180,20260415,179,39,6,1,1912.98,0.0,1912.98,1462.23,450.75,23.56,UPI,Economy,Delivered,1
1179,ORD-101181,20260416,176,41,48,1,883.22,30.0,618.25,683.24,-64.99,-10.51,COD,Economy,Delivered,1
1180,ORD-101182,20260416,179,19,6,1,1842.7,15.0,1566.3,1165.5,400.8,25.59,COD,Standard,Delivered,1
1181,ORD-101183,20260417,139,20,15,1,404.78,0.0,404.78,259.35,145.43,35.93,Credit Card,Express,Delivered,1
1182,ORD-101184,20260417,53,35,32,1,1723.69,15.0,1465.14,1053.38,411.76,28.1,COD,Express,Delivered,1
1183,ORD-101185,20260417,232,41,10,1,885.62,10.0,797.06,683.24,113.82,14.28,UPI,Standard,Delivered,1
1184,ORD-101186,20260417,177,17,55,2,767.65,0.0,1535.3,1094.4,440.9,28.72,COD,Express,Delivered,1
1185,ORD-101187,20260417,50,37,14,2,3248.64,5.0,6172.42,4222.72,1949.7,31.59,UPI,Standard,Delivered,1
1186,ORD-101188,20260417,43,17,9,1,767.66,0.0,767.66,547.2,220.46,28.72,UPI,Economy,Delivered,1
1187,ORD-101189,20260418,87,3,10,1,5924.93,10.0,5332.44,3893.34,1439.1,26.99,UPI,Standard,Delayed,1
1188,ORD-101190,20260418,28,6,29,2,1819.04,0.0,3638.08,2770.46,867.62,23.85,Credit Card,Express,Delivered,1
1189,ORD-101191,20260418,232,5,10,1,293.27,0.0,293.27,143.52,149.75,51.06,Credit Card,Standard,Delayed,1
1190,ORD-101192,20260418,232,23,10,1,2965.18,5.0,2816.92,1499.5,1317.42,46.77,Debit Card,Standard,Delivered,1
1191,ORD-101193,20260418,288,9,45,2,333.09,10.0,599.56,422.4,177.16,29.55,UPI,Same-Day,Delivered,1
1192,ORD-101194,20260418,232,49,10,2,993.69,10.0,1788.64,1298.7,489.94,27.39,Credit Card,Express,Delivered,1
1193,ORD-101195,20260418,202,6,46,1,1821.44,20.0,1457.15,1385.23,71.92,4.94,COD,Standard,Delivered,1
1194,ORD-101196,20260419,209,48,49,2,452.01,10.0,813.62,440.02,373.6,45.92,UPI,Standard,Delivered,1
1195,ORD-101197,20260419,230,42,37,1,1584.71,30.0,1109.3,1023.36,85.94,7.75,UPI,Standard,Delivered,1
1196,ORD-101198,20260420,268,21,46,2,723.26,20.0,1157.22,1022.4,134.82,11.65,UPI,Express,Delayed,1
1197,ORD-101199,20260420,25,33,33,2,256.95,0.0,513.9,358.8,155.1,30.18,UPI,Standard,Delivered,1
1198,ORD-101200,20260420,232,6,10,1,1812.77,15.0,1540.85,1385.23,155.62,10.1,UPI,Standard,Delayed,1
1199,ORD-101201,20260421,232,20,10,1,400.61,10.0,360.55,259.35,101.2,28.07,UPI,Standard,Delivered,1
1200,ORD-101202,20260421,232,1,10,1,1681.62,10.0,1513.46,849.5,663.96,43.87,Credit Card,Standard,Delivered,1
1201,ORD-101203,20260422,139,39,15,1,1929.1,0.0,1929.1,1462.23,466.87,24.2,Credit Card,Standard,Delivered,1
1202,ORD-101204,20260422,232,30,10,1,2299.67,40.0,1379.8,1793.22,-413.42,-29.96,UPI,Economy,Delivered,1
1203,ORD-101205,20260424,232,30,10,1,2309.48,0.0,2309.48,1793.22,516.26,22.35,UPI,Economy,Delayed,1
1204,ORD-101206,20260424,102,51,41,1,909.54,15.0,773.11,395.56,377.55,48.84,UPI,Economy,Delivered,1
1205,ORD-101207,20260424,84,16,23,1,2580.83,0.0,2580.83,1184.5,1396.33,54.1,Net Banking,Economy,Delivered,1
1206,ORD-101208,20260424,6,37,21,1,3350.71,30.0,2345.5,2111.36,234.14,9.98,Net Banking,Standard,Delivered,1
1207,ORD-101209,20260425,14,40,18,1,32038.12,10.0,28834.31,25592.0,3242.31,11.24,COD,Standard,Delayed,1
1208,ORD-101210,20260426,213,23,6,1,3006.87,5.0,2856.53,1499.5,1357.03,47.51,UPI,Standard,Delivered,1
1209,ORD-101211,20260426,21,46,35,5,384.27,0.0,1921.35,1235.0,686.35,35.72,COD,Standard,Cancelled,0
1210,ORD-101212,20260426,232,3,10,2,5881.42,0.0,11762.84,7786.68,3976.16,33.8,Debit Card,Express,Delayed,1
1211,ORD-101213,20260428,165,49,27,1,1015.27,15.0,862.98,649.35,213.63,24.75,UPI,Standard,Delivered,1
1212,ORD-101214,20260428,142,43,36,2,915.64,0.0,1831.28,1132.74,698.54,38.14,UPI,Same-Day,Delivered,1
1213,ORD-101215,20260428,233,18,46,1,53120.72,10.0,47808.65,42392.0,5416.65,11.33,COD,Standard,Delivered,1
1214,ORD-101216,20260428,232,27,10,3,945.02,5.0,2693.31,1793.61,899.7,33.4,UPI,Express,Delivered,1
1215,ORD-101217,20260429,199,18,50,2,52531.04,25.0,78796.56,84784.0,-5987.44,-7.6,COD,Standard,Delivered,1
1216,ORD-101218,20260430,233,25,46,1,3172.44,10.0,2855.2,1535.52,1319.68,46.22,COD,Express,Returned,0
1217,ORD-101219,20260501,232,23,10,1,3052.02,15.0,2594.22,1499.5,1094.72,42.2,Net Banking,Standard,Returned,0
1218,ORD-101220,20260501,255,4,48,1,3485.06,0.0,3485.06,1609.54,1875.52,53.82,UPI,Standard,Cancelled,0
1219,ORD-101221,20260502,84,43,23,2,900.92,0.0,1801.84,1132.74,669.1,37.13,UPI,Standard,Delivered,1
1220,ORD-101222,20260502,232,39,10,1,1929.5,15.0,1640.08,1462.23,177.85,10.84,COD,Standard,Delivered,1
1221,ORD-101223,20260503,232,26,10,2,14108.47,10.0,25395.25,21838.44,3556.81,14.01,UPI,Standard,Delivered,1
1222,ORD-101224,20260503,196,41,42,1,896.98,0.0,896.98,683.24,213.74,23.83,UPI,Standard,Delivered,1
1223,ORD-101225,20260503,232,27,10,1,967.09,0.0,967.09,597.87,369.22,38.18,UPI,Standard,Delivered,1
1224,ORD-101226,20260504,250,45,4,1,508.4,25.0,381.3,249.5,131.8,34.57,COD,Express,Delivered,1
1225,ORD-101227,20260504,113,26,32,1,14122.23,0.0,14122.23,10919.22,3203.01,22.68,Debit Card,Express,Delayed,1
1226,ORD-101228,20260506,232,12,10,1,12772.96,10.0,11495.66,8709.33,2786.33,24.24,COD,Express,Delivered,1
1227,ORD-101229,20260507,232,50,10,1,1983.86,20.0,1587.09,1279.36,307.73,19.39,Credit Card,Economy,Delivered,1
1228,ORD-101230,20260508,205,43,55,3,886.61,0.0,2659.83,1699.11,960.72,36.12,Wallet,Standard,Delivered,1
1229,ORD-101231,20260509,232,28,10,2,606.48,0.0,1212.96,599.0,613.96,50.62,UPI,Economy,Delivered,1
1230,ORD-101232,20260510,232,48,10,4,453.22,0.0,1812.88,880.04,932.84,51.46,COD,Standard,Delivered,1
1231,ORD-101233,20260510,232,4,10,2,3563.41,5.0,6770.48,3219.08,3551.4,52.45,UPI,Standard,Cancelled,0
1232,ORD-101234,20260512,269,14,35,2,1004.25,5.0,1908.07,1378.62,529.45,27.75,Unknown,Standard,Delivered,1
1233,ORD-101235,20260513,163,41,18,1,890.38,10.0,801.34,683.24,118.1,14.74,UPI,Standard,Delivered,1
1234,ORD-101236,20260513,14,33,18,1,262.35,10.0,236.12,179.4,56.72,24.02,Credit Card,Standard,Delivered,1
1235,ORD-101237,20260514,233,51,46,1,913.81,0.0,913.81,395.56,518.25,56.71,COD,Express,Returned,0
1236,ORD-101238,20260515,268,30,46,2,2304.98,5.0,4379.46,3586.44,793.02,18.11,UPI,Standard,Delivered,1
1237,ORD-101239,20260515,232,23,10,1,3008.29,10.0,2707.46,1499.5,1207.96,44.62,UPI,Express,Returned,0
1238,ORD-101240,20260515,232,22,10,1,768.3,0.0,768.3,516.8,251.5,32.73,UPI,Standard,Delivered,1
1239,ORD-101241,20260516,265,19,26,3,1882.89,0.0,5648.67,3496.5,2152.17,38.1,UPI,Economy,Returned,0
1240,ORD-101242,20260517,294,45,1,1,496.13,0.0,496.13,249.5,246.63,49.71,COD,Economy,Delivered,1
1241,ORD-101243,20260517,112,31,5,1,472.3,20.0,377.84,336.0,41.84,11.07,Debit Card,Standard,Delivered,1
1242,ORD-101244,20260518,176,22,48,3,769.42,0.0,2308.26,1550.4,757.86,32.83,COD,Express,Delivered,1
1243,ORD-101245,20260519,230,32,37,1,19941.92,20.0,15953.54,15799.21,154.33,0.97,COD,Standard,Delivered,1
1244,ORD-101246,20260520,189,8,21,1,384.59,30.0,269.21,269.8,-0.59,-0.22,UPI,Same-Day,Delivered,1
1245,ORD-101247,20260520,232,6,10,1,1815.46,10.0,1633.91,1385.23,248.68,15.22,UPI,Standard,Delivered,1
1246,ORD-101248,20260521,147,20,45,1,402.07,25.0,301.55,259.35,42.2,13.99,Credit Card,Express,Delivered,1
1247,ORD-101249,20260521,232,29,10,1,507.48,20.0,405.98,309.38,96.6,23.79,UPI,Standard,Delivered,1
1248,ORD-101250,20260521,147,1,45,2,1711.09,5.0,3251.07,1699.0,1552.07,47.74,Net Banking,Express,Delayed,1
1249,ORD-101251,20260522,233,19,46,1,1883.65,15.0,1601.1,1165.5,435.6,27.21,Credit Card,Standard,Delivered,1
1250,ORD-101252,20260523,232,23,10,2,3049.93,20.0,4879.89,2999.0,1880.89,38.54,UPI,Standard,Cancelled,0
1251,ORD-101253,20260523,170,18,41,1,53054.05,5.0,50401.35,42392.0,8009.35,15.89,Net Banking,Standard,Delivered,1
1252,ORD-101254,20260523,241,33,52,1,260.46,20.0,208.37,179.4,28.97,13.9,Credit Card,Economy,Delivered,1
1253,ORD-101255,20260524,90,16,8,1,2591.52,20.0,2073.22,1184.5,888.72,42.87,COD,Economy,Delayed,1
1254,ORD-101256,20260524,261,51,3,1,900.92,30.0,630.64,395.56,235.08,37.28,UPI,Standard,Delivered,1
1255,ORD-101257,20260525,232,50,10,3,1985.89,0.0,5957.67,3838.08,2119.59,35.58,UPI,Standard,Delivered,1
1256,ORD-101258,20260525,142,35,36,1,1689.85,5.0,1605.36,1053.38,551.98,34.38,Net Banking,Same-Day,Delivered,1
1257,ORD-101259,20260525,60,22,30,1,767.38,5.0,729.01,516.8,212.21,29.11,Debit Card,Express,Delivered,1
1258,ORD-101260,20260526,49,37,14,1,3304.53,10.0,2974.08,2111.36,862.72,29.01,Net Banking,Economy,Delayed,1
1259,ORD-101261,20260526,139,39,15,2,1908.99,0.0,3817.98,2924.46,893.52,23.4,Credit Card,Express,Delivered,1
1260,ORD-101262,20260527,91,46,38,3,382.98,0.0,1148.94,741.0,407.94,35.51,UPI,Economy,Delivered,1
1261,ORD-101263,20260528,64,1,15,1,1703.78,5.0,1618.59,849.5,769.09,47.52,UPI,Economy,Delivered,1
1262,ORD-101264,20260529,232,30,10,1,2272.1,10.0,2044.89,1793.22,251.67,12.31,Net Banking,Standard,Delivered,1
1263,ORD-101265,20260529,50,33,14,4,260.3,0.0,1041.2,717.6,323.6,31.08,UPI,Standard,Delivered,1
1264,ORD-101266,20260530,219,35,28,1,1673.25,5.0,1589.59,1053.38,536.21,33.73,Credit Card,Standard,Delivered,1
1265,ORD-101267,20260530,254,27,3,2,964.05,20.0,1542.48,1195.74,346.74,22.48,UPI,Economy,Delivered,1
1266,ORD-101269,20260531,50,30,14,1,2343.73,10.0,2109.36,1793.22,316.14,14.99,Net Banking,Economy,Delivered,1
1267,ORD-101270,20260531,22,23,44,2,3050.86,15.0,5186.46,2999.0,2187.46,42.18,UPI,Economy,Delivered,1
1268,ORD-101271,20260601,232,23,10,1,2992.68,20.0,2394.14,1499.5,894.64,37.37,COD,Standard,Delivered,1
1269,ORD-101272,20260602,233,42,46,2,1595.46,30.0,2233.64,2046.72,186.92,8.37,COD,Standard,Delivered,1
1270,ORD-101273,20260602,165,48,27,3,446.83,20.0,1072.39,660.03,412.36,38.45,UPI,Standard,Delivered,1
1271,ORD-101274,20260602,137,24,42,3,493.7,5.0,1407.04,733.53,673.51,47.87,Debit Card,Same-Day,Delivered,1
1272,ORD-101275,20260604,75,32,32,1,20142.07,15.0,17120.76,15799.21,1321.55,7.72,UPI,Express,Delivered,1
1273,ORD-101276,20260606,176,37,48,1,3290.73,15.0,2797.12,2111.36,685.76,24.52,Net Banking,Standard,Delivered,1
1274,ORD-101277,20260607,78,43,31,1,892.86,10.0,803.57,566.37,237.2,29.52,UPI,Standard,Delivered,1
1275,ORD-101278,20260607,232,42,10,2,1608.71,0.0,3217.42,2046.72,1170.7,36.39,UPI,Economy,Delivered,1
1276,ORD-101279,20260609,277,8,9,4,377.05,5.0,1432.79,1079.2,353.59,24.68,UPI,Express,Delivered,1
1277,ORD-101280,20260612,232,20,10,3,399.88,5.0,1139.66,778.05,361.61,31.73,UPI,Standard,Cancelled,0
1278,ORD-101281,20260613,198,35,5,3,1723.07,0.0,5169.21,3160.14,2009.07,38.87,UPI,Standard,Cancelled,0
1279,ORD-101282,20260613,232,33,10,2,257.19,10.0,462.94,358.8,104.14,22.5,UPI,Economy,Delayed,1
1280,ORD-101283,20260614,161,29,42,2,503.74,0.0,1007.48,618.76,388.72,38.58,Credit Card,Standard,Delivered,1
1281,ORD-101284,20260614,67,8,29,2,385.43,0.0,770.86,539.6,231.26,30.0,COD,Express,Delivered,1
1282,ORD-101285,20260615,38,20,8,1,399.48,15.0,339.56,259.35,80.21,23.62,UPI,Standard,Delivered,1
1283,ORD-101286,20260616,232,7,10,3,1914.25,15.0,4881.34,3646.08,1235.26,25.31,COD,Standard,Delivered,1
1284,ORD-101287,20260617,200,27,55,3,957.5,10.0,2585.25,1793.61,791.64,30.62,COD,Standard,Delivered,1
1285,ORD-101288,20260618,91,15,38,1,1898.3,15.0,1613.55,907.2,706.35,43.78,Credit Card,Standard,Delivered,1
1286,ORD-101289,20260618,232,14,10,4,993.19,30.0,2780.93,2757.24,23.69,0.85,Debit Card,Economy,Delivered,1
1287,ORD-101290,20260618,165,39,27,1,1916.19,10.0,1724.57,1462.23,262.34,15.21,Net Banking,Standard,Delivered,1
1288,ORD-101291,20260620,232,1,10,2,1683.83,15.0,2862.51,1699.0,1163.51,40.65,UPI,Economy,Delivered,1
1289,ORD-101292,20260620,232,41,10,1,901.17,0.0,901.17,683.24,217.93,24.18,COD,Standard,Delivered,1
1290,ORD-101293,20260621,232,40,10,1,31979.31,5.0,30380.34,25592.0,4788.34,15.76,COD,Standard,Cancelled,0
1291,ORD-101294,20260621,232,26,10,1,13723.53,20.0,10978.82,10919.22,59.6,0.54,Debit Card,Economy,Delivered,1
1292,ORD-101295,20260621,232,21,10,2,705.7,10.0,1270.26,1022.4,247.86,19.51,Credit Card,Standard,Delayed,1
1293,ORD-101296,20260621,232,5,10,1,299.31,5.0,284.34,143.52,140.82,49.53,Debit Card,Express,Delivered,1
1294,ORD-101297,20260623,170,44,41,1,536.69,0.0,536.69,378.0,158.69,29.57,UPI,Express,Delivered,1
1295,ORD-101298,20260623,232,42,10,1,1630.96,5.0,1549.41,1023.36,526.05,33.95,UPI,Standard,Delivered,1
1296,ORD-101299,20260624,232,43,10,1,887.93,20.0,710.34,566.37,143.97,20.27,UPI,Economy,Delivered,1
1297,ORD-101300,20260625,223,19,35,1,1828.93,5.0,1737.48,1165.5,571.98,32.92,UPI,Standard,Delivered,1
1298,ORD-101301,20260625,189,49,21,2,1006.54,25.0,1509.81,1298.7,211.11,13.98,UPI,Express,Delivered,1
1299,ORD-101302,20260626,277,14,9,4,1007.1,5.0,3826.98,2757.24,1069.74,27.95,Credit Card,Express,Delivered,1
1300,ORD-101303,20260626,68,49,3,2,1016.19,15.0,1727.52,1298.7,428.82,24.82,UPI,Express,Delivered,1
1301,ORD-101304,20260626,232,41,10,1,888.45,10.0,799.6,683.24,116.36,14.55,UPI,Economy,Delivered,1
1302,ORD-101305,20260626,232,46,10,1,386.78,40.0,232.07,247.0,-14.93,-6.43,COD,Standard,Delayed,1
1303,ORD-101306,20260627,219,18,28,2,52056.61,5.0,98907.56,84784.0,14123.56,14.28,Wallet,Standard,Delivered,1
1304,ORD-101307,20260628,184,20,21,5,394.01,25.0,1477.54,1296.75,180.79,12.24,UPI,Express,Delivered,1
1305,ORD-101308,20260628,284,30,35,1,2257.97,25.0,1693.48,1793.22,-99.74,-5.89,Net Banking,Economy,Delivered,1
1306,ORD-101309,20260629,211,18,8,2,53837.61,5.0,102291.46,84784.0,17507.46,17.12,UPI,Standard,Delayed,1
1307,ORD-101310,20260701,232,12,10,1,12812.7,10.0,11531.43,8709.33,2822.1,24.47,Debit Card,Express,Delivered,1
1308,ORD-101311,20260701,60,48,30,2,445.7,10.0,802.26,440.02,362.24,45.15,Credit Card,Economy,Delivered,1
1309,ORD-101312,20260701,232,51,10,3,895.26,15.0,2282.91,1186.68,1096.23,48.02,Debit Card,Standard,Delayed,1
1310,ORD-101313,20260702,159,45,43,1,491.01,40.0,294.61,249.5,45.11,15.31,UPI,Standard,Delivered,1
1311,ORD-101314,20260702,189,19,21,2,1884.92,5.0,3581.35,2331.0,1250.35,34.91,UPI,Economy,Delivered,1
1312,ORD-101315,20260703,162,18,20,2,53671.65,30.0,75140.31,84784.0,-9643.69,-12.83,UPI,Express,Delivered,1
1313,ORD-101316,20260703,232,52,10,1,396.75,0.0,396.75,187.53,209.22,52.73,Debit Card,Standard,Delivered,1
1314,ORD-101317,20260704,232,11,10,1,424.09,25.0,318.07,264.6,53.47,16.81,Debit Card,Express,Delivered,1
1315,ORD-101318,20260704,91,29,38,1,503.91,40.0,302.35,309.38,-7.03,-2.33,Wallet,Standard,Delivered,1
1316,ORD-101319,20260704,223,34,35,1,415.84,0.0,415.84,264.6,151.24,36.37,UPI,Economy,Delivered,1
1317,ORD-101320,20260704,176,43,48,2,905.25,15.0,1538.92,1132.74,406.18,26.39,UPI,Economy,Delivered,1
1318,ORD-101321,20260705,232,35,10,1,1728.64,25.0,1296.48,1053.38,243.1,18.75,Credit Card,Standard,Delivered,1
1319,ORD-101322,20260705,202,25,46,1,3221.27,0.0,3221.27,1535.52,1685.75,52.33,UPI,Standard,Delivered,1
1320,ORD-101323,20260705,241,40,52,1,31782.14,10.0,28603.93,25592.0,3011.93,10.53,Net Banking,Economy,Delivered,1
1321,ORD-101324,20260706,275,29,27,1,500.82,10.0,450.74,309.38,141.36,31.36,Credit Card,Standard,Delivered,1
1322,ORD-101325,20260706,224,4,37,2,3459.82,0.0,6919.64,3219.08,3700.56,53.48,UPI,Express,Delivered,1
1323,ORD-101326,20260708,9,37,52,1,3242.56,15.0,2756.18,2111.36,644.82,23.4,COD,Economy,Delivered,1
1324,ORD-101327,20260709,232,11,10,2,421.94,0.0,843.88,529.2,314.68,37.29,Debit Card,Express,Delivered,1
1325,ORD-101328,20260709,199,49,50,2,981.11,10.0,1766.0,1298.7,467.3,26.46,UPI,Standard,Delivered,1
1326,ORD-101329,20260711,225,26,51,1,13991.48,25.0,10493.61,10919.22,-425.61,-4.06,UPI,Standard,Delivered,1
1327,ORD-101330,20260711,233,19,46,1,1849.7,20.0,1479.76,1165.5,314.26,21.24,UPI,Standard,Delivered,1
1328,ORD-101331,20260711,96,30,55,2,2292.58,10.0,4126.64,3586.44,540.2,13.09,COD,Standard,Delivered,1
1329,ORD-101332,20260711,188,22,3,2,773.28,0.0,1546.56,1033.6,512.96,33.17,COD,Standard,Delayed,1
1330,ORD-101333,20260712,232,51,10,1,888.7,25.0,666.53,395.56,270.97,40.65,COD,Express,Delivered,1
1331,ORD-101334,20260712,38,50,8,1,1972.55,10.0,1775.3,1279.36,495.94,27.94,UPI,Express,Delivered,1
1332,ORD-101335,20260712,202,48,46,1,456.64,10.0,410.98,220.01,190.97,46.47,UPI,Express,Returned,0
1333,ORD-101336,20260713,45,19,34,1,1843.77,0.0,1843.77,1165.5,678.27,36.79,Net Banking,Economy,Delivered,1
1334,ORD-101337,20260713,232,28,10,3,602.32,5.0,1716.61,898.5,818.11,47.66,UPI,Economy,Delivered,1
1335,ORD-101338,20260713,274,25,23,1,3221.57,20.0,2577.26,1535.52,1041.74,40.42,UPI,Express,Delivered,1
1336,ORD-101339,20260714,232,41,10,1,898.82,20.0,719.06,683.24,35.82,4.98,COD,Economy,Delivered,1
1337,ORD-101340,20260716,227,25,18,1,3245.18,10.0,2920.66,1535.52,1385.14,47.43,UPI,Standard,Delivered,1
1338,ORD-101341,20260716,232,35,10,3,1682.47,5.0,4795.04,3160.14,1634.9,34.1,UPI,Standard,Delivered,1
1339,ORD-101342,20260717,199,5,50,1,304.1,0.0,304.1,143.52,160.58,52.8,UPI,Standard,Delivered,1
1340,ORD-101343,20260717,165,37,27,2,3336.59,25.0,5004.88,4222.72,782.16,15.63,COD,Express,Delivered,1
1341,ORD-101344,20260717,252,2,16,5,491.52,15.0,2088.96,1646.7,442.26,21.17,UPI,Standard,Delivered,1
1342,ORD-101345,20260718,132,34,30,2,425.89,0.0,851.78,529.2,322.58,37.87,UPI,Standard,Delivered,1
1343,ORD-101346,20260718,91,50,38,1,1993.57,10.0,1794.21,1279.36,514.85,28.7,UPI,Economy,Delivered,1
1344,ORD-101347,20260718,281,49,7,2,991.49,20.0,1586.38,1298.7,287.68,18.13,UPI,Express,Delayed,1
1345,ORD-101348,20260719,223,17,35,1,764.21,30.0,534.95,547.2,-12.25,-2.29,UPI,Express,Delivered,1
1346,ORD-101349,20260719,224,40,37,1,32491.01,0.0,32491.01,25592.0,6899.01,21.23,COD,Standard,Delivered,1
1347,ORD-101350,20260719,207,48,8,1,442.1,0.0,442.1,220.01,222.09,50.24,COD,Express,Delivered,1
1348,ORD-101351,20260720,232,2,10,5,496.57,0.0,2482.85,1646.7,836.15,33.68,COD,Economy,Delivered,1
1349,ORD-101352,20260720,232,32,10,2,20336.51,20.0,32538.42,31598.42,940.0,2.89,UPI,Standard,Delivered,1
1350,ORD-101353,20260720,232,39,10,1,1882.51,10.0,1694.26,1462.23,232.03,13.7,Credit Card,Economy,Returned,0
1351,ORD-101354,20260721,209,7,49,2,1880.3,5.0,3572.57,2430.72,1141.85,31.96,Credit Card,Same-Day,Delivered,1
1352,ORD-101355,20260721,232,41,10,1,901.49,10.0,811.34,683.24,128.1,15.79,Net Banking,Standard,Delivered,1
1353,ORD-101356,20260721,232,39,10,2,1881.07,5.0,3574.03,2924.46,649.57,18.17,UPI,Express,Delivered,1
1354,ORD-101357,20260722,60,24,30,2,503.22,0.0,1006.44,489.02,517.42,51.41,UPI,Express,Delivered,1
1355,ORD-101358,20260723,14,3,18,1,5942.27,15.0,5050.93,3893.34,1157.59,22.92,COD,Standard,Delivered,1
1356,ORD-101359,20260723,234,4,7,1,3483.06,0.0,3483.06,1609.54,1873.52,53.79,UPI,Standard,Returned,0
1357,ORD-101360,20260723,91,45,38,1,499.44,10.0,449.5,249.5,200.0,44.49,COD,Express,Delivered,1
1358,ORD-101361,20260725,138,28,55,1,588.2,0.0,588.2,299.5,288.7,49.08,Credit Card,Standard,Delivered,1
1359,ORD-101362,20260726,244,1,27,3,1679.5,0.0,5038.5,2548.5,2490.0,49.42,UPI,Standard,Returned,0
1360,ORD-101363,20260726,113,51,32,4,907.45,0.0,3629.8,1582.24,2047.56,56.41,COD,Express,Delivered,1
1361,ORD-101364,20260726,112,26,5,1,13892.48,25.0,10419.36,10919.22,-499.86,-4.8,UPI,Standard,Delivered,1
1362,ORD-101365,20260726,233,11,46,2,415.69,30.0,581.97,529.2,52.77,9.07,UPI,Standard,Delivered,1
1363,ORD-101366,20260726,207,32,8,2,19874.56,0.0,39749.12,31598.42,8150.7,20.51,COD,Standard,Delivered,1
1364,ORD-101367,20260727,200,26,55,1,13760.9,25.0,10320.67,10919.22,-598.55,-5.8,COD,Standard,Delivered,1
1365,ORD-101368,20260728,231,37,26,1,3336.41,30.0,2335.49,2111.36,224.13,9.6,Debit Card,Standard,Delayed,1
1366,ORD-101370,20260729,294,21,1,2,716.97,15.0,1218.85,1022.4,196.45,16.12,UPI,Standard,Delivered,1
1367,ORD-101371,20260729,90,1,8,1,1721.91,10.0,1549.72,849.5,700.22,45.18,Net Banking,Standard,Delayed,1
1368,ORD-101373,20260801,232,38,10,1,3306.02,0.0,3306.02,1682.49,1623.53,49.11,UPI,Economy,Returned,0
1369,ORD-101374,20260801,271,25,21,1,3160.83,0.0,3160.83,1535.52,1625.31,51.42,UPI,Economy,Delivered,1
1370,ORD-101375,20260801,236,8,25,5,386.56,15.0,1642.88,1349.0,293.88,17.89,Net Banking,Standard,Delivered,1
1371,ORD-101376,20260802,219,27,28,1,966.17,10.0,869.55,597.87,271.68,31.24,Net Banking,Standard,Delivered,1
1372,ORD-101377,20260802,232,36,10,1,344.92,10.0,310.43,165.6,144.83,46.65,UPI,Standard,Delivered,1
1373,ORD-101378,20260802,129,3,1,1,5799.31,0.0,5799.31,3893.34,1905.97,32.87,UPI,Standard,Delivered,1
1374,ORD-101379,20260803,232,50,10,1,1960.23,10.0,1764.21,1279.36,484.85,27.48,UPI,Standard,Delivered,1
1375,ORD-101380,20260803,281,33,7,1,264.51,0.0,264.51,179.4,85.11,32.18,Debit Card,Standard,Delivered,1
1376,ORD-101381,20260804,136,4,10,1,3505.81,0.0,3505.81,1609.54,1896.27,54.09,UPI,Standard,Cancelled,0
1377,ORD-101382,20260804,91,28,38,1,607.17,0.0,607.17,299.5,307.67,50.67,COD,Standard,Delivered,1
1378,ORD-101383,20260804,232,43,10,1,887.56,10.0,798.8,566.37,232.43,29.1,UPI,Standard,Delivered,1
1379,ORD-101384,20260805,232,7,10,1,1861.04,20.0,1488.83,1215.36,273.47,18.37,UPI,Standard,Delayed,1
1380,ORD-101385,20260805,52,48,17,1,451.31,0.0,451.31,220.01,231.3,51.25,COD,Standard,Delivered,1
1381,ORD-101386,20260805,108,48,23,1,441.98,0.0,441.98,220.01,221.97,50.22,UPI,Economy,Delivered,1
1382,ORD-101387,20260809,232,51,10,1,898.43,10.0,808.59,395.56,413.03,51.08,Net Banking,Economy,Delivered,1
1383,ORD-101388,20260810,213,23,6,1,3038.22,0.0,3038.22,1499.5,1538.72,50.65,UPI,Standard,Delivered,1
1384,ORD-101389,20260810,23,47,2,1,1381.43,5.0,1312.36,629.55,682.81,52.03,Credit Card,Standard,Delivered,1
1385,ORD-101390,20260810,19,20,42,1,402.99,0.0,402.99,259.35,143.64,35.64,UPI,Same-Day,Delayed,1
1386,ORD-101391,20260810,233,26,46,1,14007.67,0.0,14007.67,10919.22,3088.45,22.05,COD,Standard,Delivered,1
1387,ORD-101392,20260810,233,32,46,1,20203.8,10.0,18183.42,15799.21,2384.21,13.11,UPI,Express,Delivered,1
1388,ORD-101393,20260810,65,32,50,1,19720.2,5.0,18734.19,15799.21,2934.98,15.67,UPI,Economy,Delayed,1
1389,ORD-101394,20260810,59,37,22,1,3300.35,10.0,2970.32,2111.36,858.96,28.92,Credit Card,Same-Day,Delivered,1
1390,ORD-101395,20260811,256,19,38,3,1813.73,5.0,5169.13,3496.5,1672.63,32.36,UPI,Standard,Delivered,1
1391,ORD-101396,20260812,277,33,9,3,261.75,10.0,706.72,538.2,168.52,23.85,Net Banking,Standard,Delivered,1
1392,ORD-101397,20260812,91,48,38,3,445.99,30.0,936.58,660.03,276.55,29.53,UPI,Standard,Delivered,1
1393,ORD-101398,20260812,237,41,16,1,914.04,20.0,731.23,683.24,47.99,6.56,COD,Express,Delivered,1
1394,ORD-101399,20260812,88,27,37,2,931.53,40.0,1117.84,1195.74,-77.9,-6.97,Debit Card,Economy,Delivered,1
1395,ORD-101400,20260813,282,49,29,2,1010.7,0.0,2021.4,1298.7,722.7,35.75,COD,Economy,Delivered,1
1396,ORD-101401,20260814,25,30,33,1,2295.41,15.0,1951.1,1793.22,157.88,8.09,UPI,Standard,Delivered,1
1397,ORD-101402,20260814,209,23,49,1,2965.68,0.0,2965.68,1499.5,1466.18,49.44,Credit Card,Economy,Delivered,1
1398,ORD-101403,20260815,213,51,6,1,890.6,10.0,801.54,395.56,405.98,50.65,Net Banking,Express,Delivered,1
1399,ORD-101404,20260815,6,18,21,2,53825.92,10.0,96886.66,84784.0,12102.66,12.49,UPI,Standard,Delivered,1
1400,ORD-101405,20260815,275,29,27,1,497.22,20.0,397.78,309.38,88.4,22.22,COD,Standard,Delivered,1
1401,ORD-101406,20260815,14,45,18,2,502.76,15.0,854.69,499.0,355.69,41.62,UPI,Standard,Delivered,1
1402,ORD-101407,20260816,102,1,41,1,1716.82,10.0,1545.14,849.5,695.64,45.02,UPI,Economy,Delivered,1
1403,ORD-101408,20260816,83,27,11,1,965.99,25.0,724.49,597.87,126.62,17.48,UPI,Express,Cancelled,0
1404,ORD-101409,20260816,235,48,3,1,449.24,10.0,404.32,220.01,184.31,45.59,COD,Standard,Delivered,1
1405,ORD-101410,20260816,232,20,10,1,395.63,20.0,316.5,259.35,57.15,18.06,UPI,Economy,Delivered,1
1406,ORD-101411,20260817,233,41,46,2,900.47,15.0,1530.8,1366.48,164.32,10.73,UPI,Express,Delivered,1
1407,ORD-101412,20260817,256,1,38,1,1666.92,5.0,1583.57,849.5,734.07,46.36,COD,Economy,Returned,0
1408,ORD-101413,20260818,203,5,30,1,299.46,15.0,254.54,143.52,111.02,43.62,UPI,Express,Delivered,1
1409,ORD-101414,20260818,236,32,25,1,20055.26,15.0,17046.97,15799.21,1247.76,7.32,Credit Card,Standard,Delivered,1
1410,ORD-101415,20260818,142,48,36,2,440.74,0.0,881.48,440.02,441.46,50.08,UPI,Express,Delivered,1
1411,ORD-101416,20260818,91,51,38,1,906.04,20.0,724.83,395.56,329.27,45.43,UPI,Standard,Delivered,1
1412,ORD-101417,20260819,238,42,47,1,1598.89,25.0,1199.17,1023.36,175.81,14.66,COD,Standard,Delivered,1
1413,ORD-101418,20260819,232,52,10,2,400.02,10.0,720.04,375.06,344.98,47.91,COD,Express,Returned,0
1414,ORD-101419,20260819,147,34,45,2,412.22,5.0,783.22,529.2,254.02,32.43,Net Banking,Economy,Delivered,1
1415,ORD-101420,20260819,61,31,11,3,472.77,20.0,1134.65,1008.0,126.65,11.16,UPI,Standard,Delivered,1
1416,ORD-101421,20260819,95,36,12,2,344.18,25.0,516.27,331.2,185.07,35.85,COD,Economy,Delivered,1
1417,ORD-101422,20260819,91,32,38,1,20317.74,0.0,20317.74,15799.21,4518.53,22.24,COD,Economy,Delivered,1
1418,ORD-101423,20260820,77,5,50,1,301.64,10.0,271.48,143.52,127.96,47.13,COD,Standard,Delivered,1
1419,ORD-101424,20260820,232,21,10,1,707.2,20.0,565.76,511.2,54.56,9.64,UPI,Standard,Delivered,1
1420,ORD-101425,20260820,232,40,10,1,32408.59,15.0,27547.3,25592.0,1955.3,7.1,Credit Card,Economy,Delivered,1
1421,ORD-101426,20260820,268,15,46,2,1910.81,10.0,3439.46,1814.4,1625.06,47.25,COD,Economy,Delivered,1
1422,ORD-101427,20260821,252,41,16,2,893.07,0.0,1786.14,1366.48,419.66,23.5,COD,Standard,Delivered,1
1423,ORD-101428,20260821,39,30,46,1,2303.71,0.0,2303.71,1793.22,510.49,22.16,UPI,Standard,Delivered,1
1424,ORD-101429,20260821,219,50,28,1,2017.84,20.0,1614.27,1279.36,334.91,20.75,COD,Standard,Delivered,1
1425,ORD-101430,20260821,122,33,23,1,256.02,15.0,217.62,179.4,38.22,17.56,Wallet,Express,Delayed,1
1426,ORD-101431,20260821,51,38,38,3,3311.34,0.0,9934.02,5047.47,4886.55,49.19,UPI,Standard,Delivered,1
1427,ORD-101432,20260821,113,30,32,1,2290.46,15.0,1946.89,1793.22,153.67,7.89,UPI,Standard,Delivered,1
1428,ORD-101433,20260822,219,40,28,1,31456.16,20.0,25164.93,25592.0,-427.07,-1.7,Debit Card,Standard,Delivered,1
1429,ORD-101434,20260822,232,15,10,1,1900.08,0.0,1900.08,907.2,992.88,52.25,UPI,Standard,Delivered,1
1430,ORD-101435,20260822,232,6,10,1,1787.38,10.0,1608.64,1385.23,223.41,13.89,UPI,Standard,Delivered,1
1431,ORD-101436,20260824,197,40,18,1,31806.12,5.0,30215.81,25592.0,4623.81,15.3,COD,Economy,Delivered,1
1432,ORD-101437,20260825,139,44,15,2,535.11,40.0,642.13,756.0,-113.87,-17.73,COD,Economy,Delayed,1
1433,ORD-101438,20260825,172,41,8,1,903.99,0.0,903.99,683.24,220.75,24.42,COD,Standard,Delivered,1
1434,ORD-101439,20260825,124,48,11,1,440.79,40.0,264.47,220.01,44.46,16.81,UPI,Express,Delivered,1
1435,ORD-101440,20260825,233,34,46,3,425.91,15.0,1086.07,793.8,292.27,26.91,COD,Express,Delivered,1
1436,ORD-101441,20260825,189,28,21,1,600.05,10.0,540.04,299.5,240.54,44.54,Credit Card,Same-Day,Delivered,1
1437,ORD-101442,20260826,183,26,46,1,14212.51,10.0,12791.26,10919.22,1872.04,14.64,UPI,Same-Day,Delivered,1
1438,ORD-101443,20260827,42,9,31,4,332.87,0.0,1331.48,844.8,486.68,36.55,UPI,Express,Cancelled,0
1439,ORD-101444,20260828,176,47,48,1,1405.53,5.0,1335.25,629.55,705.7,52.85,Net Banking,Economy,Delivered,1
1440,ORD-101445,20260828,272,14,38,3,992.23,0.0,2976.69,2067.93,908.76,30.53,UPI,Standard,Delivered,1
1441,ORD-101446,20260829,199,50,50,3,1961.09,40.0,3529.96,3838.08,-308.12,-8.73,UPI,Economy,Delivered,1
1442,ORD-101447,20260901,6,41,21,1,911.91,0.0,911.91,683.24,228.67,25.08,UPI,Economy,Delivered,1
1443,ORD-101448,20260903,172,32,8,1,19846.37,5.0,18854.05,15799.21,3054.84,16.2,Credit Card,Standard,Cancelled,0
1444,ORD-101449,20260903,232,28,10,1,603.83,15.0,513.26,299.5,213.76,41.65,UPI,Express,Delivered,1
1445,ORD-101450,20260904,232,31,10,2,481.69,0.0,963.38,672.0,291.38,30.25,Debit Card,Standard,Delivered,1
1446,ORD-101451,20260905,122,16,23,1,2572.21,20.0,2057.77,1184.5,873.27,42.44,UPI,Standard,Returned,0
1447,ORD-101452,20260907,232,31,10,1,481.25,25.0,360.94,336.0,24.94,6.91,COD,Standard,Delayed,1
1448,ORD-101453,20260907,65,35,50,1,1702.51,0.0,1702.51,1053.38,649.13,38.13,UPI,Standard,Delivered,1
1449,ORD-101454,20260908,160,33,39,2,258.41,0.0,516.82,358.8,158.02,30.58,UPI,Standard,Delivered,1
1450,ORD-101455,20260909,232,49,10,1,1009.61,25.0,757.21,649.35,107.86,14.24,Net Banking,Standard,Delivered,1
1451,ORD-101456,20260911,230,26,37,1,13811.02,0.0,13811.02,10919.22,2891.8,20.94,UPI,Express,Delivered,1
1452,ORD-101457,20260912,151,48,26,4,455.81,0.0,1823.24,880.04,943.2,51.73,UPI,Economy,Delivered,1
1453,ORD-101458,20260913,232,17,10,2,773.11,25.0,1159.66,1094.4,65.26,5.63,Net Banking,Standard,Delivered,1
1454,ORD-101459,20260913,149,41,55,1,887.73,10.0,798.96,683.24,115.72,14.48,UPI,Economy,Delivered,1
1455,ORD-101460,20260913,148,51,54,1,899.38,0.0,899.38,395.56,503.82,56.02,COD,Standard,Delayed,1
1456,ORD-101461,20260913,142,18,36,1,53705.73,0.0,53705.73,42392.0,11313.73,21.07,UPI,Same-Day,Delivered,1
1457,ORD-101462,20260913,190,39,42,2,1884.79,10.0,3392.62,2924.46,468.16,13.8,Credit Card,Same-Day,Delivered,1
1458,ORD-101463,20260914,119,25,18,1,3241.64,0.0,3241.64,1535.52,1706.12,52.63,Net Banking,Standard,Delivered,1
1459,ORD-101464,20260914,189,16,21,1,2555.97,10.0,2300.37,1184.5,1115.87,48.51,UPI,Economy,Delivered,1
1460,ORD-101465,20260914,217,47,55,2,1372.0,5.0,2606.8,1259.1,1347.7,51.7,UPI,Economy,Delivered,1
1461,ORD-101466,20260916,169,36,6,1,346.94,10.0,312.25,165.6,146.65,46.97,UPI,Economy,Delivered,1
1462,ORD-101467,20260917,59,1,22,3,1714.16,0.0,5142.48,2548.5,2593.98,50.44,UPI,Standard,Delivered,1
1463,ORD-101468,20260918,68,19,3,1,1886.01,5.0,1791.71,1165.5,626.21,34.95,Credit Card,Standard,Delivered,1
1464,ORD-101469,20260918,167,39,18,2,1926.21,0.0,3852.42,2924.46,927.96,24.09,COD,Express,Delivered,1
1465,ORD-101470,20260918,232,39,10,2,1864.93,10.0,3356.87,2924.46,432.41,12.88,COD,Express,Delivered,1
1466,ORD-101471,20260919,142,40,36,1,31743.61,10.0,28569.25,25592.0,2977.25,10.42,COD,Express,Delivered,1
1467,ORD-101472,20260919,232,5,10,2,304.48,0.0,608.96,287.04,321.92,52.86,UPI,Economy,Delivered,1
1468,ORD-101473,20260920,19,48,42,1,445.12,0.0,445.12,220.01,225.11,50.57,COD,Same-Day,Delivered,1
1469,ORD-101474,20260920,270,5,3,1,297.24,15.0,252.65,143.52,109.13,43.19,UPI,Standard,Delayed,1
1470,ORD-101475,20260920,232,21,10,5,723.92,20.0,2895.68,2556.0,339.68,11.73,Credit Card,Standard,Delivered,1
1471,ORD-101476,20260920,232,27,10,1,966.35,20.0,773.08,597.87,175.21,22.66,UPI,Economy,Delivered,1
1472,ORD-101477,20260921,232,1,10,1,1683.66,15.0,1431.11,849.5,581.61,40.64,UPI,Express,Delivered,1
1473,ORD-101478,20260921,145,35,44,1,1730.55,10.0,1557.5,1053.38,504.12,32.37,UPI,Standard,Delivered,1
1474,ORD-101479,20260922,96,37,55,1,3246.59,10.0,2921.93,2111.36,810.57,27.74,UPI,Standard,Delivered,1
1475,ORD-101480,20260922,91,38,38,2,3354.48,25.0,5031.72,3364.98,1666.74,33.12,COD,Economy,Delivered,1
1476,ORD-101481,20260922,138,38,55,1,3348.17,5.0,3180.76,1682.49,1498.27,47.1,UPI,Express,Delivered,1
1477,ORD-101482,20260923,232,8,10,2,376.58,15.0,640.19,539.6,100.59,15.71,UPI,Standard,Delayed,1
1478,ORD-101483,20260923,172,10,8,2,299.63,15.0,509.37,394.68,114.69,22.52,Credit Card,Express,Delivered,1
1479,ORD-101484,20260923,165,22,27,1,765.46,30.0,535.82,516.8,19.02,3.55,COD,Standard,Delivered,1
1480,ORD-101485,20260923,219,22,28,4,774.26,15.0,2632.48,2067.2,565.28,21.47,UPI,Express,Delivered,1
1481,ORD-101486,20260924,25,46,33,4,380.36,10.0,1369.3,988.0,381.3,27.85,UPI,Express,Delivered,1
1482,ORD-101487,20260925,281,1,7,1,1701.78,0.0,1701.78,849.5,852.28,50.08,COD,Standard,Delivered,1
1483,ORD-101488,20260925,165,15,27,1,1898.84,20.0,1519.07,907.2,611.87,40.28,Debit Card,Express,Returned,0
1484,ORD-101489,20260925,230,36,37,1,342.84,15.0,291.41,165.6,125.81,43.17,UPI,Express,Delivered,1
1485,ORD-101490,20260926,232,9,10,1,335.36,5.0,318.59,211.2,107.39,33.71,COD,Express,Delivered,1
1486,ORD-101491,20260927,232,44,10,3,546.36,20.0,1311.26,1134.0,177.26,13.52,UPI,Standard,Delivered,1
1487,ORD-101492,20260927,37,11,43,1,427.25,10.0,384.52,264.6,119.92,31.19,Net Banking,Standard,Cancelled,0
1488,ORD-101493,20260927,199,5,50,1,304.15,15.0,258.53,143.52,115.01,44.49,Credit Card,Economy,Delivered,1
1489,ORD-101494,20260928,91,36,38,1,343.55,15.0,292.02,165.6,126.42,43.29,COD,Standard,Delivered,1
1490,ORD-101495,20260928,233,5,46,1,301.57,15.0,256.33,143.52,112.81,44.01,UPI,Economy,Delivered,1
1491,ORD-101496,20260928,232,16,10,1,2566.49,25.0,1924.87,1184.5,740.37,38.46,UPI,Standard,Delivered,1
1492,ORD-101497,20260928,91,40,38,1,31648.06,25.0,23736.04,25592.0,-1855.96,-7.82,COD,Standard,Delivered,1
1493,ORD-101498,20260929,232,39,10,1,1880.04,0.0,1880.04,1462.23,417.81,22.22,COD,Express,Delivered,1
1494,ORD-101499,20260930,276,1,16,1,1714.8,10.0,1543.32,849.5,693.82,44.96,UPI,Standard,Delivered,1
1495,ORD-101500,20260930,148,46,54,2,373.7,10.0,672.66,494.0,178.66,26.56,UPI,Express,Delivered,1
