Order ID,Customer ID,Customer Name,Order Date,Region,State,City,Product Category,Product Name,Quantity Sold,Unit Price,Discount %,Sales Amount,Cost Amount,Profit Amount,Profit Margin %,Payment Method,Shipping Mode,Delivery Status,Customer Segment
ORD-100001,CUST-0002,Jyoti Reddy,2024-10-01,South,Karnataka,Mangaluru,Sports & Fitness,Cosco Light Tennis Cricket Ball (Pack of 6),1,419.18,5.0,398.22,264.6,133.62,33.55,Net Banking,Standard,Delivered,Home Office
ORD-100002,CUST-0186,Vikram Choudhury,2024-10-01,South,Tamil Nadu,Coimbatore,Books & Stationery,Ikigai: Japanese Secret to Long and Happy Life,5,403.73,20.0,1614.92,1296.75,318.17,19.7,COD,Express,Delivered,Corporate
ORD-100003,CUST-0232,Kavita Malhotra,2024-10-01,East,Bihar,Gaya,Beauty & Personal Care,Biotique Morning Nectar Flawless Skin Lotion,2,293.58,25.0,440.37,287.04,153.33,34.82,UPI,Standard,Delivered,Consumer
ORD-100004,CUST-0223,Preeti Deshmukh,2024-10-02,South,Andhra Pradesh,Visakhapatnam,Electronics,SanDisk Ultra 128GB MicroSD Card,1,892.93,20.0,714.34,683.24,31.1,4.35,Credit Card,Standard,Delivered,Consumer
ORD-100005,CUST-0197,Rohan Deshmukh,2024-10-03,East,West Bengal,Howrah,Electronics,Mi Smart Air Purifier 4,3,13742.22,30.0,28858.66,32757.66,-3899.0,-13.51,Debit Card,Economy,Delivered,Corporate
ORD-100006,CUST-0232,Kavita Malhotra,2024-10-04,East,Bihar,Gaya,Home & Kitchen,Bajaj New Shakti Neo 15L Storage Water Geyser,1,5793.05,15.0,4924.09,3893.34,1030.75,20.93,UPI,Standard,Delivered,Consumer
ORD-100007,CUST-0219,Bhavna Mehta,2024-10-04,North,Rajasthan,Jaipur,Fashion,Allen Solly Men Classic Slim Shirt,2,1694.72,15.0,2881.02,1699.0,1182.02,41.03,Net Banking,Economy,Delivered,Corporate
ORD-100008,CUST-0136,Pallavi Pillai,2024-10-04,East,Bihar,Gaya,Beauty & Personal Care,WOW Skin Science Apple Cider Vinegar Shampoo,4,453.14,10.0,1631.3,880.04,751.26,46.05,Net Banking,Standard,Delivered,Consumer
ORD-100009,CUST-0232,Kavita Malhotra,2024-10-04,East,Bihar,Gaya,Electronics,Samsung 43-inch Crystal 4K Neo TV,1,32387.28,5.0,30767.92,25592.0,5175.92,16.82,COD,Standard,Delivered,Consumer
ORD-100010,CUST-0232,Kavita Malhotra,2024-10-05,East,Bihar,Gaya,Electronics,Boat Rockerz 550 Wireless Headphones,1,1831.9,25.0,1373.93,1385.23,-11.3,-0.82,Net Banking,Standard,Delivered,Consumer
ORD-100011,CUST-0218,Neha Joshi,2024-10-05,East,Bihar,Patna,Beauty & Personal Care,Plum Green Tea Pore Cleansing Face Wash,1,338.92,15.0,288.08,165.6,122.48,42.52,COD,Economy,Delivered,Corporate
ORD-100012,CUST-0104,Abhishek Patel,2024-10-05,West,Gujarat,Ahmedabad,Grocery & Gourmet,Disano Extra Virgin Cold Pressed Olive Oil 1L,2,996.36,0.0,1992.72,1378.62,614.1,30.82,Credit Card,Express,Delivered,Consumer
ORD-100013,CUST-0189,Harsh Mehta,2024-10-05,North,Delhi,Delhi,Grocery & Gourmet,Fortune Sunlite Refined Sunflower Oil 5L Can,2,762.71,25.0,1144.07,1094.4,49.67,4.34,UPI,Express,Delivered,Consumer
ORD-100014,CUST-0206,Karthik Mehta,2024-10-06,South,Andhra Pradesh,Vijayawada,Electronics,SanDisk Ultra 128GB MicroSD Card,1,889.1,0.0,889.1,683.24,205.86,23.15,COD,Standard,Delivered,Consumer
ORD-100015,CUST-0232,Kavita Malhotra,2024-10-06,East,Bihar,Gaya,Electronics,Mi Smart Air Purifier 4,1,13904.12,15.0,11818.5,10919.22,899.28,7.61,Credit Card,Express,Delivered,Consumer
ORD-100016,CUST-0223,Preeti Deshmukh,2024-10-06,South,Andhra Pradesh,Visakhapatnam,Electronics,HP 15s Ryzen 5 16GB/512GB SSD Laptop,1,52602.76,25.0,39452.07,42392.0,-2939.93,-7.45,UPI,Standard,Delivered,Consumer
ORD-100017,CUST-0233,Prerna Agarwal,2024-10-07,South,Telangana,Warangal,Fashion,FabIndia Men Handloom Cotton Kurta,1,1920.85,5.0,1824.81,907.2,917.61,50.29,UPI,Standard,Delivered,Consumer
ORD-100018,CUST-0232,Kavita Malhotra,2024-10-07,East,Bihar,Gaya,Electronics,SanDisk Ultra 128GB MicroSD Card,1,883.21,0.0,883.21,683.24,199.97,22.64,COD,Standard,Delivered,Consumer
ORD-100019,CUST-0232,Kavita Malhotra,2024-10-07,East,Bihar,Gaya,Fashion,Zaveri Pearls Gold-Plated Choker Set,1,890.93,10.0,801.84,395.56,406.28,50.67,UPI,Standard,Delivered,Consumer
ORD-100020,CUST-0151,Rahul Trivedi,2024-10-08,North,Punjab,Chandigarh,Beauty & Personal Care,Minimalist 10% Niacinamide Face Serum,2,601.68,5.0,1143.19,599.0,544.19,47.6,UPI,Standard,Delivered,Home Office
ORD-100021,CUST-0239,Meera Saxena,2024-10-08,West,Maharashtra,Pune,Electronics,SanDisk Ultra 128GB MicroSD Card,1,894.85,10.0,805.37,683.24,122.13,15.16,Credit Card,Standard,Delivered,Corporate
ORD-100022,CUST-0130,Divya Iyer,2024-10-08,East,Jharkhand,Jamshedpur,Grocery & Gourmet,Fortune Sunlite Refined Sunflower Oil 5L Can,1,766.78,20.0,613.42,547.2,66.22,10.8,COD,Standard,Delivered,Consumer
ORD-100023,CUST-0200,Jyoti Nambiar,2024-10-09,West,Maharashtra,Nashik,Fashion,Zaveri Pearls Gold-Plated Choker Set,1,894.95,25.0,671.21,395.56,275.65,41.07,UPI,Standard,Delivered,Corporate
ORD-100024,CUST-0275,Priya Chatterjee,2024-10-09,North,Haryana,Faridabad,Fashion,Allen Solly Men Classic Slim Shirt,1,1713.07,15.0,1456.11,849.5,606.61,41.66,COD,Economy,Delivered,Consumer
ORD-100025,CUST-0150,Prerna Joshi,2024-10-09,West,Maharashtra,Nashik,Electronics,HP 15s Ryzen 5 16GB/512GB SSD Laptop,1,52371.92,0.0,52371.92,42392.0,9979.92,19.06,Net Banking,Standard,Delivered,Consumer
ORD-100026,CUST-0120,Tushar Nambiar,2024-10-09,Central,Madhya Pradesh,Indore,Electronics,Realme 20000mAh Power Bank (18W),1,1929.63,0.0,1929.63,1462.23,467.4,24.22,UPI,Standard,Delivered,Consumer
ORD-100027,CUST-0232,Kavita Malhotra,2024-10-09,East,Bihar,Gaya,Sports & Fitness,Yonex Nanoray 7000I G4 Graphite Badminton Racquet,1,1999.98,15.0,1699.98,1279.36,420.62,24.74,COD,Standard,Delivered,Consumer
ORD-100028,CUST-0176,Priya Singh,2024-10-10,West,Goa,Panaji,Electronics,Realme 20000mAh Power Bank (18W),1,1889.43,25.0,1417.07,1462.23,-45.16,-3.19,UPI,Express,Delivered,Consumer
ORD-100029,CUST-0189,Harsh Mehta,2024-10-10,North,Delhi,Delhi,Electronics,OnePlus Nord CE 5G (128GB),1,20371.15,10.0,18334.04,15799.21,2534.83,13.83,Debit Card,Standard,Delivered,Consumer
ORD-100030,CUST-0249,Karthik Patel,2024-10-10,South,Karnataka,Bengaluru,Electronics,Samsung 43-inch Crystal 4K Neo TV,1,31751.06,15.0,26988.4,25592.0,1396.4,5.17,Credit Card,Same-Day,Delivered,Home Office
ORD-100031,CUST-0232,Kavita Malhotra,2024-10-10,East,Bihar,Gaya,Sports & Fitness,Strauss TPE Anti-Skid Yoga Mat 6mm with Bag,2,910.69,20.0,1457.1,1132.74,324.36,22.26,UPI,Standard,Delivered,Consumer
ORD-100032,CUST-0232,Kavita Malhotra,2024-10-10,East,Bihar,Gaya,Beauty & Personal Care,Forest Essentials Soundarya Radiance Cream,1,2526.13,20.0,2020.9,1184.5,836.4,41.39,COD,Standard,Delivered,Consumer
ORD-100033,CUST-0266,Komal Bhat,2024-10-10,North,Punjab,Chandigarh,Electronics,Mi Smart Air Purifier 4,1,13990.96,10.0,12591.86,10919.22,1672.64,13.28,COD,Economy,Delivered,Corporate
ORD-100034,CUST-0128,Sunita Singh,2024-10-10,North,Uttar Pradesh,Lucknow,Fashion,Manyavar Silk Blend Nehru Jacket,3,3147.5,20.0,7554.0,4606.56,2947.44,39.02,UPI,Express,Delivered,Home Office
ORD-100035,CUST-0097,Simran Nair,2024-10-10,East,Bihar,Muzaffarpur,Fashion,W for Woman Floral Rayon Kurti,1,1388.15,0.0,1388.15,629.55,758.6,54.65,UPI,Express,Delivered,Consumer
ORD-100036,CUST-0231,Pooja Rao,2024-10-11,North,Punjab,Chandigarh,Electronics,SanDisk Ultra 128GB MicroSD Card,1,889.49,30.0,622.64,683.24,-60.6,-9.73,COD,Standard,Delivered,Corporate
ORD-100037,CUST-0232,Kavita Malhotra,2024-10-11,East,Bihar,Gaya,Grocery & Gourmet,Organic India Tulsi Green Tea Bags (Pack of 100),5,261.02,0.0,1305.1,897.0,408.1,31.27,Net Banking,Standard,Delivered,Consumer
ORD-100038,CUST-0278,Mayank Gupta,2024-10-11,East,Assam,Silchar,Fashion,Manyavar Silk Blend Nehru Jacket,2,3257.79,0.0,6515.58,3071.04,3444.54,52.87,UPI,Express,Delivered,Corporate
ORD-100039,CUST-0232,Kavita Malhotra,2024-10-12,East,Bihar,Gaya,Beauty & Personal Care,Biotique Morning Nectar Flawless Skin Lotion,1,297.83,10.0,268.05,143.52,124.53,46.46,UPI,Standard,Delivered,Consumer
ORD-100040,CUST-0152,Kunal Gupta,2024-10-12,North,Rajasthan,Jodhpur,Books & Stationery,Indian Polity 6th Edition by M. Laxmikanth,4,773.19,10.0,2783.48,2067.2,716.28,25.73,Credit Card,Standard,Delivered,Consumer
ORD-100041,CUST-0282,Pooja Choudhury,2024-10-13,Central,Madhya Pradesh,Jabalpur,Electronics,OnePlus Nord CE 5G (128GB),1,19710.41,15.0,16753.85,15799.21,954.64,5.7,UPI,Standard,Delayed,Consumer
ORD-100042,CUST-0067,Divya Mukherjee,2024-10-13,North,Rajasthan,Jodhpur,Fashion,Biba Women Printed Anarkali Suit Set,2,3461.64,15.0,5884.79,3219.08,2665.71,45.3,Net Banking,Economy,Returned,Consumer
ORD-100043,CUST-0167,Prerna Verma,2024-10-13,East,West Bengal,Howrah,Books & Stationery,Classmate Pulse 6-Subject Spiral Notebooks (Pack of 4),2,304.93,25.0,457.39,394.68,62.71,13.71,UPI,Express,Delivered,Consumer
ORD-100044,CUST-0189,Harsh Mehta,2024-10-13,North,Delhi,Delhi,Home & Kitchen,Hawkins Contura Hard Anodised Pressure Cooker 3L,1,1825.39,10.0,1642.85,1165.5,477.35,29.06,UPI,Same-Day,Delivered,Consumer
ORD-100045,CUST-0297,Rahul Bhat,2024-10-14,South,Kerala,Kozhikode,Electronics,Mi Smart Air Purifier 4,1,13984.44,10.0,12586.0,10919.22,1666.78,13.24,COD,Standard,Delivered,Corporate
ORD-100046,CUST-0165,Tushar Trivedi,2024-10-14,North,Punjab,Ludhiana,Fashion,W for Woman Floral Rayon Kurti,2,1421.11,20.0,2273.78,1259.1,1014.68,44.63,COD,Express,Delivered,Consumer
ORD-100047,CUST-0233,Prerna Agarwal,2024-10-15,South,Telangana,Warangal,Electronics,Realme 20000mAh Power Bank (18W),2,1911.21,15.0,3249.06,2924.46,324.6,9.99,UPI,Economy,Delivered,Consumer
ORD-100048,CUST-0233,Prerna Agarwal,2024-10-15,South,Telangana,Warangal,Electronics,HP 15s Ryzen 5 16GB/512GB SSD Laptop,1,53139.99,10.0,47825.99,42392.0,5433.99,11.36,COD,Express,Delivered,Consumer
ORD-100049,CUST-0245,Siddharth Das,2024-10-15,West,Gujarat,Surat,Home & Kitchen,Wakefit Memory Foam Sleeping Pillow (Pack of 2),1,1011.88,20.0,809.5,649.35,160.15,19.78,COD,Economy,Delivered,Consumer
ORD-100050,CUST-0147,Harsh Deshmukh,2024-10-15,South,Telangana,Hyderabad,Fashion,Zaveri Pearls Gold-Plated Choker Set,2,892.08,5.0,1694.95,791.12,903.83,53.32,UPI,Standard,Delivered,Corporate
ORD-100051,CUST-0201,Kabir Kumar,2024-10-16,East,West Bengal,Howrah,Fashion,Puma Smashic Unisex White Sneakers,2,3354.14,0.0,6708.28,3364.98,3343.3,49.84,UPI,Standard,Returned,Corporate
ORD-100052,CUST-0232,Kavita Malhotra,2024-10-16,East,Bihar,Gaya,Beauty & Personal Care,WOW Skin Science Apple Cider Vinegar Shampoo,1,448.14,15.0,380.92,220.01,160.91,42.24,COD,Economy,Delivered,Consumer
ORD-100053,CUST-0219,Bhavna Mehta,2024-10-17,North,Rajasthan,Jaipur,Grocery & Gourmet,India Gate Super Basmati Rice Aged 5kg,2,706.51,10.0,1271.72,1022.4,249.32,19.6,UPI,Economy,Delayed,Corporate
ORD-100054,CUST-0006,Deepa Patel,2024-10-17,North,Delhi,Delhi,Home & Kitchen,Solimo Microfibre Double Comforter Blanket,1,1617.07,25.0,1212.8,1023.36,189.44,15.62,Credit Card,Economy,Delivered,Consumer
ORD-100055,CUST-0232,Kavita Malhotra,2024-10-17,East,Bihar,Gaya,Home & Kitchen,Wakefit Memory Foam Sleeping Pillow (Pack of 2),2,992.04,30.0,1388.86,1298.7,90.16,6.49,UPI,Express,Delivered,Consumer
ORD-100056,CUST-0255,Karthik Sen,2024-10-17,West,Goa,Panaji,Electronics,Realme 20000mAh Power Bank (18W),3,1933.29,0.0,5799.87,4386.69,1413.18,24.37,Debit Card,Express,Delayed,Consumer
ORD-100057,CUST-0233,Prerna Agarwal,2024-10-18,South,Telangana,Warangal,Electronics,Realme 20000mAh Power Bank (18W),1,1888.61,10.0,1699.75,1462.23,237.52,13.97,COD,Economy,Delivered,Consumer
ORD-100058,CUST-0180,Tushar Gupta,2024-10-18,South,Andhra Pradesh,Visakhapatnam,Home & Kitchen,Pigeon Non-Stick Kitchen Induction Cookware Set,2,1688.08,15.0,2869.74,2106.76,762.98,26.59,Wallet,Standard,Delayed,Consumer
ORD-100059,CUST-0199,Harsh Malhotra,2024-10-20,West,Gujarat,Rajkot,Grocery & Gourmet,Fortune Sunlite Refined Sunflower Oil 5L Can,4,766.63,5.0,2913.19,2188.8,724.39,24.87,UPI,Express,Delivered,Home Office
ORD-100060,CUST-0278,Mayank Gupta,2024-10-20,East,Assam,Silchar,Electronics,Boat Rockerz 550 Wireless Headphones,2,1771.56,0.0,3543.12,2770.46,772.66,21.81,Credit Card,Standard,Delivered,Corporate
ORD-100061,CUST-0176,Priya Singh,2024-10-20,West,Goa,Panaji,Home & Kitchen,Solimo Microfibre Double Comforter Blanket,1,1580.6,0.0,1580.6,1023.36,557.24,35.25,COD,Standard,Delivered,Consumer
ORD-100062,CUST-0233,Prerna Agarwal,2024-10-21,South,Telangana,Warangal,Grocery & Gourmet,Fortune Sunlite Refined Sunflower Oil 5L Can,5,763.22,10.0,3434.49,2736.0,698.49,20.34,COD,Economy,Delivered,Consumer
ORD-100063,CUST-0085,Preeti Joshi,2024-10-23,South,Andhra Pradesh,Vijayawada,Home & Kitchen,Pigeon Non-Stick Kitchen Induction Cookware Set,1,1712.66,0.0,1712.66,1053.38,659.28,38.49,Credit Card,Economy,Delivered,Consumer
ORD-100064,CUST-0068,Akash Joshi,2024-10-23,Central,Chhattisgarh,Raipur,Fashion,Biba Women Printed Anarkali Suit Set,2,3445.57,10.0,6202.03,3219.08,2982.95,48.1,COD,Express,Delivered,Corporate
ORD-100065,CUST-0232,Kavita Malhotra,2024-10-23,East,Bihar,Gaya,Books & Stationery,Camlin Artist 24 Water Colour Tubes,1,326.84,30.0,228.79,211.2,17.59,7.69,COD,Standard,Delayed,Consumer
ORD-100066,CUST-0233,Prerna Agarwal,2024-10-23,South,Telangana,Warangal,Electronics,Noise ColorFit Pulse 2 Max Smartwatch,1,2299.34,20.0,1839.47,1793.22,46.25,2.51,Debit Card,Standard,Delivered,Consumer
ORD-100067,CUST-0146,Aditya Rao,2024-10-23,Central,Chhattisgarh,Raipur,Home & Kitchen,Hawkins Contura Hard Anodised Pressure Cooker 3L,2,1859.51,15.0,3161.17,2331.0,830.17,26.26,Credit Card,Standard,Delivered,Consumer
ORD-100068,CUST-0297,Rahul Bhat,2024-10-24,South,Kerala,Kozhikode,Grocery & Gourmet,Fortune Sunlite Refined Sunflower Oil 5L Can,2,772.89,20.0,1236.62,1094.4,142.22,11.5,Debit Card,Standard,Delivered,Corporate
ORD-100069,CUST-0232,Kavita Malhotra,2024-10-24,East,Bihar,Gaya,Beauty & Personal Care,Biotique Morning Nectar Flawless Skin Lotion,2,301.26,10.0,542.27,287.04,255.23,47.07,UPI,Standard,Delayed,Consumer
ORD-100070,CUST-0233,Prerna Agarwal,2024-10-24,South,Telangana,Warangal,Beauty & Personal Care,Plum Green Tea Pore Cleansing Face Wash,1,350.97,10.0,315.87,165.6,150.27,47.57,Debit Card,Standard,Delivered,Consumer
ORD-100071,CUST-0232,Kavita Malhotra,2024-10-25,East,Bihar,Gaya,Electronics,Realme 20000mAh Power Bank (18W),1,1896.91,5.0,1802.06,1462.23,339.83,18.86,Debit Card,Standard,Delivered,Consumer
ORD-100072,CUST-0232,Kavita Malhotra,2024-10-25,East,Bihar,Gaya,Fashion,Biba Women Printed Anarkali Suit Set,1,3509.61,20.0,2807.69,1609.54,1198.15,42.67,COD,Standard,Delayed,Consumer
ORD-100073,CUST-0071,Aditya Sen,2024-10-25,Central,Madhya Pradesh,Bhopal,Electronics,Samsung 43-inch Crystal 4K Neo TV,1,31615.15,10.0,28453.64,25592.0,2861.64,10.06,UPI,Economy,Delivered,Corporate
ORD-100074,CUST-0142,Vikram Sen,2024-10-25,South,Karnataka,Bengaluru,Fashion,Allen Solly Men Classic Slim Shirt,2,1688.32,0.0,3376.64,1699.0,1677.64,49.68,Credit Card,Standard,Delivered,Consumer
ORD-100075,CUST-0176,Priya Singh,2024-10-25,West,Goa,Panaji,Fashion,W for Woman Floral Rayon Kurti,1,1386.82,0.0,1386.82,629.55,757.27,54.6,COD,Standard,Delivered,Consumer
ORD-100076,CUST-0223,Preeti Deshmukh,2024-10-25,South,Andhra Pradesh,Visakhapatnam,Beauty & Personal Care,WOW Skin Science Apple Cider Vinegar Shampoo,1,456.01,0.0,456.01,220.01,236.0,51.75,UPI,Standard,Delivered,Consumer
ORD-100077,CUST-0232,Kavita Malhotra,2024-10-26,East,Bihar,Gaya,Home & Kitchen,Hawkins Contura Hard Anodised Pressure Cooker 3L,1,1836.24,10.0,1652.62,1165.5,487.12,29.48,UPI,Economy,Delivered,Consumer
ORD-100078,CUST-0019,Gaurav Agarwal,2024-10-26,South,Tamil Nadu,Chennai,Home & Kitchen,Pigeon Non-Stick Kitchen Induction Cookware Set,2,1682.81,15.0,2860.78,2106.76,754.02,26.36,COD,Express,Delivered,Consumer
ORD-100079,CUST-0014,Aditya Deshmukh,2024-10-26,East,West Bengal,Howrah,Home & Kitchen,Prestige Iris 750W Mixer Grinder (3 Jars),1,3289.88,5.0,3125.39,2111.36,1014.03,32.44,COD,Economy,Delayed,Consumer
ORD-100080,CUST-0232,Kavita Malhotra,2024-10-27,East,Bihar,Gaya,Books & Stationery,Camlin Artist 24 Water Colour Tubes,3,331.34,5.0,944.32,633.6,310.72,32.9,Debit Card,Express,Delivered,Consumer
ORD-100081,CUST-0232,Kavita Malhotra,2024-10-27,East,Bihar,Gaya,Home & Kitchen,Milton Thermosteel Flip Lid Hot/Cold Flask 1L,1,932.39,5.0,885.77,597.87,287.9,32.5,Net Banking,Standard,Delivered,Consumer
ORD-100082,CUST-0142,Vikram Sen,2024-10-27,South,Karnataka,Bengaluru,Home & Kitchen,Hawkins Contura Hard Anodised Pressure Cooker 3L,2,1829.22,0.0,3658.44,2331.0,1327.44,36.28,Credit Card,Express,Delivered,Consumer
ORD-100083,CUST-0067,Divya Mukherjee,2024-10-27,North,Rajasthan,Jodhpur,Fashion,Allen Solly Men Classic Slim Shirt,1,1701.13,5.0,1616.07,849.5,766.57,47.43,Net Banking,Economy,Delivered,Consumer
ORD-100084,CUST-0233,Prerna Agarwal,2024-10-28,South,Telangana,Warangal,Books & Stationery,Atomic Habits by James Clear,2,501.36,15.0,852.31,658.68,193.63,22.72,COD,Standard,Delivered,Consumer
ORD-100085,CUST-0232,Kavita Malhotra,2024-10-28,East,Bihar,Gaya,Electronics,OnePlus Nord CE 5G (128GB),1,19885.37,5.0,18891.1,15799.21,3091.89,16.37,Credit Card,Express,Delivered,Consumer
ORD-100086,CUST-0102,Mayank Bhat,2024-10-28,South,Kerala,Thiruvananthapuram,Sports & Fitness,Yonex Nanoray 7000I G4 Graphite Badminton Racquet,3,1998.39,15.0,5095.89,3838.08,1257.81,24.68,COD,Standard,Delivered,Corporate
ORD-100087,CUST-0232,Kavita Malhotra,2024-10-28,East,Bihar,Gaya,Books & Stationery,Classmate Pulse 6-Subject Spiral Notebooks (Pack of 4),2,298.97,0.0,597.94,394.68,203.26,33.99,UPI,Economy,Delayed,Consumer
ORD-100088,CUST-0091,Siddharth Pillai,2024-10-29,South,Karnataka,Mysuru,Fashion,Levi's Men 511 Slim Fit Jeans,1,3005.66,10.0,2705.09,1499.5,1205.59,44.57,UPI,Economy,Delivered,Consumer
ORD-100089,CUST-0232,Kavita Malhotra,2024-10-29,East,Bihar,Gaya,Fashion,Manyavar Silk Blend Nehru Jacket,2,3170.1,20.0,5072.16,3071.04,2001.12,39.45,COD,Economy,Delivered,Consumer
ORD-100090,CUST-0232,Kavita Malhotra,2024-10-30,East,Bihar,Gaya,Electronics,Boat Rockerz 550 Wireless Headphones,1,1800.3,15.0,1530.25,1385.23,145.02,9.48,COD,Standard,Delayed,Consumer
ORD-100091,CUST-0213,Ishita Bhat,2024-10-30,Central,Madhya Pradesh,Indore,Grocery & Gourmet,Cadbury Celebrations Assorted Rich Chocolate Box,1,376.43,15.0,319.97,269.8,50.17,15.68,UPI,Express,Delivered,Corporate
ORD-100092,CUST-0085,Preeti Joshi,2024-11-01,South,Andhra Pradesh,Vijayawada,Grocery & Gourmet,Tata Tea Gold Premium Black Tea 1kg,1,546.3,20.0,437.04,378.0,59.04,13.51,Credit Card,Express,Delivered,Consumer
ORD-100093,CUST-0110,Arjun Bhat,2024-11-01,North,Haryana,Gurugram,Beauty & Personal Care,Plum Green Tea Pore Cleansing Face Wash,2,350.5,10.0,630.9,331.2,299.7,47.5,UPI,Same-Day,Delivered,Consumer
ORD-100094,CUST-0042,Riya Reddy,2024-11-02,North,Uttar Pradesh,Kanpur,Electronics,SanDisk Ultra 128GB MicroSD Card,1,898.54,0.0,898.54,683.24,215.3,23.96,UPI,Standard,Delivered,Consumer
ORD-100095,CUST-0147,Harsh Deshmukh,2024-11-02,South,Telangana,Hyderabad,Electronics,SanDisk Ultra 128GB MicroSD Card,1,910.26,5.0,864.75,683.24,181.51,20.99,Net Banking,Express,Delivered,Corporate
ORD-100096,CUST-0014,Aditya Deshmukh,2024-11-02,East,West Bengal,Howrah,Sports & Fitness,Boldfit Adjustable PVC Dumbbell Set 10kg,2,1922.18,0.0,3844.36,2430.72,1413.64,36.77,UPI,Economy,Delivered,Consumer
ORD-100097,CUST-0036,Abhishek Chatterjee,2024-11-02,North,Punjab,Amritsar,Fashion,Zaveri Pearls Gold-Plated Choker Set,2,911.1,25.0,1366.65,791.12,575.53,42.11,UPI,Economy,Delivered,Corporate
ORD-100098,CUST-0232,Kavita Malhotra,2024-11-03,East,Bihar,Gaya,Electronics,Noise ColorFit Pulse 2 Max Smartwatch,1,2258.82,5.0,2145.88,1793.22,352.66,16.43,COD,Standard,Delayed,Consumer
ORD-100099,CUST-0037,Kavita Das,2024-11-04,South,Tamil Nadu,Coimbatore,Fashion,FabIndia Men Handloom Cotton Kurta,1,1888.14,20.0,1510.51,907.2,603.31,39.94,COD,Standard,Delivered,Consumer
ORD-100100,CUST-0009,Prerna Nair,2024-11-04,West,Gujarat,Vadodara,Electronics,Realme 20000mAh Power Bank (18W),1,1923.91,5.0,1827.71,1462.23,365.48,20.0,Wallet,Standard,Delivered,Corporate
ORD-100101,CUST-0176,Priya Singh,2024-11-04,West,Goa,Panaji,Fashion,Manyavar Silk Blend Nehru Jacket,1,3184.01,15.0,2706.41,1535.52,1170.89,43.26,Debit Card,Economy,Delivered,Consumer
ORD-100102,CUST-0295,Swati Sharma,2024-11-05,Central,Chhattisgarh,Bilaspur,Electronics,Boat Rockerz 550 Wireless Headphones,1,1807.4,25.0,1355.55,1385.23,-29.68,-2.19,UPI,Standard,Delivered,Consumer
ORD-100103,CUST-0232,Kavita Malhotra,2024-11-05,East,Bihar,Gaya,Beauty & Personal Care,mCaffeine Naked & Raw Coffee Body Scrub,3,394.71,10.0,1065.72,562.59,503.13,47.21,Wallet,Economy,Delivered,Consumer
ORD-100104,CUST-0176,Priya Singh,2024-11-06,West,Goa,Panaji,Home & Kitchen,Wakefit Memory Foam Sleeping Pillow (Pack of 2),1,999.69,20.0,799.75,649.35,150.4,18.81,COD,Standard,Delivered,Consumer
ORD-100105,CUST-0255,Karthik Sen,2024-11-06,West,Goa,Panaji,Fashion,Manyavar Silk Blend Nehru Jacket,1,3147.26,10.0,2832.53,1535.52,1297.01,45.79,UPI,Express,Delivered,Consumer
ORD-100106,CUST-0207,Tushar Joshi,2024-11-06,East,Assam,Guwahati,Electronics,Boat Rockerz 550 Wireless Headphones,1,1785.86,0.0,1785.86,1385.23,400.63,22.43,Debit Card,Express,Delivered,Consumer
ORD-100107,CUST-0278,Mayank Gupta,2024-11-06,East,Assam,Silchar,Sports & Fitness,Yonex Nanoray 7000I G4 Graphite Badminton Racquet,2,2001.62,25.0,3002.43,2558.72,443.71,14.78,COD,Express,Delivered,Corporate
ORD-100108,CUST-0138,Riya Verma,2024-11-07,West,Maharashtra,Nashik,Sports & Fitness,Decathlon Domyos Training Resistance Band 15kg,1,489.72,15.0,416.26,304.39,111.87,26.88,COD,Express,Delivered,Corporate
ORD-100109,CUST-0295,Swati Sharma,2024-11-08,Central,Chhattisgarh,Bilaspur,Electronics,OnePlus Nord CE 5G (128GB),1,19816.25,5.0,18825.44,15799.21,3026.23,16.08,COD,Standard,Delivered,Consumer
ORD-100110,CUST-0233,Prerna Agarwal,2024-11-09,South,Telangana,Warangal,Fashion,Levi's Men 511 Slim Fit Jeans,1,3014.05,0.0,3014.05,1499.5,1514.55,50.25,Credit Card,Express,Delivered,Consumer
ORD-100111,CUST-0219,Bhavna Mehta,2024-11-09,North,Rajasthan,Jaipur,Books & Stationery,The Psychology of Money by Morgan Housel,5,379.24,5.0,1801.39,1235.0,566.39,31.44,Credit Card,Economy,Delivered,Corporate
ORD-100112,CUST-0232,Kavita Malhotra,2024-11-09,East,Bihar,Gaya,Books & Stationery,Indian Polity 6th Edition by M. Laxmikanth,1,774.77,20.0,619.82,516.8,103.02,16.62,COD,Standard,Delivered,Consumer
ORD-100113,CUST-0009,Prerna Nair,2024-11-09,West,Gujarat,Vadodara,Fashion,Allen Solly Men Classic Slim Shirt,1,1667.56,10.0,1500.8,849.5,651.3,43.4,Credit Card,Standard,Delivered,Corporate
ORD-100114,CUST-0232,Kavita Malhotra,2024-11-10,East,Bihar,Gaya,Electronics,Boat Rockerz 550 Wireless Headphones,3,1776.47,10.0,4796.47,4155.69,640.78,13.36,Debit Card,Economy,Delivered,Consumer
ORD-100115,CUST-0232,Kavita Malhotra,2024-11-10,East,Bihar,Gaya,Home & Kitchen,Hawkins Contura Hard Anodised Pressure Cooker 3L,1,1828.92,15.0,1554.58,1165.5,389.08,25.03,COD,Economy,Delivered,Consumer
ORD-100116,CUST-0079,Harsh Choudhury,2024-11-10,North,Punjab,Chandigarh,Fashion,Biba Women Printed Anarkali Suit Set,1,3484.88,5.0,3310.64,1609.54,1701.1,51.38,UPI,Economy,Delivered,Consumer
ORD-100117,CUST-0232,Kavita Malhotra,2024-11-10,East,Bihar,Gaya,Electronics,Mi Smart Air Purifier 4,1,13945.89,0.0,13945.89,10919.22,3026.67,21.7,Net Banking,Standard,Delivered,Consumer
ORD-100118,CUST-0282,Pooja Choudhury,2024-11-10,Central,Madhya Pradesh,Jabalpur,Grocery & Gourmet,Nutraj Special California Raw Whole Almonds 500g,2,482.95,5.0,917.6,672.0,245.6,26.77,Net Banking,Standard,Delivered,Consumer
ORD-100119,CUST-0037,Kavita Das,2024-11-10,South,Tamil Nadu,Coimbatore,Fashion,W for Woman Floral Rayon Kurti,1,1422.74,0.0,1422.74,629.55,793.19,55.75,UPI,Standard,Delivered,Consumer
ORD-100120,CUST-0094,Vikram Trivedi,2024-11-10,North,Uttar Pradesh,Noida,Electronics,Mi Smart Air Purifier 4,2,14203.71,10.0,25566.68,21838.44,3728.24,14.58,Debit Card,Same-Day,Delivered,Consumer
ORD-100121,CUST-0232,Kavita Malhotra,2024-11-10,East,Bihar,Gaya,Grocery & Gourmet,Disano Extra Virgin Cold Pressed Olive Oil 1L,1,990.3,10.0,891.27,689.31,201.96,22.66,UPI,Economy,Delivered,Consumer
ORD-100122,CUST-0034,Komal Iyer,2024-11-11,East,Jharkhand,Jamshedpur,Grocery & Gourmet,Disano Extra Virgin Cold Pressed Olive Oil 1L,2,1009.0,5.0,1917.1,1378.62,538.48,28.09,Debit Card,Economy,Delivered,Home Office
ORD-100123,CUST-0232,Kavita Malhotra,2024-11-12,East,Bihar,Gaya,Fashion,Allen Solly Men Classic Slim Shirt,1,1713.77,10.0,1542.39,849.5,692.89,44.92,COD,Standard,Delayed,Consumer
ORD-100124,CUST-0080,Arjun Malhotra,2024-11-12,East,Odisha,Cuttack,Grocery & Gourmet,Cadbury Celebrations Assorted Rich Chocolate Box,2,385.53,40.0,462.64,539.6,-76.96,-16.63,Credit Card,Express,Delivered,Consumer
ORD-100125,CUST-0219,Bhavna Mehta,2024-11-13,North,Rajasthan,Jaipur,Beauty & Personal Care,The Derma Co 1% Hyaluronic Sunscreen Aqua Gel,3,493.43,0.0,1480.29,748.5,731.79,49.44,UPI,Economy,Delivered,Corporate
ORD-100126,CUST-0232,Kavita Malhotra,2024-11-13,East,Bihar,Gaya,Fashion,Allen Solly Men Classic Slim Shirt,1,1722.07,15.0,1463.76,849.5,614.26,41.96,Net Banking,Express,Delivered,Consumer
ORD-100127,CUST-0232,Kavita Malhotra,2024-11-13,East,Bihar,Gaya,Beauty & Personal Care,Mamaearth Onion Hair Fall Control Oil 250ml,4,493.04,0.0,1972.16,978.04,994.12,50.41,UPI,Standard,Delivered,Consumer
ORD-100128,CUST-0168,Arjun Patel,2024-11-14,South,Telangana,Hyderabad,Electronics,Boat Rockerz 550 Wireless Headphones,1,1786.71,0.0,1786.71,1385.23,401.48,22.47,Credit Card,Express,Delivered,Consumer
ORD-100129,CUST-0232,Kavita Malhotra,2024-11-14,East,Bihar,Gaya,Beauty & Personal Care,Forest Essentials Soundarya Radiance Cream,1,2536.34,30.0,1775.44,1184.5,590.94,33.28,Net Banking,Standard,Delivered,Consumer
ORD-100130,CUST-0232,Kavita Malhotra,2024-11-16,East,Bihar,Gaya,Electronics,Samsung 43-inch Crystal 4K Neo TV,1,31591.78,10.0,28432.6,25592.0,2840.6,9.99,COD,Standard,Delivered,Consumer
ORD-100131,CUST-0232,Kavita Malhotra,2024-11-16,East,Bihar,Gaya,Home & Kitchen,Pigeon Non-Stick Kitchen Induction Cookware Set,1,1706.44,10.0,1535.8,1053.38,482.42,31.41,COD,Economy,Delivered,Consumer
ORD-100132,CUST-0189,Harsh Mehta,2024-11-16,North,Delhi,Delhi,Home & Kitchen,Solimo Microfibre Double Comforter Blanket,3,1617.24,10.0,4366.55,3070.08,1296.47,29.69,COD,Same-Day,Returned,Consumer
ORD-100133,CUST-0060,Nisha Nambiar,2024-11-16,North,Rajasthan,Udaipur,Electronics,Boat Rockerz 550 Wireless Headphones,1,1827.1,5.0,1735.74,1385.23,350.51,20.19,Credit Card,Standard,Delivered,Consumer
ORD-100134,CUST-0200,Jyoti Nambiar,2024-11-17,West,Maharashtra,Nashik,Grocery & Gourmet,Fortune Sunlite Refined Sunflower Oil 5L Can,2,762.66,20.0,1220.26,1094.4,125.86,10.31,Credit Card,Standard,Delivered,Corporate
ORD-100135,CUST-0299,Kavita Deshmukh,2024-11-18,North,Punjab,Ludhiana,Fashion,W for Woman Floral Rayon Kurti,1,1375.18,0.0,1375.18,629.55,745.63,54.22,COD,Standard,Cancelled,Corporate
ORD-100136,CUST-0172,Gaurav Choudhury,2024-11-18,East,Assam,Guwahati,Fashion,Levi's Men 511 Slim Fit Jeans,1,2980.67,20.0,2384.54,1499.5,885.04,37.12,Net Banking,Economy,Returned,Consumer
ORD-100137,CUST-0232,Kavita Malhotra,2024-11-18,East,Bihar,Gaya,Home & Kitchen,Milton Thermosteel Flip Lid Hot/Cold Flask 1L,1,965.79,20.0,772.63,597.87,174.76,22.62,UPI,Standard,Delivered,Consumer
ORD-100138,CUST-0068,Akash Joshi,2024-11-18,Central,Chhattisgarh,Raipur,Grocery & Gourmet,Tata Tea Gold Premium Black Tea 1kg,1,547.93,30.0,383.55,378.0,5.55,1.45,UPI,Economy,Delivered,Corporate
ORD-100139,CUST-0017,Rahul Iyer,2024-11-18,South,Andhra Pradesh,Visakhapatnam,Electronics,Noise ColorFit Pulse 2 Max Smartwatch,1,2258.33,20.0,1806.66,1793.22,13.44,0.74,UPI,Standard,Delivered,Consumer
ORD-100140,CUST-0241,Rajesh Iyer,2024-11-19,West,Gujarat,Vadodara,Fashion,FabIndia Men Handloom Cotton Kurta,1,1902.7,0.0,1902.7,907.2,995.5,52.32,COD,Economy,Delivered,Home Office
ORD-100141,CUST-0018,Rahul Kumar,2024-11-19,Central,Chhattisgarh,Bilaspur,Sports & Fitness,Boldfit Adjustable PVC Dumbbell Set 10kg,1,1879.22,0.0,1879.22,1215.36,663.86,35.33,UPI,Standard,Delivered,Consumer
ORD-100142,CUST-0218,Neha Joshi,2024-11-19,East,Bihar,Patna,Fashion,Manyavar Silk Blend Nehru Jacket,2,3159.01,20.0,5054.42,3071.04,1983.38,39.24,UPI,Express,Delivered,Corporate
ORD-100143,CUST-0023,Akash Agarwal,2024-11-20,Central,Chhattisgarh,Durg,Electronics,SanDisk Ultra 128GB MicroSD Card,1,911.4,0.0,911.4,683.24,228.16,25.03,COD,Standard,Delivered,Consumer
ORD-100144,CUST-0232,Kavita Malhotra,2024-11-20,East,Bihar,Gaya,Fashion,Allen Solly Men Classic Slim Shirt,1,1727.94,15.0,1468.75,849.5,619.25,42.16,Credit Card,Express,Delivered,Consumer
ORD-100145,CUST-0189,Harsh Mehta,2024-11-20,North,Delhi,Delhi,Beauty & Personal Care,Mamaearth Onion Hair Fall Control Oil 250ml,2,491.5,10.0,884.7,489.02,395.68,44.72,Credit Card,Standard,Delivered,Consumer
ORD-100146,CUST-0209,Mayank Das,2024-11-21,West,Gujarat,Ahmedabad,Grocery & Gourmet,Fortune Sunlite Refined Sunflower Oil 5L Can,1,771.83,0.0,771.83,547.2,224.63,29.1,UPI,Express,Delivered,Consumer
ORD-100147,CUST-0142,Vikram Sen,2024-11-22,South,Karnataka,Bengaluru,Fashion,Allen Solly Men Classic Slim Shirt,1,1720.87,0.0,1720.87,849.5,871.37,50.64,Net Banking,Same-Day,Delivered,Consumer
ORD-100148,CUST-0232,Kavita Malhotra,2024-11-22,East,Bihar,Gaya,Beauty & Personal Care,Plum Green Tea Pore Cleansing Face Wash,1,348.64,10.0,313.78,165.6,148.18,47.22,COD,Standard,Delivered,Consumer
ORD-100149,CUST-0292,Rohan Kumar,2024-11-22,East,Bihar,Muzaffarpur,Grocery & Gourmet,Organic India Tulsi Green Tea Bags (Pack of 100),1,254.83,20.0,203.86,179.4,24.46,12.0,Credit Card,Standard,Delivered,Consumer
ORD-100150,CUST-0233,Prerna Agarwal,2024-11-22,South,Telangana,Warangal,Home & Kitchen,Bajaj New Shakti Neo 15L Storage Water Geyser,4,5846.68,5.0,22217.38,15573.36,6644.02,29.9,COD,Economy,Delivered,Consumer
ORD-100151,CUST-0232,Kavita Malhotra,2024-11-23,East,Bihar,Gaya,Fashion,Manyavar Silk Blend Nehru Jacket,3,3221.67,0.0,9665.01,4606.56,5058.45,52.34,UPI,Standard,Delayed,Consumer
ORD-100152,CUST-0070,Kabir Verma,2024-11-25,South,Kerala,Kozhikode,Fashion,Biba Women Printed Anarkali Suit Set,3,3441.56,15.0,8775.98,4828.62,3947.36,44.98,UPI,Standard,Delayed,Home Office
ORD-100153,CUST-0197,Rohan Deshmukh,2024-11-26,East,West Bengal,Howrah,Electronics,Samsung 43-inch Crystal 4K Neo TV,1,31528.47,25.0,23646.35,25592.0,-1945.65,-8.23,COD,Standard,Delivered,Corporate
ORD-100154,CUST-0232,Kavita Malhotra,2024-11-27,East,Bihar,Gaya,Fashion,Allen Solly Men Classic Slim Shirt,2,1689.39,5.0,3209.84,1699.0,1510.84,47.07,Credit Card,Express,Delivered,Consumer
ORD-100155,CUST-0232,Kavita Malhotra,2024-11-27,East,Bihar,Gaya,Electronics,Samsung 43-inch Crystal 4K Neo TV,1,31584.19,0.0,31584.19,25592.0,5992.19,18.97,Net Banking,Economy,Delivered,Consumer
ORD-100156,CUST-0223,Preeti Deshmukh,2024-11-28,South,Andhra Pradesh,Visakhapatnam,Fashion,Puma Smashic Unisex White Sneakers,1,3347.33,10.0,3012.6,1682.49,1330.11,44.15,UPI,Economy,Delivered,Consumer
ORD-100157,CUST-0142,Vikram Sen,2024-11-28,South,Karnataka,Bengaluru,Books & Stationery,Atomic Habits by James Clear,4,506.02,0.0,2024.08,1317.36,706.72,34.92,UPI,Standard,Delivered,Consumer
ORD-100158,CUST-0233,Prerna Agarwal,2024-11-29,South,Telangana,Warangal,Home & Kitchen,Milton Thermosteel Flip Lid Hot/Cold Flask 1L,1,946.39,10.0,851.75,597.87,253.88,29.81,UPI,Standard,Delivered,Consumer
ORD-100159,CUST-0091,Siddharth Pillai,2024-11-30,South,Karnataka,Mysuru,Beauty & Personal Care,Forest Essentials Soundarya Radiance Cream,1,2579.83,15.0,2192.86,1184.5,1008.36,45.98,Credit Card,Express,Delivered,Consumer
ORD-100160,CUST-0232,Kavita Malhotra,2024-12-01,East,Bihar,Gaya,Fashion,Levi's Men 511 Slim Fit Jeans,3,2953.97,15.0,7532.62,4498.5,3034.12,40.28,UPI,Standard,Delivered,Consumer
ORD-100161,CUST-0006,Deepa Patel,2024-12-01,North,Delhi,Delhi,Fashion,Allen Solly Men Classic Slim Shirt,1,1676.14,5.0,1592.33,849.5,742.83,46.65,Credit Card,Express,Returned,Consumer
ORD-100162,CUST-0218,Neha Joshi,2024-12-02,East,Bihar,Patna,Beauty & Personal Care,Minimalist 10% Niacinamide Face Serum,1,587.95,10.0,529.16,299.5,229.66,43.4,COD,Standard,Delivered,Corporate
ORD-100163,CUST-0232,Kavita Malhotra,2024-12-03,East,Bihar,Gaya,Fashion,Biba Women Printed Anarkali Suit Set,2,3440.95,25.0,5161.42,3219.08,1942.34,37.63,Debit Card,Standard,Delayed,Consumer
ORD-100164,CUST-0099,Manish Kulkarni,2024-12-03,South,Karnataka,Mangaluru,Home & Kitchen,Prestige Iris 750W Mixer Grinder (3 Jars),4,3262.09,0.0,13048.36,8445.44,4602.92,35.28,Debit Card,Standard,Delivered,Consumer
ORD-100165,CUST-0014,Aditya Deshmukh,2024-12-04,East,West Bengal,Howrah,Beauty & Personal Care,Minimalist 10% Niacinamide Face Serum,1,608.84,10.0,547.96,299.5,248.46,45.34,UPI,Standard,Delivered,Consumer
ORD-100166,CUST-0086,Mayank Kapoor,2024-12-04,South,Kerala,Kozhikode,Fashion,Allen Solly Men Classic Slim Shirt,1,1679.96,10.0,1511.96,849.5,662.46,43.81,COD,Express,Returned,Consumer
ORD-100167,CUST-0232,Kavita Malhotra,2024-12-04,East,Bihar,Gaya,Grocery & Gourmet,Nutraj Special California Raw Whole Almonds 500g,5,479.12,10.0,2156.04,1680.0,476.04,22.08,Debit Card,Economy,Delivered,Consumer
ORD-100168,CUST-0232,Kavita Malhotra,2024-12-04,East,Bihar,Gaya,Electronics,Realme 20000mAh Power Bank (18W),1,1896.27,20.0,1517.02,1462.23,54.79,3.61,Net Banking,Standard,Delivered,Consumer
ORD-100169,CUST-0271,Karthik Reddy,2024-12-05,Central,Chhattisgarh,Raipur,Electronics,SanDisk Ultra 128GB MicroSD Card,1,895.69,5.0,850.91,683.24,167.67,19.7,UPI,Express,Delivered,Corporate
ORD-100170,CUST-0185,Mayank Nair,2024-12-06,South,Andhra Pradesh,Vijayawada,Sports & Fitness,Strauss TPE Anti-Skid Yoga Mat 6mm with Bag,1,900.41,5.0,855.39,566.37,289.02,33.79,COD,Standard,Delivered,Consumer
ORD-100171,CUST-0232,Kavita Malhotra,2024-12-06,East,Bihar,Gaya,Electronics,SanDisk Ultra 128GB MicroSD Card,1,883.33,10.0,795.0,683.24,111.76,14.06,COD,Economy,Delivered,Consumer
ORD-100172,CUST-0232,Kavita Malhotra,2024-12-06,East,Bihar,Gaya,Grocery & Gourmet,Organic India Tulsi Green Tea Bags (Pack of 100),4,257.66,5.0,979.11,717.6,261.51,26.71,COD,Standard,Cancelled,Consumer
ORD-100173,CUST-0232,Kavita Malhotra,2024-12-06,East,Bihar,Gaya,Books & Stationery,Classmate Pulse 6-Subject Spiral Notebooks (Pack of 4),2,302.79,15.0,514.74,394.68,120.06,23.32,COD,Standard,Returned,Consumer
ORD-100174,CUST-0015,Swati Reddy,2024-12-06,North,Punjab,Ludhiana,Fashion,Puma Smashic Unisex White Sneakers,2,3246.55,0.0,6493.1,3364.98,3128.12,48.18,UPI,Standard,Delivered,Consumer
ORD-100175,CUST-0232,Kavita Malhotra,2024-12-06,East,Bihar,Gaya,Books & Stationery,Classmate Pulse 6-Subject Spiral Notebooks (Pack of 4),2,303.42,15.0,515.81,394.68,121.13,23.48,Debit Card,Standard,Delivered,Consumer
ORD-100176,CUST-0259,Varun Mehta,2024-12-07,West,Maharashtra,Nashik,Books & Stationery,Ikigai: Japanese Secret to Long and Happy Life,1,398.14,15.0,338.42,259.35,79.07,23.36,UPI,Standard,Delivered,Consumer
ORD-100177,CUST-0224,Simran Das,2024-12-07,South,Karnataka,Mangaluru,Electronics,SanDisk Ultra 128GB MicroSD Card,1,899.5,15.0,764.57,683.24,81.33,10.64,Net Banking,Standard,Delivered,Consumer
ORD-100178,CUST-0170,Rohan Trivedi,2024-12-08,South,Kerala,Thiruvananthapuram,Beauty & Personal Care,Biotique Morning Nectar Flawless Skin Lotion,2,301.72,25.0,452.58,287.04,165.54,36.58,UPI,Standard,Cancelled,Consumer
ORD-100179,CUST-0189,Harsh Mehta,2024-12-08,North,Delhi,Delhi,Fashion,Biba Women Printed Anarkali Suit Set,1,3502.56,0.0,3502.56,1609.54,1893.02,54.05,UPI,Economy,Delivered,Consumer
ORD-100180,CUST-0192,Rohan Gupta,2024-12-08,East,Jharkhand,Jamshedpur,Fashion,FabIndia Men Handloom Cotton Kurta,4,1925.27,10.0,6930.97,3628.8,3302.17,47.64,UPI,Economy,Delayed,Home Office
ORD-100181,CUST-0233,Prerna Agarwal,2024-12-10,South,Telangana,Warangal,Beauty & Personal Care,The Derma Co 1% Hyaluronic Sunscreen Aqua Gel,3,502.78,5.0,1432.92,748.5,684.42,47.76,COD,Standard,Delivered,Consumer
ORD-100182,CUST-0005,Harsh Iyer,2024-12-11,East,Jharkhand,Ranchi,Beauty & Personal Care,WOW Skin Science Apple Cider Vinegar Shampoo,1,449.23,5.0,426.77,220.01,206.76,48.45,UPI,Standard,Delivered,Consumer
ORD-100183,CUST-0232,Kavita Malhotra,2024-12-11,East,Bihar,Gaya,Grocery & Gourmet,Nutraj Special California Raw Whole Almonds 500g,1,483.08,20.0,386.46,336.0,50.46,13.06,COD,Standard,Delivered,Consumer
ORD-100184,CUST-0142,Vikram Sen,2024-12-11,South,Karnataka,Bengaluru,Fashion,Allen Solly Men Classic Slim Shirt,1,1694.38,0.0,1694.38,849.5,844.88,49.86,COD,Express,Delivered,Consumer
ORD-100185,CUST-0065,Aarav Nambiar,2024-12-12,West,Gujarat,Rajkot,Grocery & Gourmet,Tata Tea Gold Premium Black Tea 1kg,1,542.62,0.0,542.62,378.0,164.62,30.34,Credit Card,Express,Delivered,Consumer
ORD-100186,CUST-0232,Kavita Malhotra,2024-12-12,East,Bihar,Gaya,Books & Stationery,Atomic Habits by James Clear,1,493.17,20.0,394.54,329.34,65.2,16.53,UPI,Economy,Delivered,Consumer
ORD-100187,CUST-0047,Kunal Verma,2024-12-13,South,Karnataka,Mangaluru,Fashion,W for Woman Floral Rayon Kurti,2,1398.63,25.0,2097.95,1259.1,838.85,39.98,COD,Express,Returned,Consumer
ORD-100188,CUST-0233,Prerna Agarwal,2024-12-14,South,Telangana,Warangal,Books & Stationery,Camlin Artist 24 Water Colour Tubes,4,324.13,20.0,1037.22,844.8,192.42,18.55,Credit Card,Standard,Delivered,Consumer
ORD-100189,CUST-0232,Kavita Malhotra,2024-12-14,East,Bihar,Gaya,Electronics,OnePlus Nord CE 5G (128GB),2,19763.51,15.0,33597.97,31598.42,1999.55,5.95,UPI,Standard,Returned,Consumer
ORD-100190,CUST-0122,Simran Verma,2024-12-14,North,Haryana,Faridabad,Electronics,Realme 20000mAh Power Bank (18W),1,1896.65,0.0,1896.65,1462.23,434.42,22.9,COD,Standard,Delivered,Home Office
ORD-100191,CUST-0233,Prerna Agarwal,2024-12-14,South,Telangana,Warangal,Home & Kitchen,Milton Thermosteel Flip Lid Hot/Cold Flask 1L,1,934.09,10.0,840.68,597.87,242.81,28.88,Credit Card,Standard,Delivered,Consumer
ORD-100192,CUST-0232,Kavita Malhotra,2024-12-14,East,Bihar,Gaya,Home & Kitchen,Prestige Iris 750W Mixer Grinder (3 Jars),1,3264.27,0.0,3264.27,2111.36,1152.91,35.32,UPI,Standard,Returned,Consumer
ORD-100193,CUST-0232,Kavita Malhotra,2024-12-15,East,Bihar,Gaya,Electronics,Noise ColorFit Pulse 2 Max Smartwatch,1,2254.64,0.0,2254.64,1793.22,461.42,20.47,UPI,Standard,Delivered,Consumer
ORD-100194,CUST-0200,Jyoti Nambiar,2024-12-15,West,Maharashtra,Nashik,Electronics,SanDisk Ultra 128GB MicroSD Card,1,893.31,0.0,893.31,683.24,210.07,23.52,UPI,Standard,Delivered,Corporate
ORD-100195,CUST-0079,Harsh Choudhury,2024-12-15,North,Punjab,Chandigarh,Fashion,Manyavar Silk Blend Nehru Jacket,1,3248.53,5.0,3086.1,1535.52,1550.58,50.24,UPI,Economy,Delivered,Consumer
ORD-100196,CUST-0039,Siddharth Malhotra,2024-12-15,South,Telangana,Warangal,Home & Kitchen,Pigeon Non-Stick Kitchen Induction Cookware Set,1,1679.82,0.0,1679.82,1053.38,626.44,37.29,Debit Card,Express,Delivered,Corporate
ORD-100197,CUST-0095,Swati Iyer,2024-12-15,East,Bihar,Patna,Books & Stationery,The Psychology of Money by Morgan Housel,4,376.04,15.0,1278.54,988.0,290.54,22.72,Credit Card,Economy,Delivered,Corporate
ORD-100198,CUST-0232,Kavita Malhotra,2024-12-15,East,Bihar,Gaya,Electronics,Mi Smart Air Purifier 4,1,13914.74,5.0,13219.0,10919.22,2299.78,17.4,COD,Standard,Delivered,Consumer
ORD-100199,CUST-0233,Prerna Agarwal,2024-12-16,South,Telangana,Warangal,Home & Kitchen,Solimo Microfibre Double Comforter Blanket,1,1624.47,25.0,1218.35,1023.36,194.99,16.0,COD,Economy,Delivered,Consumer
ORD-100200,CUST-0146,Aditya Rao,2024-12-16,Central,Chhattisgarh,Raipur,Electronics,SanDisk Ultra 128GB MicroSD Card,1,913.84,0.0,913.84,683.24,230.6,25.23,UPI,Economy,Cancelled,Consumer
ORD-100201,CUST-0232,Kavita Malhotra,2024-12-17,East,Bihar,Gaya,Fashion,Biba Women Printed Anarkali Suit Set,2,3462.16,0.0,6924.32,3219.08,3705.24,53.51,COD,Standard,Delayed,Consumer
ORD-100202,CUST-0200,Jyoti Nambiar,2024-12-18,West,Maharashtra,Nashik,Fashion,Manyavar Silk Blend Nehru Jacket,1,3228.99,10.0,2906.09,1535.52,1370.57,47.16,UPI,Economy,Delivered,Corporate
ORD-100203,CUST-0189,Harsh Mehta,2024-12-18,North,Delhi,Delhi,Fashion,Zaveri Pearls Gold-Plated Choker Set,1,895.38,10.0,805.84,395.56,410.28,50.91,Credit Card,Standard,Returned,Consumer
ORD-100204,CUST-0232,Kavita Malhotra,2024-12-19,East,Bihar,Gaya,Electronics,Mi Smart Air Purifier 4,1,13729.4,0.0,13729.4,10919.22,2810.18,20.47,Net Banking,Standard,Delivered,Consumer
ORD-100205,CUST-0086,Mayank Kapoor,2024-12-20,South,Kerala,Kozhikode,Fashion,Zaveri Pearls Gold-Plated Choker Set,1,898.39,0.0,898.39,395.56,502.83,55.97,Net Banking,Economy,Delivered,Consumer
ORD-100206,CUST-0278,Mayank Gupta,2024-12-20,East,Assam,Silchar,Grocery & Gourmet,India Gate Super Basmati Rice Aged 5kg,2,709.28,10.0,1276.7,1022.4,254.3,19.92,UPI,Express,Delivered,Corporate
ORD-100207,CUST-0232,Kavita Malhotra,2024-12-20,East,Bihar,Gaya,Sports & Fitness,Decathlon Domyos Training Resistance Band 15kg,1,496.81,25.0,372.61,304.39,68.22,18.31,COD,Standard,Delivered,Consumer
ORD-100208,CUST-0185,Mayank Nair,2024-12-21,South,Andhra Pradesh,Vijayawada,Sports & Fitness,Strauss TPE Anti-Skid Yoga Mat 6mm with Bag,1,903.56,0.0,903.56,566.37,337.19,37.32,Net Banking,Standard,Returned,Consumer
ORD-100209,CUST-0106,Ananya Das,2024-12-22,West,Gujarat,Rajkot,Fashion,Levi's Men 511 Slim Fit Jeans,1,3013.63,25.0,2260.22,1499.5,760.72,33.66,COD,Express,Returned,Consumer
ORD-100210,CUST-0232,Kavita Malhotra,2024-12-22,East,Bihar,Gaya,Beauty & Personal Care,WOW Skin Science Apple Cider Vinegar Shampoo,1,440.36,15.0,374.31,220.01,154.3,41.22,COD,Standard,Delivered,Consumer
ORD-100211,CUST-0232,Kavita Malhotra,2024-12-23,East,Bihar,Gaya,Home & Kitchen,Wakefit Memory Foam Sleeping Pillow (Pack of 2),1,1009.01,15.0,857.66,649.35,208.31,24.29,UPI,Economy,Delivered,Consumer
ORD-100212,CUST-0032,Ishita Malhotra,2024-12-24,South,Tamil Nadu,Coimbatore,Books & Stationery,Camlin Artist 24 Water Colour Tubes,1,325.75,5.0,309.46,211.2,98.26,31.75,Credit Card,Express,Delivered,Consumer
ORD-100213,CUST-0096,Meera Reddy,2024-12-25,West,Maharashtra,Nashik,Beauty & Personal Care,Biotique Morning Nectar Flawless Skin Lotion,2,293.37,10.0,528.07,287.04,241.03,45.64,UPI,Standard,Cancelled,Consumer
ORD-100214,CUST-0232,Kavita Malhotra,2024-12-25,East,Bihar,Gaya,Sports & Fitness,Cosco Light Tennis Cricket Ball (Pack of 6),2,420.12,10.0,756.22,529.2,227.02,30.02,UPI,Standard,Delivered,Consumer
ORD-100215,CUST-0147,Harsh Deshmukh,2024-12-25,South,Telangana,Hyderabad,Sports & Fitness,Decathlon Domyos Training Resistance Band 15kg,1,500.88,15.0,425.75,304.39,121.36,28.5,Credit Card,Same-Day,Delivered,Corporate
ORD-100216,CUST-0232,Kavita Malhotra,2024-12-26,East,Bihar,Gaya,Fashion,Puma Smashic Unisex White Sneakers,2,3294.14,10.0,5929.45,3364.98,2564.47,43.25,COD,Standard,Delivered,Consumer
ORD-100217,CUST-0232,Kavita Malhotra,2024-12-28,East,Bihar,Gaya,Home & Kitchen,Bajaj New Shakti Neo 15L Storage Water Geyser,1,6000.45,10.0,5400.4,3893.34,1507.06,27.91,UPI,Standard,Delivered,Consumer
ORD-100218,CUST-0253,Aarav Kumar,2024-12-29,South,Telangana,Hyderabad,Home & Kitchen,Bajaj New Shakti Neo 15L Storage Water Geyser,2,6001.31,25.0,9001.97,7786.68,1215.29,13.5,UPI,Express,Delivered,Home Office
ORD-100219,CUST-0200,Jyoti Nambiar,2024-12-29,West,Maharashtra,Nashik,Sports & Fitness,Yonex Nanoray 7000I G4 Graphite Badminton Racquet,1,2009.48,15.0,1708.06,1279.36,428.7,25.1,Credit Card,Standard,Delivered,Corporate
ORD-100220,CUST-0212,Aarav Joshi,2024-12-29,South,Tamil Nadu,Madurai,Books & Stationery,Atomic Habits by James Clear,1,498.59,30.0,349.01,329.34,19.67,5.64,UPI,Standard,Delivered,Corporate
ORD-100221,CUST-0145,Meera Kumar,2024-12-30,South,Tamil Nadu,Madurai,Home & Kitchen,Wakefit Memory Foam Sleeping Pillow (Pack of 2),1,995.28,0.0,995.28,649.35,345.93,34.76,Debit Card,Economy,Delivered,Consumer
ORD-100222,CUST-0233,Prerna Agarwal,2024-12-30,South,Telangana,Warangal,Grocery & Gourmet,Tata Tea Gold Premium Black Tea 1kg,2,530.1,0.0,1060.2,756.0,304.2,28.69,COD,Standard,Delayed,Consumer
ORD-100223,CUST-0133,Manish Chatterjee,2024-12-30,East,Jharkhand,Ranchi,Beauty & Personal Care,WOW Skin Science Apple Cider Vinegar Shampoo,1,444.85,40.0,266.91,220.01,46.9,17.57,COD,Standard,Delivered,Consumer
ORD-100224,CUST-0285,Manish Malhotra,2024-12-30,South,Andhra Pradesh,Visakhapatnam,Beauty & Personal Care,Plum Green Tea Pore Cleansing Face Wash,2,338.53,0.0,677.06,331.2,345.86,51.08,Net Banking,Economy,Delivered,Consumer
ORD-100225,CUST-0147,Harsh Deshmukh,2025-01-03,South,Telangana,Hyderabad,Electronics,HP 15s Ryzen 5 16GB/512GB SSD Laptop,1,53719.54,0.0,53719.54,42392.0,11327.54,21.09,Credit Card,Same-Day,Delivered,Corporate
ORD-100226,CUST-0242,Amit Chatterjee,2025-01-03,South,Tamil Nadu,Coimbatore,Beauty & Personal Care,mCaffeine Naked & Raw Coffee Body Scrub,2,396.47,0.0,792.94,375.06,417.88,52.7,COD,Express,Delivered,Home Office
ORD-100227,CUST-0090,Priya Pillai,2025-01-03,East,Assam,Guwahati,Books & Stationery,Indian Polity 6th Edition by M. Laxmikanth,1,773.4,0.0,773.4,516.8,256.6,33.18,Debit Card,Standard,Delivered,Consumer
ORD-100228,CUST-0004,Rahul Malhotra,2025-01-04,West,Goa,Panaji,Fashion,Puma Smashic Unisex White Sneakers,1,3362.72,10.0,3026.45,1682.49,1343.96,44.41,Debit Card,Standard,Returned,Consumer
ORD-100229,CUST-0113,Prerna Gupta,2025-01-04,North,Uttar Pradesh,Lucknow,Electronics,OnePlus Nord CE 5G (128GB),1,20078.48,5.0,19074.56,15799.21,3275.35,17.17,COD,Economy,Delivered,Home Office
ORD-100230,CUST-0028,Siddharth Menon,2025-01-04,North,Rajasthan,Jodhpur,Grocery & Gourmet,Organic India Tulsi Green Tea Bags (Pack of 100),2,256.11,20.0,409.78,358.8,50.98,12.44,UPI,Standard,Delivered,Consumer
ORD-100231,CUST-0233,Prerna Agarwal,2025-01-05,South,Telangana,Warangal,Home & Kitchen,Bajaj New Shakti Neo 15L Storage Water Geyser,2,5831.29,15.0,9913.19,7786.68,2126.51,21.45,UPI,Standard,Delivered,Consumer
ORD-100232,CUST-0200,Jyoti Nambiar,2025-01-07,West,Maharashtra,Nashik,Beauty & Personal Care,Biotique Morning Nectar Flawless Skin Lotion,1,293.39,0.0,293.39,143.52,149.87,51.08,Net Banking,Economy,Delivered,Corporate
ORD-100233,CUST-0138,Riya Verma,2025-01-08,West,Maharashtra,Nashik,Grocery & Gourmet,Disano Extra Virgin Cold Pressed Olive Oil 1L,3,999.83,15.0,2549.57,2067.93,481.64,18.89,COD,Standard,Delivered,Corporate
ORD-100234,CUST-0282,Pooja Choudhury,2025-01-09,Central,Madhya Pradesh,Jabalpur,Electronics,OnePlus Nord CE 5G (128GB),3,20333.02,20.0,48799.25,47397.63,1401.62,2.87,UPI,Standard,Returned,Consumer
ORD-100235,CUST-0177,Karthik Bose,2025-01-09,West,Maharashtra,Nashik,Electronics,Samsung 43-inch Crystal 4K Neo TV,1,32579.68,25.0,24434.76,25592.0,-1157.24,-4.74,COD,Express,Delivered,Corporate
ORD-100236,CUST-0226,Aarav Trivedi,2025-01-09,West,Goa,Margao,Fashion,Zaveri Pearls Gold-Plated Choker Set,2,909.87,5.0,1728.75,791.12,937.63,54.24,Credit Card,Express,Returned,Consumer
ORD-100237,CUST-0190,Pooja Trivedi,2025-01-10,South,Tamil Nadu,Chennai,Home & Kitchen,Milton Thermosteel Flip Lid Hot/Cold Flask 1L,1,947.23,20.0,757.78,597.87,159.91,21.1,Credit Card,Same-Day,Delivered,Consumer
ORD-100238,CUST-0176,Priya Singh,2025-01-10,West,Goa,Panaji,Home & Kitchen,Bajaj New Shakti Neo 15L Storage Water Geyser,1,5865.67,10.0,5279.1,3893.34,1385.76,26.25,Debit Card,Economy,Delivered,Consumer
ORD-100239,CUST-0176,Priya Singh,2025-01-11,West,Goa,Panaji,Grocery & Gourmet,Disano Extra Virgin Cold Pressed Olive Oil 1L,1,981.24,10.0,883.12,689.31,193.81,21.95,Debit Card,Economy,Delivered,Consumer
ORD-100240,CUST-0232,Kavita Malhotra,2025-01-11,East,Bihar,Gaya,Sports & Fitness,Decathlon Domyos Training Resistance Band 15kg,3,501.09,10.0,1352.94,913.17,439.77,32.5,Debit Card,Economy,Delivered,Consumer
ORD-100241,CUST-0102,Mayank Bhat,2025-01-11,South,Kerala,Thiruvananthapuram,Electronics,SanDisk Ultra 128GB MicroSD Card,1,887.15,10.0,798.43,683.24,115.19,14.43,UPI,Standard,Delivered,Corporate
ORD-100242,CUST-0219,Bhavna Mehta,2025-01-14,North,Rajasthan,Jaipur,Fashion,FabIndia Men Handloom Cotton Kurta,1,1874.77,15.0,1593.55,907.2,686.35,43.07,UPI,Standard,Delivered,Corporate
ORD-100243,CUST-0070,Kabir Verma,2025-01-14,South,Kerala,Kozhikode,Home & Kitchen,Hawkins Contura Hard Anodised Pressure Cooker 3L,1,1867.09,0.0,1867.09,1165.5,701.59,37.58,Net Banking,Express,Cancelled,Home Office
ORD-100244,CUST-0232,Kavita Malhotra,2025-01-14,East,Bihar,Gaya,Fashion,Allen Solly Men Classic Slim Shirt,2,1729.26,25.0,2593.89,1699.0,894.89,34.5,Debit Card,Standard,Delivered,Consumer
ORD-100245,CUST-0232,Kavita Malhotra,2025-01-15,East,Bihar,Gaya,Beauty & Personal Care,Minimalist 10% Niacinamide Face Serum,1,606.69,10.0,546.02,299.5,246.52,45.15,UPI,Standard,Cancelled,Consumer
ORD-100246,CUST-0232,Kavita Malhotra,2025-01-15,East,Bihar,Gaya,Home & Kitchen,Pigeon Non-Stick Kitchen Induction Cookware Set,1,1673.42,0.0,1673.42,1053.38,620.04,37.05,Debit Card,Standard,Delivered,Consumer
ORD-100247,CUST-0200,Jyoti Nambiar,2025-01-16,West,Maharashtra,Nashik,Electronics,SanDisk Ultra 128GB MicroSD Card,1,913.91,10.0,822.52,683.24,139.28,16.93,Credit Card,Express,Delivered,Corporate
ORD-100248,CUST-0232,Kavita Malhotra,2025-01-16,East,Bihar,Gaya,Home & Kitchen,Solimo Microfibre Double Comforter Blanket,1,1574.06,5.0,1495.36,1023.36,472.0,31.56,COD,Economy,Delivered,Consumer
ORD-100249,CUST-0007,Neha Nair,2025-01-16,South,Karnataka,Mysuru,Beauty & Personal Care,Biotique Morning Nectar Flawless Skin Lotion,1,300.05,15.0,255.04,143.52,111.52,43.73,UPI,Economy,Delivered,Consumer
ORD-100250,CUST-0200,Jyoti Nambiar,2025-01-16,West,Maharashtra,Nashik,Fashion,Biba Women Printed Anarkali Suit Set,1,3518.36,15.0,2990.61,1609.54,1381.07,46.18,UPI,Economy,Delayed,Corporate
ORD-100251,CUST-0225,Sneha Kapoor,2025-01-17,West,Gujarat,Surat,Home & Kitchen,Prestige Iris 750W Mixer Grinder (3 Jars),4,3330.72,0.0,13322.88,8445.44,4877.44,36.61,COD,Express,Delivered,Consumer
ORD-100252,CUST-0085,Preeti Joshi,2025-01-17,South,Andhra Pradesh,Vijayawada,Fashion,W for Woman Floral Rayon Kurti,4,1380.81,15.0,4694.75,2518.2,2176.55,46.36,UPI,Standard,Delivered,Consumer
ORD-100253,CUST-0276,Priya Agarwal,2025-01-18,North,Punjab,Ludhiana,Beauty & Personal Care,Minimalist 10% Niacinamide Face Serum,1,604.89,40.0,362.93,299.5,63.43,17.48,Net Banking,Standard,Returned,Consumer
ORD-100254,CUST-0232,Kavita Malhotra,2025-01-18,East,Bihar,Gaya,Electronics,Realme 20000mAh Power Bank (18W),1,1928.53,0.0,1928.53,1462.23,466.3,24.18,Credit Card,Express,Delivered,Consumer
ORD-100255,CUST-0269,Ishita Rao,2025-01-19,South,Telangana,Warangal,Beauty & Personal Care,Mamaearth Onion Hair Fall Control Oil 250ml,1,498.2,5.0,473.29,244.51,228.78,48.34,UPI,Express,Delivered,Consumer
ORD-100256,CUST-0051,Riya Kumar,2025-01-19,South,Karnataka,Mysuru,Electronics,Mi Smart Air Purifier 4,2,14039.14,5.0,26674.37,21838.44,4835.93,18.13,COD,Standard,Delivered,Home Office
ORD-100257,CUST-0059,Prerna Menon,2025-01-20,North,Delhi,New Delhi,Electronics,Boat Rockerz 550 Wireless Headphones,1,1780.37,0.0,1780.37,1385.23,395.14,22.19,UPI,Same-Day,Delivered,Consumer
ORD-100258,CUST-0288,Akash Chatterjee,2025-01-20,North,Rajasthan,Jodhpur,Electronics,Samsung 43-inch Crystal 4K Neo TV,1,31604.85,40.0,18962.91,25592.0,-6629.09,-34.96,UPI,Standard,Delivered,Consumer
ORD-100259,CUST-0135,Neha Bhat,2025-01-20,West,Maharashtra,Nashik,Sports & Fitness,Cultsport Smart Magnetic Spin Exercise Bike,1,13235.61,15.0,11250.27,8709.33,2540.94,22.59,UPI,Economy,Delivered,Home Office
ORD-100260,CUST-0232,Kavita Malhotra,2025-01-20,East,Bihar,Gaya,Fashion,Biba Women Printed Anarkali Suit Set,2,3558.72,10.0,6405.7,3219.08,3186.62,49.75,UPI,Economy,Returned,Consumer
ORD-100261,CUST-0208,Arjun Nair,2025-01-21,East,West Bengal,Kolkata,Sports & Fitness,Boldfit Adjustable PVC Dumbbell Set 10kg,2,1879.52,25.0,2819.28,2430.72,388.56,13.78,UPI,Express,Delivered,Corporate
ORD-100262,CUST-0146,Aditya Rao,2025-01-21,Central,Chhattisgarh,Raipur,Home & Kitchen,Prestige Iris 750W Mixer Grinder (3 Jars),1,3336.02,5.0,3169.22,2111.36,1057.86,33.38,Credit Card,Economy,Returned,Consumer
ORD-100263,CUST-0104,Abhishek Patel,2025-01-23,West,Gujarat,Ahmedabad,Electronics,Noise ColorFit Pulse 2 Max Smartwatch,1,2340.92,0.0,2340.92,1793.22,547.7,23.4,UPI,Standard,Delivered,Consumer
ORD-100264,CUST-0091,Siddharth Pillai,2025-01-25,South,Karnataka,Mysuru,Electronics,SanDisk Ultra 128GB MicroSD Card,1,894.82,30.0,626.37,683.24,-56.87,-9.08,UPI,Standard,Delivered,Consumer
ORD-100265,CUST-0244,Neha Verma,2025-01-25,North,Punjab,Ludhiana,Fashion,Allen Solly Men Classic Slim Shirt,2,1679.67,0.0,3359.34,1699.0,1660.34,49.42,COD,Standard,Delivered,Consumer
ORD-100266,CUST-0292,Rohan Kumar,2025-01-26,East,Bihar,Muzaffarpur,Electronics,Realme 20000mAh Power Bank (18W),1,1861.82,0.0,1861.82,1462.23,399.59,21.46,Debit Card,Economy,Delivered,Consumer
ORD-100267,CUST-0179,Shreya Singh,2025-01-26,Central,Madhya Pradesh,Indore,Fashion,Puma Smashic Unisex White Sneakers,1,3284.3,0.0,3284.3,1682.49,1601.81,48.77,COD,Standard,Delivered,Home Office
ORD-100268,CUST-0033,Tushar Banerjee,2025-01-27,West,Gujarat,Ahmedabad,Sports & Fitness,Cultsport Smart Magnetic Spin Exercise Bike,1,13009.24,0.0,13009.24,8709.33,4299.91,33.05,Credit Card,Economy,Delivered,Consumer
ORD-100269,CUST-0282,Pooja Choudhury,2025-01-28,Central,Madhya Pradesh,Jabalpur,Sports & Fitness,Boldfit Adjustable PVC Dumbbell Set 10kg,1,1929.35,30.0,1350.54,1215.36,135.18,10.01,COD,Standard,Returned,Consumer
ORD-100270,CUST-0224,Simran Das,2025-01-30,South,Karnataka,Mangaluru,Grocery & Gourmet,Disano Extra Virgin Cold Pressed Olive Oil 1L,5,1009.99,15.0,4292.46,3446.55,845.91,19.71,Net Banking,Economy,Delivered,Consumer
ORD-100271,CUST-0134,Vivek Patel,2025-01-31,West,Maharashtra,Mumbai,Grocery & Gourmet,Fortune Sunlite Refined Sunflower Oil 5L Can,2,746.7,5.0,1418.73,1094.4,324.33,22.86,Credit Card,Same-Day,Delivered,Consumer
ORD-100272,CUST-0232,Kavita Malhotra,2025-01-31,East,Bihar,Gaya,Home & Kitchen,Wakefit Memory Foam Sleeping Pillow (Pack of 2),1,991.13,15.0,842.46,649.35,193.11,22.92,COD,Standard,Delivered,Consumer
ORD-100273,CUST-0232,Kavita Malhotra,2025-01-31,East,Bihar,Gaya,Beauty & Personal Care,Minimalist 10% Niacinamide Face Serum,1,603.12,15.0,512.65,299.5,213.15,41.58,UPI,Express,Delivered,Consumer
ORD-100274,CUST-0186,Vikram Choudhury,2025-02-01,South,Tamil Nadu,Coimbatore,Electronics,Mi Smart Air Purifier 4,1,13810.64,10.0,12429.58,10919.22,1510.36,12.15,Debit Card,Express,Delivered,Corporate
ORD-100275,CUST-0282,Pooja Choudhury,2025-02-02,Central,Madhya Pradesh,Jabalpur,Beauty & Personal Care,Forest Essentials Soundarya Radiance Cream,2,2615.03,10.0,4707.05,2369.0,2338.05,49.67,COD,Standard,Delivered,Consumer
ORD-100276,CUST-0187,Gaurav Kapoor,2025-02-02,East,Bihar,Patna,Electronics,Noise ColorFit Pulse 2 Max Smartwatch,1,2281.95,0.0,2281.95,1793.22,488.73,21.42,COD,Standard,Delivered,Corporate
ORD-100277,CUST-0282,Pooja Choudhury,2025-02-02,Central,Madhya Pradesh,Jabalpur,Electronics,Boat Rockerz 550 Wireless Headphones,1,1794.85,15.0,1525.62,1385.23,140.39,9.2,UPI,Standard,Delivered,Consumer
ORD-100278,CUST-0181,Rohan Menon,2025-02-02,East,Odisha,Cuttack,Fashion,Allen Solly Men Classic Slim Shirt,4,1691.28,5.0,6426.86,3398.0,3028.86,47.13,Credit Card,Express,Returned,Consumer
ORD-100279,CUST-0217,Jyoti Singh,2025-02-03,West,Maharashtra,Nashik,Fashion,Puma Smashic Unisex White Sneakers,2,3351.83,15.0,5698.11,3364.98,2333.13,40.95,UPI,Standard,Cancelled,Consumer
ORD-100280,CUST-0092,Aarav Iyer,2025-02-04,West,Gujarat,Vadodara,Grocery & Gourmet,India Gate Super Basmati Rice Aged 5kg,3,730.6,10.0,1972.62,1533.6,439.02,22.26,COD,Standard,Delivered,Corporate
ORD-100281,CUST-0077,Neha Iyer,2025-02-05,West,Gujarat,Rajkot,Electronics,Realme 20000mAh Power Bank (18W),1,1872.32,20.0,1497.86,1462.23,35.63,2.38,Credit Card,Standard,Delivered,Corporate
ORD-100282,CUST-0059,Prerna Menon,2025-02-05,North,Delhi,New Delhi,Sports & Fitness,Cultsport Smart Magnetic Spin Exercise Bike,1,12847.72,20.0,10278.18,8709.33,1568.85,15.26,COD,Standard,Delivered,Consumer
ORD-100283,CUST-0200,Jyoti Nambiar,2025-02-05,West,Maharashtra,Nashik,Fashion,FabIndia Men Handloom Cotton Kurta,2,1899.99,10.0,3419.98,1814.4,1605.58,46.95,UPI,Economy,Delivered,Corporate
ORD-100284,CUST-0232,Kavita Malhotra,2025-02-06,East,Bihar,Gaya,Electronics,Realme 20000mAh Power Bank (18W),1,1912.48,10.0,1721.23,1462.23,259.0,15.05,COD,Standard,Delivered,Consumer
ORD-100285,CUST-0214,Pallavi Agarwal,2025-02-07,West,Maharashtra,Nagpur,Electronics,Realme 20000mAh Power Bank (18W),1,1874.21,15.0,1593.08,1462.23,130.85,8.21,Net Banking,Economy,Delivered,Consumer
ORD-100286,CUST-0230,Ananya Sen,2025-02-08,South,Karnataka,Mangaluru,Home & Kitchen,Bajaj New Shakti Neo 15L Storage Water Geyser,4,5843.81,20.0,18700.19,15573.36,3126.83,16.72,Credit Card,Standard,Delivered,Corporate
ORD-100287,CUST-0176,Priya Singh,2025-02-08,West,Goa,Panaji,Beauty & Personal Care,Biotique Morning Nectar Flawless Skin Lotion,1,298.32,10.0,268.49,143.52,124.97,46.55,COD,Standard,Delivered,Consumer
ORD-100288,CUST-0147,Harsh Deshmukh,2025-02-08,South,Telangana,Hyderabad,Home & Kitchen,Bajaj New Shakti Neo 15L Storage Water Geyser,1,5968.91,10.0,5372.02,3893.34,1478.68,27.53,COD,Standard,Delivered,Corporate
ORD-100289,CUST-0171,Meera Malhotra,2025-02-09,North,Rajasthan,Jodhpur,Electronics,Noise ColorFit Pulse 2 Max Smartwatch,1,2280.54,15.0,1938.46,1793.22,145.24,7.49,UPI,Express,Delivered,Corporate
ORD-100290,CUST-0029,Varun Reddy,2025-02-09,East,Odisha,Bhubaneswar,Electronics,SanDisk Ultra 128GB MicroSD Card,1,912.88,20.0,730.3,683.24,47.06,6.44,COD,Economy,Delayed,Consumer
ORD-100291,CUST-0142,Vikram Sen,2025-02-09,South,Karnataka,Bengaluru,Sports & Fitness,Yonex Nanoray 7000I G4 Graphite Badminton Racquet,1,1985.91,10.0,1787.32,1279.36,507.96,28.42,UPI,Standard,Delivered,Consumer
ORD-100292,CUST-0182,Siddharth Nair,2025-02-09,Central,Madhya Pradesh,Jabalpur,Grocery & Gourmet,Disano Extra Virgin Cold Pressed Olive Oil 1L,2,986.25,15.0,1676.62,1378.62,298.0,17.77,UPI,Standard,Delivered,Consumer
ORD-100293,CUST-0232,Kavita Malhotra,2025-02-10,East,Bihar,Gaya,Beauty & Personal Care,WOW Skin Science Apple Cider Vinegar Shampoo,2,446.82,30.0,625.55,440.02,185.53,29.66,COD,Standard,Delivered,Consumer
ORD-100294,CUST-0017,Rahul Iyer,2025-02-10,South,Andhra Pradesh,Visakhapatnam,Fashion,Zaveri Pearls Gold-Plated Choker Set,2,888.15,0.0,1776.3,791.12,985.18,55.46,Wallet,Standard,Delivered,Consumer
ORD-100295,CUST-0241,Rajesh Iyer,2025-02-10,West,Gujarat,Vadodara,Fashion,Puma Smashic Unisex White Sneakers,1,3239.56,0.0,3239.56,1682.49,1557.07,48.06,UPI,Standard,Delivered,Home Office
ORD-100296,CUST-0233,Prerna Agarwal,2025-02-10,South,Telangana,Warangal,Electronics,SanDisk Ultra 128GB MicroSD Card,1,889.31,15.0,755.91,683.24,72.67,9.61,Wallet,Standard,Delivered,Consumer
ORD-100297,CUST-0176,Priya Singh,2025-02-11,West,Goa,Panaji,Books & Stationery,Classmate Pulse 6-Subject Spiral Notebooks (Pack of 4),2,301.42,20.0,482.27,394.68,87.59,18.16,UPI,Standard,Cancelled,Consumer
ORD-100298,CUST-0232,Kavita Malhotra,2025-02-11,East,Bihar,Gaya,Beauty & Personal Care,Forest Essentials Soundarya Radiance Cream,1,2569.76,20.0,2055.81,1184.5,871.31,42.38,Debit Card,Standard,Delivered,Consumer
ORD-100299,CUST-0084,Abhishek Deshmukh,2025-02-13,North,Haryana,Faridabad,Beauty & Personal Care,Forest Essentials Soundarya Radiance Cream,1,2600.71,15.0,2210.6,1184.5,1026.1,46.42,Net Banking,Standard,Delivered,Consumer
ORD-100300,CUST-0015,Swati Reddy,2025-02-13,North,Punjab,Ludhiana,Books & Stationery,Ikigai: Japanese Secret to Long and Happy Life,1,395.31,10.0,355.78,259.35,96.43,27.1,COD,Express,Cancelled,Consumer
ORD-100301,CUST-0232,Kavita Malhotra,2025-02-13,East,Bihar,Gaya,Electronics,Mi Smart Air Purifier 4,1,13852.41,5.0,13159.79,10919.22,2240.57,17.03,Credit Card,Economy,Delivered,Consumer
ORD-100302,CUST-0232,Kavita Malhotra,2025-02-13,East,Bihar,Gaya,Electronics,Samsung 43-inch Crystal 4K Neo TV,1,32582.4,15.0,27695.04,25592.0,2103.04,7.59,Wallet,Economy,Delivered,Consumer
ORD-100303,CUST-0233,Prerna Agarwal,2025-02-13,South,Telangana,Warangal,Beauty & Personal Care,The Derma Co 1% Hyaluronic Sunscreen Aqua Gel,1,500.19,5.0,475.18,249.5,225.68,47.49,UPI,Economy,Delivered,Consumer
ORD-100304,CUST-0046,Komal Rao,2025-02-13,North,Punjab,Ludhiana,Sports & Fitness,Strauss TPE Anti-Skid Yoga Mat 6mm with Bag,1,884.29,20.0,707.43,566.37,141.06,19.94,Net Banking,Standard,Delivered,Corporate
ORD-100305,CUST-0219,Bhavna Mehta,2025-02-14,North,Rajasthan,Jaipur,Home & Kitchen,Pigeon Non-Stick Kitchen Induction Cookware Set,2,1707.65,10.0,3073.77,2106.76,967.01,31.46,COD,Standard,Delivered,Corporate
ORD-100306,CUST-0219,Bhavna Mehta,2025-02-14,North,Rajasthan,Jaipur,Beauty & Personal Care,Biotique Morning Nectar Flawless Skin Lotion,2,293.98,5.0,558.56,287.04,271.52,48.61,COD,Express,Delivered,Corporate
ORD-100307,CUST-0232,Kavita Malhotra,2025-02-15,East,Bihar,Gaya,Fashion,Puma Smashic Unisex White Sneakers,1,3355.12,25.0,2516.34,1682.49,833.85,33.14,Debit Card,Express,Delivered,Consumer
ORD-100308,CUST-0044,Preeti Mehta,2025-02-16,South,Karnataka,Bengaluru,Beauty & Personal Care,The Derma Co 1% Hyaluronic Sunscreen Aqua Gel,4,500.18,5.0,1900.68,998.0,902.68,47.49,Credit Card,Economy,Delivered,Home Office
ORD-100309,CUST-0276,Priya Agarwal,2025-02-16,North,Punjab,Ludhiana,Beauty & Personal Care,Minimalist 10% Niacinamide Face Serum,1,604.84,20.0,483.87,299.5,184.37,38.1,UPI,Standard,Delivered,Consumer
ORD-100310,CUST-0207,Tushar Joshi,2025-02-16,East,Assam,Guwahati,Fashion,Manyavar Silk Blend Nehru Jacket,1,3171.52,10.0,2854.37,1535.52,1318.85,46.2,UPI,Standard,Delivered,Consumer
ORD-100311,CUST-0132,Meera Das,2025-02-17,North,Rajasthan,Udaipur,Beauty & Personal Care,Mamaearth Onion Hair Fall Control Oil 250ml,1,497.07,15.0,422.51,244.51,178.0,42.13,UPI,Economy,Delivered,Consumer
ORD-100312,CUST-0077,Neha Iyer,2025-02-18,West,Gujarat,Rajkot,Beauty & Personal Care,Minimalist 10% Niacinamide Face Serum,1,604.93,10.0,544.44,299.5,244.94,44.99,Credit Card,Express,Delivered,Corporate
ORD-100313,CUST-0232,Kavita Malhotra,2025-02-19,East,Bihar,Gaya,Books & Stationery,Ikigai: Japanese Secret to Long and Happy Life,3,391.98,5.0,1117.14,778.05,339.09,30.35,COD,Standard,Cancelled,Consumer
ORD-100314,CUST-0025,Preeti Iyer,2025-02-19,North,Uttar Pradesh,Noida,Sports & Fitness,Yonex Nanoray 7000I G4 Graphite Badminton Racquet,3,1999.15,10.0,5397.71,3838.08,1559.63,28.89,UPI,Standard,Delivered,Consumer
ORD-100315,CUST-0084,Abhishek Deshmukh,2025-02-20,North,Haryana,Faridabad,Fashion,Zaveri Pearls Gold-Plated Choker Set,1,887.39,15.0,754.28,395.56,358.72,47.56,Net Banking,Standard,Returned,Consumer
ORD-100316,CUST-0096,Meera Reddy,2025-02-20,West,Maharashtra,Nashik,Sports & Fitness,Cultsport Smart Magnetic Spin Exercise Bike,1,13138.93,25.0,9854.2,8709.33,1144.87,11.62,Credit Card,Standard,Delivered,Consumer
ORD-100317,CUST-0232,Kavita Malhotra,2025-02-21,East,Bihar,Gaya,Electronics,Boat Rockerz 550 Wireless Headphones,1,1797.18,5.0,1707.32,1385.23,322.09,18.87,COD,Economy,Delayed,Consumer
ORD-100318,CUST-0252,Manish Das,2025-02-21,East,Odisha,Cuttack,Electronics,SanDisk Ultra 128GB MicroSD Card,1,902.79,0.0,902.79,683.24,219.55,24.32,COD,Standard,Delivered,Consumer
ORD-100319,CUST-0209,Mayank Das,2025-02-22,West,Gujarat,Ahmedabad,Beauty & Personal Care,mCaffeine Naked & Raw Coffee Body Scrub,1,394.23,5.0,374.52,187.53,186.99,49.93,Credit Card,Standard,Delivered,Consumer
ORD-100320,CUST-0282,Pooja Choudhury,2025-02-22,Central,Madhya Pradesh,Jabalpur,Grocery & Gourmet,Nutraj Special California Raw Whole Almonds 500g,5,475.89,0.0,2379.45,1680.0,699.45,29.4,UPI,Standard,Delivered,Consumer
ORD-100321,CUST-0038,Akash Deshmukh,2025-02-23,East,Assam,Guwahati,Grocery & Gourmet,Disano Extra Virgin Cold Pressed Olive Oil 1L,2,1016.17,30.0,1422.64,1378.62,44.02,3.09,UPI,Standard,Delayed,Consumer
ORD-100322,CUST-0091,Siddharth Pillai,2025-02-23,South,Karnataka,Mysuru,Fashion,FabIndia Men Handloom Cotton Kurta,1,1903.43,0.0,1903.43,907.2,996.23,52.34,Net Banking,Standard,Delivered,Consumer
ORD-100323,CUST-0165,Tushar Trivedi,2025-02-23,North,Punjab,Ludhiana,Home & Kitchen,Solimo Microfibre Double Comforter Blanket,1,1613.35,0.0,1613.35,1023.36,589.99,36.57,COD,Standard,Delivered,Consumer
ORD-100324,CUST-0232,Kavita Malhotra,2025-02-23,East,Bihar,Gaya,Home & Kitchen,Hawkins Contura Hard Anodised Pressure Cooker 3L,1,1844.74,10.0,1660.27,1165.5,494.77,29.8,Debit Card,Express,Delivered,Consumer
ORD-100325,CUST-0003,Siddharth Verma,2025-02-23,West,Goa,Panaji,Beauty & Personal Care,The Derma Co 1% Hyaluronic Sunscreen Aqua Gel,1,496.19,20.0,396.95,249.5,147.45,37.15,Credit Card,Economy,Delivered,Corporate
ORD-100326,CUST-0232,Kavita Malhotra,2025-02-24,East,Bihar,Gaya,Electronics,Noise ColorFit Pulse 2 Max Smartwatch,2,2289.3,20.0,3662.88,3586.44,76.44,2.09,UPI,Standard,Delivered,Consumer
ORD-100327,CUST-0207,Tushar Joshi,2025-02-24,East,Assam,Guwahati,Electronics,Boat Rockerz 550 Wireless Headphones,2,1804.13,15.0,3067.02,2770.46,296.56,9.67,Debit Card,Economy,Delivered,Consumer
ORD-100328,CUST-0263,Bhavna Sen,2025-02-24,North,Delhi,Delhi,Fashion,Manyavar Silk Blend Nehru Jacket,3,3231.29,0.0,9693.87,4606.56,5087.31,52.48,Credit Card,Standard,Delayed,Consumer
ORD-100329,CUST-0028,Siddharth Menon,2025-02-24,North,Rajasthan,Jodhpur,Fashion,Allen Solly Men Classic Slim Shirt,2,1679.14,20.0,2686.62,1699.0,987.62,36.76,COD,Standard,Delivered,Consumer
ORD-100330,CUST-0233,Prerna Agarwal,2025-02-25,South,Telangana,Warangal,Fashion,Zaveri Pearls Gold-Plated Choker Set,1,906.9,5.0,861.55,395.56,465.99,54.09,Net Banking,Standard,Returned,Consumer
ORD-100331,CUST-0232,Kavita Malhotra,2025-02-25,East,Bihar,Gaya,Electronics,Mi Smart Air Purifier 4,1,13846.25,10.0,12461.62,10919.22,1542.4,12.38,COD,Economy,Delivered,Consumer
ORD-100332,CUST-0237,Jyoti Menon,2025-02-25,East,Odisha,Cuttack,Fashion,Biba Women Printed Anarkali Suit Set,1,3476.5,10.0,3128.85,1609.54,1519.31,48.56,Credit Card,Express,Delivered,Consumer
ORD-100333,CUST-0133,Manish Chatterjee,2025-02-27,East,Jharkhand,Ranchi,Electronics,HP 15s Ryzen 5 16GB/512GB SSD Laptop,1,53425.27,5.0,50754.01,42392.0,8362.01,16.48,Credit Card,Standard,Delivered,Consumer
ORD-100334,CUST-0154,Vivek Nair,2025-02-27,West,Gujarat,Vadodara,Sports & Fitness,Cultsport Smart Magnetic Spin Exercise Bike,2,12757.3,10.0,22963.14,17418.66,5544.48,24.15,COD,Express,Delivered,Consumer
ORD-100335,CUST-0170,Rohan Trivedi,2025-02-28,South,Kerala,Thiruvananthapuram,Sports & Fitness,Decathlon Domyos Training Resistance Band 15kg,1,489.1,0.0,489.1,304.39,184.71,37.77,Credit Card,Express,Returned,Consumer
ORD-100336,CUST-0232,Kavita Malhotra,2025-02-28,East,Bihar,Gaya,Beauty & Personal Care,The Derma Co 1% Hyaluronic Sunscreen Aqua Gel,1,506.76,10.0,456.08,249.5,206.58,45.29,UPI,Standard,Returned,Consumer
ORD-100337,CUST-0166,Harsh Patel,2025-03-01,Central,Chhattisgarh,Raipur,Beauty & Personal Care,WOW Skin Science Apple Cider Vinegar Shampoo,2,453.26,25.0,679.89,440.02,239.87,35.28,Credit Card,Standard,Delivered,Corporate
ORD-100338,CUST-0104,Abhishek Patel,2025-03-01,West,Gujarat,Ahmedabad,Beauty & Personal Care,Biotique Morning Nectar Flawless Skin Lotion,1,299.22,10.0,269.3,143.52,125.78,46.71,UPI,Economy,Delivered,Consumer
ORD-100339,CUST-0189,Harsh Mehta,2025-03-02,North,Delhi,Delhi,Electronics,OnePlus Nord CE 5G (128GB),2,19971.17,0.0,39942.34,31598.42,8343.92,20.89,Credit Card,Standard,Delivered,Consumer
ORD-100340,CUST-0255,Karthik Sen,2025-03-02,West,Goa,Panaji,Books & Stationery,Ikigai: Japanese Secret to Long and Happy Life,2,399.95,10.0,719.91,518.7,201.21,27.95,Net Banking,Standard,Returned,Consumer
ORD-100341,CUST-0218,Neha Joshi,2025-03-03,East,Bihar,Patna,Home & Kitchen,Prestige Iris 750W Mixer Grinder (3 Jars),2,3239.6,15.0,5507.32,4222.72,1284.6,23.33,COD,Express,Delivered,Corporate
ORD-100342,CUST-0232,Kavita Malhotra,2025-03-04,East,Bihar,Gaya,Fashion,W for Woman Floral Rayon Kurti,1,1378.76,10.0,1240.88,629.55,611.33,49.27,Debit Card,Standard,Delivered,Consumer
ORD-100343,CUST-0229,Tushar Mukherjee,2025-03-04,East,Odisha,Bhubaneswar,Fashion,Allen Solly Men Classic Slim Shirt,2,1728.98,25.0,2593.47,1699.0,894.47,34.49,Debit Card,Standard,Delivered,Home Office
ORD-100344,CUST-0199,Harsh Malhotra,2025-03-04,West,Gujarat,Rajkot,Electronics,Samsung 43-inch Crystal 4K Neo TV,1,32231.02,5.0,30619.47,25592.0,5027.47,16.42,UPI,Economy,Delivered,Home Office
ORD-100345,CUST-0100,Nikhil Bose,2025-03-05,East,West Bengal,Kolkata,Electronics,Boat Rockerz 550 Wireless Headphones,1,1804.74,15.0,1534.03,1385.23,148.8,9.7,UPI,Standard,Delivered,Consumer
ORD-100346,CUST-0209,Mayank Das,2025-03-05,West,Gujarat,Ahmedabad,Grocery & Gourmet,Disano Extra Virgin Cold Pressed Olive Oil 1L,4,1011.96,10.0,3643.06,2757.24,885.82,24.32,UPI,Same-Day,Delivered,Consumer
ORD-100347,CUST-0232,Kavita Malhotra,2025-03-05,East,Bihar,Gaya,Beauty & Personal Care,mCaffeine Naked & Raw Coffee Body Scrub,2,399.14,0.0,798.28,375.06,423.22,53.02,Debit Card,Economy,Delivered,Consumer
ORD-100348,CUST-0041,Rohan Bose,2025-03-07,South,Telangana,Warangal,Grocery & Gourmet,Cadbury Celebrations Assorted Rich Chocolate Box,3,386.57,20.0,927.77,809.4,118.37,12.76,COD,Express,Delivered,Consumer
ORD-100349,CUST-0146,Aditya Rao,2025-03-08,Central,Chhattisgarh,Raipur,Home & Kitchen,Solimo Microfibre Double Comforter Blanket,1,1628.56,5.0,1547.13,1023.36,523.77,33.85,COD,Standard,Delivered,Consumer
ORD-100350,CUST-0232,Kavita Malhotra,2025-03-09,East,Bihar,Gaya,Books & Stationery,Camlin Artist 24 Water Colour Tubes,1,328.55,0.0,328.55,211.2,117.35,35.72,Net Banking,Standard,Delivered,Consumer
ORD-100351,CUST-0128,Sunita Singh,2025-03-09,North,Uttar Pradesh,Lucknow,Beauty & Personal Care,mCaffeine Naked & Raw Coffee Body Scrub,2,402.91,10.0,725.24,375.06,350.18,48.28,UPI,Economy,Delivered,Home Office
ORD-100352,CUST-0204,Abhishek Trivedi,2025-03-09,South,Telangana,Hyderabad,Home & Kitchen,Wakefit Memory Foam Sleeping Pillow (Pack of 2),1,1013.19,10.0,911.87,649.35,262.52,28.79,UPI,Standard,Delivered,Home Office
ORD-100353,CUST-0232,Kavita Malhotra,2025-03-09,East,Bihar,Gaya,Electronics,Noise ColorFit Pulse 2 Max Smartwatch,1,2320.65,40.0,1392.39,1793.22,-400.83,-28.79,Net Banking,Standard,Delivered,Consumer
ORD-100354,CUST-0145,Meera Kumar,2025-03-10,South,Tamil Nadu,Madurai,Sports & Fitness,Decathlon Domyos Training Resistance Band 15kg,2,493.69,0.0,987.38,608.78,378.6,38.34,COD,Standard,Delivered,Consumer
ORD-100355,CUST-0298,Akash Trivedi,2025-03-11,Central,Chhattisgarh,Raipur,Electronics,Realme 20000mAh Power Bank (18W),1,1893.49,15.0,1609.47,1462.23,147.24,9.15,UPI,Standard,Delivered,Consumer
ORD-100356,CUST-0293,Deepa Malhotra,2025-03-12,South,Kerala,Kozhikode,Home & Kitchen,Prestige Iris 750W Mixer Grinder (3 Jars),1,3297.1,15.0,2802.53,2111.36,691.17,24.66,UPI,Express,Delivered,Corporate
ORD-100357,CUST-0232,Kavita Malhotra,2025-03-14,East,Bihar,Gaya,Home & Kitchen,Prestige Iris 750W Mixer Grinder (3 Jars),2,3233.66,25.0,4850.49,4222.72,627.77,12.94,UPI,Economy,Delivered,Consumer
ORD-100358,CUST-0233,Prerna Agarwal,2025-03-14,South,Telangana,Warangal,Beauty & Personal Care,WOW Skin Science Apple Cider Vinegar Shampoo,1,448.59,20.0,358.87,220.01,138.86,38.69,COD,Standard,Delivered,Consumer
ORD-100359,CUST-0179,Shreya Singh,2025-03-15,Central,Madhya Pradesh,Indore,Electronics,OnePlus Nord CE 5G (128GB),1,20022.51,10.0,18020.26,15799.21,2221.05,12.33,COD,Economy,Delivered,Home Office
ORD-100360,CUST-0106,Ananya Das,2025-03-16,West,Gujarat,Rajkot,Grocery & Gourmet,India Gate Super Basmati Rice Aged 5kg,3,715.86,5.0,2040.2,1533.6,506.6,24.83,COD,Standard,Delivered,Consumer
ORD-100361,CUST-0232,Kavita Malhotra,2025-03-16,East,Bihar,Gaya,Electronics,HP 15s Ryzen 5 16GB/512GB SSD Laptop,1,53895.08,15.0,45810.82,42392.0,3418.82,7.46,UPI,Standard,Delivered,Consumer
ORD-100362,CUST-0094,Vikram Trivedi,2025-03-19,North,Uttar Pradesh,Noida,Home & Kitchen,Pigeon Non-Stick Kitchen Induction Cookware Set,1,1720.22,25.0,1290.16,1053.38,236.78,18.35,UPI,Standard,Delivered,Consumer
ORD-100363,CUST-0106,Ananya Das,2025-03-20,West,Gujarat,Rajkot,Home & Kitchen,Wakefit Memory Foam Sleeping Pillow (Pack of 2),2,994.29,5.0,1889.15,1298.7,590.45,31.25,COD,Economy,Delivered,Consumer
ORD-100364,CUST-0006,Deepa Patel,2025-03-22,North,Delhi,Delhi,Home & Kitchen,Hawkins Contura Hard Anodised Pressure Cooker 3L,1,1816.96,10.0,1635.26,1165.5,469.76,28.73,UPI,Standard,Delivered,Consumer
ORD-100365,CUST-0011,Karthik Chatterjee,2025-03-22,East,West Bengal,Siliguri,Grocery & Gourmet,Fortune Sunlite Refined Sunflower Oil 5L Can,1,762.83,10.0,686.55,547.2,139.35,20.3,UPI,Express,Delivered,Consumer
ORD-100366,CUST-0232,Kavita Malhotra,2025-03-22,East,Bihar,Gaya,Sports & Fitness,Yonex Nanoray 7000I G4 Graphite Badminton Racquet,1,2015.86,30.0,1411.1,1279.36,131.74,9.34,COD,Express,Delivered,Consumer
ORD-100367,CUST-0024,Tanvi Pillai,2025-03-22,North,Haryana,Faridabad,Electronics,Mi Smart Air Purifier 4,1,14216.01,15.0,12083.61,10919.22,1164.39,9.64,Credit Card,Standard,Delivered,Consumer
ORD-100368,CUST-0101,Kabir Gupta,2025-03-22,North,Rajasthan,Jodhpur,Home & Kitchen,Milton Thermosteel Flip Lid Hot/Cold Flask 1L,1,966.8,25.0,725.1,597.87,127.23,17.55,COD,Standard,Delivered,Consumer
ORD-100369,CUST-0232,Kavita Malhotra,2025-03-23,East,Bihar,Gaya,Sports & Fitness,Decathlon Domyos Training Resistance Band 15kg,2,497.29,0.0,994.58,608.78,385.8,38.79,UPI,Standard,Delivered,Consumer
ORD-100370,CUST-0200,Jyoti Nambiar,2025-03-23,West,Maharashtra,Nashik,Grocery & Gourmet,Cadbury Celebrations Assorted Rich Chocolate Box,1,374.95,5.0,356.2,269.8,86.4,24.26,UPI,Express,Delivered,Corporate
ORD-100371,CUST-0232,Kavita Malhotra,2025-03-24,East,Bihar,Gaya,Home & Kitchen,Hawkins Contura Hard Anodised Pressure Cooker 3L,2,1839.1,5.0,3494.29,2331.0,1163.29,33.29,Credit Card,Economy,Delivered,Consumer
ORD-100372,CUST-0232,Kavita Malhotra,2025-03-24,East,Bihar,Gaya,Grocery & Gourmet,Fortune Sunlite Refined Sunflower Oil 5L Can,1,770.78,20.0,616.62,547.2,69.42,11.26,UPI,Standard,Delivered,Consumer
ORD-100373,CUST-0175,Divya Trivedi,2025-03-24,East,West Bengal,Kolkata,Sports & Fitness,Nivia Storm Football Size 5 Rubber,1,498.11,15.0,423.39,309.38,114.01,26.93,Net Banking,Express,Delivered,Corporate
ORD-100374,CUST-0122,Simran Verma,2025-03-24,North,Haryana,Faridabad,Fashion,Biba Women Printed Anarkali Suit Set,1,3525.6,5.0,3349.32,1609.54,1739.78,51.94,UPI,Economy,Delivered,Home Office
ORD-100375,CUST-0091,Siddharth Pillai,2025-03-26,South,Karnataka,Mysuru,Beauty & Personal Care,The Derma Co 1% Hyaluronic Sunscreen Aqua Gel,1,489.33,0.0,489.33,249.5,239.83,49.01,Net Banking,Standard,Delivered,Consumer
ORD-100376,CUST-0241,Rajesh Iyer,2025-03-27,West,Gujarat,Vadodara,Electronics,Samsung 43-inch Crystal 4K Neo TV,2,31444.0,25.0,47166.0,51184.0,-4018.0,-8.52,UPI,Standard,Delivered,Home Office
ORD-100377,CUST-0218,Neha Joshi,2025-03-27,East,Bihar,Patna,Sports & Fitness,Boldfit Adjustable PVC Dumbbell Set 10kg,2,1891.54,0.0,3783.08,2430.72,1352.36,35.75,COD,Standard,Delayed,Corporate
ORD-100378,CUST-0186,Vikram Choudhury,2025-03-27,South,Tamil Nadu,Coimbatore,Electronics,Noise ColorFit Pulse 2 Max Smartwatch,1,2276.87,15.0,1935.34,1793.22,142.12,7.34,Credit Card,Economy,Delivered,Corporate
ORD-100379,CUST-0232,Kavita Malhotra,2025-03-28,East,Bihar,Gaya,Books & Stationery,The Psychology of Money by Morgan Housel,1,385.52,5.0,366.24,247.0,119.24,32.56,Debit Card,Standard,Delayed,Consumer
ORD-100380,CUST-0056,Deepa Agarwal,2025-03-28,North,Uttar Pradesh,Kanpur,Books & Stationery,Parker Vector Standard CT Rollerball Pen,1,423.16,20.0,338.53,264.6,73.93,21.84,COD,Express,Delivered,Home Office
ORD-100381,CUST-0219,Bhavna Mehta,2025-03-28,North,Rajasthan,Jaipur,Grocery & Gourmet,Organic India Tulsi Green Tea Bags (Pack of 100),1,259.66,5.0,246.68,179.4,67.28,27.27,Credit Card,Economy,Delivered,Corporate
ORD-100382,CUST-0232,Kavita Malhotra,2025-03-28,East,Bihar,Gaya,Home & Kitchen,Pigeon Non-Stick Kitchen Induction Cookware Set,1,1696.29,0.0,1696.29,1053.38,642.91,37.9,UPI,Standard,Delivered,Consumer
ORD-100383,CUST-0176,Priya Singh,2025-03-28,West,Goa,Panaji,Home & Kitchen,Wakefit Memory Foam Sleeping Pillow (Pack of 2),1,994.53,5.0,944.8,649.35,295.45,31.27,COD,Standard,Delivered,Consumer
ORD-100384,CUST-0091,Siddharth Pillai,2025-03-29,South,Karnataka,Mysuru,Electronics,Realme 20000mAh Power Bank (18W),3,1877.84,20.0,4506.82,4386.69,120.13,2.67,UPI,Economy,Delivered,Consumer
ORD-100385,CUST-0176,Priya Singh,2025-03-30,West,Goa,Panaji,Home & Kitchen,Solimo Microfibre Double Comforter Blanket,1,1583.51,10.0,1425.16,1023.36,401.8,28.19,Credit Card,Standard,Delivered,Consumer
ORD-100386,CUST-0232,Kavita Malhotra,2025-04-01,East,Bihar,Gaya,Beauty & Personal Care,Mamaearth Onion Hair Fall Control Oil 250ml,1,494.67,0.0,494.67,244.51,250.16,50.57,Wallet,Standard,Delivered,Consumer
ORD-100387,CUST-0106,Ananya Das,2025-04-01,West,Gujarat,Rajkot,Home & Kitchen,Bajaj New Shakti Neo 15L Storage Water Geyser,1,5854.07,5.0,5561.37,3893.34,1668.03,29.99,COD,Standard,Delivered,Consumer
ORD-100388,CUST-0100,Nikhil Bose,2025-04-02,East,West Bengal,Kolkata,Books & Stationery,Parker Vector Standard CT Rollerball Pen,1,428.37,40.0,257.02,264.6,-7.58,-2.95,UPI,Express,Delivered,Consumer
ORD-100389,CUST-0232,Kavita Malhotra,2025-04-04,East,Bihar,Gaya,Beauty & Personal Care,Plum Green Tea Pore Cleansing Face Wash,1,351.48,15.0,298.76,165.6,133.16,44.57,UPI,Express,Delivered,Consumer
ORD-100390,CUST-0233,Prerna Agarwal,2025-04-04,South,Telangana,Warangal,Electronics,Noise ColorFit Pulse 2 Max Smartwatch,1,2281.62,5.0,2167.54,1793.22,374.32,17.27,UPI,Standard,Delivered,Consumer
ORD-100391,CUST-0111,Shreya Rao,2025-04-06,South,Karnataka,Mangaluru,Grocery & Gourmet,Tata Tea Gold Premium Black Tea 1kg,2,546.14,10.0,983.05,756.0,227.05,23.1,UPI,Standard,Delivered,Consumer
ORD-100392,CUST-0248,Swati Sen,2025-04-06,East,Odisha,Bhubaneswar,Home & Kitchen,Wakefit Memory Foam Sleeping Pillow (Pack of 2),1,1009.08,25.0,756.81,649.35,107.46,14.2,Debit Card,Standard,Delivered,Home Office
ORD-100393,CUST-0132,Meera Das,2025-04-06,North,Rajasthan,Udaipur,Electronics,HP 15s Ryzen 5 16GB/512GB SSD Laptop,2,52348.71,40.0,62818.45,84784.0,-21965.55,-34.97,COD,Economy,Delivered,Consumer
ORD-100394,CUST-0121,Prerna Malhotra,2025-04-07,West,Gujarat,Vadodara,Home & Kitchen,Milton Thermosteel Flip Lid Hot/Cold Flask 1L,1,931.78,15.0,792.01,597.87,194.14,24.51,Net Banking,Economy,Delivered,Corporate
ORD-100395,CUST-0210,Jyoti Trivedi,2025-04-09,North,Haryana,Gurugram,Electronics,Realme 20000mAh Power Bank (18W),1,1910.82,0.0,1910.82,1462.23,448.59,23.48,UPI,Standard,Delivered,Consumer
ORD-100396,CUST-0102,Mayank Bhat,2025-04-10,South,Kerala,Thiruvananthapuram,Home & Kitchen,Solimo Microfibre Double Comforter Blanket,1,1613.77,5.0,1533.08,1023.36,509.72,33.25,COD,Express,Delivered,Corporate
ORD-100397,CUST-0157,Alok Kulkarni,2025-04-10,South,Tamil Nadu,Chennai,Home & Kitchen,Wakefit Memory Foam Sleeping Pillow (Pack of 2),1,1003.44,15.0,852.92,649.35,203.57,23.87,UPI,Standard,Delivered,Corporate
ORD-100398,CUST-0119,Kavita Joshi,2025-04-11,East,West Bengal,Howrah,Sports & Fitness,Decathlon Domyos Training Resistance Band 15kg,2,495.93,20.0,793.49,608.78,184.71,23.28,UPI,Express,Delivered,Home Office
ORD-100399,CUST-0142,Vikram Sen,2025-04-12,South,Karnataka,Bengaluru,Beauty & Personal Care,Plum Green Tea Pore Cleansing Face Wash,1,343.59,5.0,326.41,165.6,160.81,49.27,Wallet,Same-Day,Delivered,Consumer
ORD-100400,CUST-0232,Kavita Malhotra,2025-04-12,East,Bihar,Gaya,Home & Kitchen,Wakefit Memory Foam Sleeping Pillow (Pack of 2),1,997.86,0.0,997.86,649.35,348.51,34.93,UPI,Standard,Delivered,Consumer
ORD-100401,CUST-0109,Kabir Sen,2025-04-12,East,West Bengal,Siliguri,Electronics,Realme 20000mAh Power Bank (18W),1,1918.56,20.0,1534.85,1462.23,72.62,4.73,COD,Standard,Delivered,Consumer
ORD-100402,CUST-0147,Harsh Deshmukh,2025-04-12,South,Telangana,Hyderabad,Home & Kitchen,Hawkins Contura Hard Anodised Pressure Cooker 3L,1,1867.34,15.0,1587.24,1165.5,421.74,26.57,COD,Same-Day,Delivered,Corporate
ORD-100403,CUST-0209,Mayank Das,2025-04-13,West,Gujarat,Ahmedabad,Fashion,Puma Smashic Unisex White Sneakers,1,3290.9,20.0,2632.72,1682.49,950.23,36.09,Credit Card,Economy,Delivered,Consumer
ORD-100404,CUST-0276,Priya Agarwal,2025-04-13,North,Punjab,Ludhiana,Sports & Fitness,Cultsport Smart Magnetic Spin Exercise Bike,1,13183.2,20.0,10546.56,8709.33,1837.23,17.42,UPI,Express,Delivered,Consumer
ORD-100405,CUST-0232,Kavita Malhotra,2025-04-14,East,Bihar,Gaya,Electronics,SanDisk Ultra 128GB MicroSD Card,1,916.02,10.0,824.42,683.24,141.18,17.12,Debit Card,Economy,Delivered,Consumer
ORD-100406,CUST-0176,Priya Singh,2025-04-16,West,Goa,Panaji,Sports & Fitness,Strauss TPE Anti-Skid Yoga Mat 6mm with Bag,1,901.5,5.0,856.42,566.37,290.05,33.87,Debit Card,Express,Delayed,Consumer
ORD-100407,CUST-0241,Rajesh Iyer,2025-04-17,West,Gujarat,Vadodara,Fashion,W for Woman Floral Rayon Kurti,3,1391.6,0.0,4174.8,1888.65,2286.15,54.76,COD,Express,Delivered,Home Office
ORD-100408,CUST-0232,Kavita Malhotra,2025-04-18,East,Bihar,Gaya,Books & Stationery,Parker Vector Standard CT Rollerball Pen,3,411.98,10.0,1112.35,793.8,318.55,28.64,COD,Economy,Delivered,Consumer
ORD-100409,CUST-0096,Meera Reddy,2025-04-18,West,Maharashtra,Nashik,Home & Kitchen,Milton Thermosteel Flip Lid Hot/Cold Flask 1L,1,936.44,5.0,889.62,597.87,291.75,32.79,Credit Card,Economy,Delivered,Consumer
ORD-100410,CUST-0274,Komal Patel,2025-04-18,West,Goa,Margao,Beauty & Personal Care,WOW Skin Science Apple Cider Vinegar Shampoo,1,444.58,40.0,266.75,220.01,46.74,17.52,Wallet,Economy,Delivered,Home Office
ORD-100411,CUST-0189,Harsh Mehta,2025-04-18,North,Delhi,Delhi,Fashion,Allen Solly Men Classic Slim Shirt,2,1692.8,5.0,3216.32,1699.0,1517.32,47.18,Debit Card,Same-Day,Delivered,Consumer
ORD-100412,CUST-0255,Karthik Sen,2025-04-18,West,Goa,Panaji,Home & Kitchen,Solimo Microfibre Double Comforter Blanket,1,1624.31,0.0,1624.31,1023.36,600.95,37.0,UPI,Express,Delivered,Consumer
ORD-100413,CUST-0241,Rajesh Iyer,2025-04-18,West,Gujarat,Vadodara,Electronics,Realme 20000mAh Power Bank (18W),1,1893.8,20.0,1515.04,1462.23,52.81,3.49,Wallet,Standard,Delivered,Home Office
ORD-100414,CUST-0219,Bhavna Mehta,2025-04-19,North,Rajasthan,Jaipur,Electronics,OnePlus Nord CE 5G (128GB),2,20021.0,20.0,32033.6,31598.42,435.18,1.36,COD,Economy,Delivered,Corporate
ORD-100415,CUST-0142,Vikram Sen,2025-04-19,South,Karnataka,Bengaluru,Home & Kitchen,Bajaj New Shakti Neo 15L Storage Water Geyser,1,6007.98,10.0,5407.18,3893.34,1513.84,28.0,UPI,Standard,Delivered,Consumer
ORD-100416,CUST-0103,Deepa Bhat,2025-04-19,East,Odisha,Bhubaneswar,Sports & Fitness,Decathlon Domyos Training Resistance Band 15kg,2,495.99,30.0,694.39,608.78,85.61,12.33,COD,Standard,Delivered,Consumer
ORD-100417,CUST-0232,Kavita Malhotra,2025-04-20,East,Bihar,Gaya,Fashion,Puma Smashic Unisex White Sneakers,2,3242.52,5.0,6160.79,3364.98,2795.81,45.38,COD,Standard,Delivered,Consumer
ORD-100418,CUST-0147,Harsh Deshmukh,2025-04-20,South,Telangana,Hyderabad,Electronics,Realme 20000mAh Power Bank (18W),1,1919.56,5.0,1823.58,1462.23,361.35,19.82,UPI,Standard,Delayed,Corporate
ORD-100419,CUST-0146,Aditya Rao,2025-04-21,Central,Chhattisgarh,Raipur,Beauty & Personal Care,Mamaearth Onion Hair Fall Control Oil 250ml,1,495.42,25.0,371.56,244.51,127.05,34.19,UPI,Standard,Delivered,Consumer
ORD-100420,CUST-0232,Kavita Malhotra,2025-04-21,East,Bihar,Gaya,Electronics,OnePlus Nord CE 5G (128GB),1,20193.26,15.0,17164.27,15799.21,1365.06,7.95,UPI,Express,Delivered,Consumer
ORD-100421,CUST-0233,Prerna Agarwal,2025-04-22,South,Telangana,Warangal,Home & Kitchen,Milton Thermosteel Flip Lid Hot/Cold Flask 1L,1,932.16,0.0,932.16,597.87,334.29,35.86,Wallet,Economy,Delivered,Consumer
ORD-100422,CUST-0199,Harsh Malhotra,2025-04-22,West,Gujarat,Rajkot,Electronics,SanDisk Ultra 128GB MicroSD Card,3,886.15,10.0,2392.61,2049.72,342.89,14.33,COD,Standard,Delivered,Home Office
ORD-100423,CUST-0090,Priya Pillai,2025-04-22,East,Assam,Guwahati,Electronics,Realme 20000mAh Power Bank (18W),1,1908.08,15.0,1621.87,1462.23,159.64,9.84,COD,Standard,Delivered,Consumer
ORD-100424,CUST-0232,Kavita Malhotra,2025-04-24,East,Bihar,Gaya,Electronics,Samsung 43-inch Crystal 4K Neo TV,1,32610.5,0.0,32610.5,25592.0,7018.5,21.52,COD,Express,Returned,Consumer
ORD-100425,CUST-0067,Divya Mukherjee,2025-04-24,North,Rajasthan,Jodhpur,Beauty & Personal Care,WOW Skin Science Apple Cider Vinegar Shampoo,1,444.86,15.0,378.13,220.01,158.12,41.82,UPI,Express,Delivered,Consumer
ORD-100426,CUST-0012,Pallavi Reddy,2025-04-26,Central,Madhya Pradesh,Gwalior,Electronics,Samsung 43-inch Crystal 4K Neo TV,2,32008.77,0.0,64017.54,51184.0,12833.54,20.05,COD,Standard,Delivered,Home Office
ORD-100427,CUST-0219,Bhavna Mehta,2025-04-26,North,Rajasthan,Jaipur,Home & Kitchen,Solimo Microfibre Double Comforter Blanket,1,1583.84,0.0,1583.84,1023.36,560.48,35.39,UPI,Standard,Delivered,Corporate
ORD-100428,CUST-0154,Vivek Nair,2025-04-26,West,Gujarat,Vadodara,Beauty & Personal Care,Forest Essentials Soundarya Radiance Cream,1,2603.63,20.0,2082.9,1184.5,898.4,43.13,Debit Card,Standard,Delivered,Consumer
ORD-100429,CUST-0232,Kavita Malhotra,2025-04-26,East,Bihar,Gaya,Sports & Fitness,Yonex Nanoray 7000I G4 Graphite Badminton Racquet,1,1986.89,15.0,1688.86,1279.36,409.5,24.25,UPI,Express,Delivered,Consumer
ORD-100430,CUST-0128,Sunita Singh,2025-04-28,North,Uttar Pradesh,Lucknow,Home & Kitchen,Pigeon Non-Stick Kitchen Induction Cookware Set,2,1720.25,0.0,3440.5,2106.76,1333.74,38.77,UPI,Standard,Delivered,Home Office
ORD-100431,CUST-0232,Kavita Malhotra,2025-04-29,East,Bihar,Gaya,Beauty & Personal Care,Minimalist 10% Niacinamide Face Serum,1,598.26,10.0,538.43,299.5,238.93,44.38,Debit Card,Standard,Delivered,Consumer
ORD-100432,CUST-0065,Aarav Nambiar,2025-04-30,West,Gujarat,Rajkot,Fashion,Biba Women Printed Anarkali Suit Set,1,3441.55,10.0,3097.4,1609.54,1487.86,48.04,UPI,Standard,Delivered,Consumer
ORD-100433,CUST-0069,Akash Mukherjee,2025-05-01,East,Jharkhand,Jamshedpur,Beauty & Personal Care,Mamaearth Onion Hair Fall Control Oil 250ml,2,494.99,0.0,989.98,489.02,500.96,50.6,UPI,Standard,Delayed,Consumer
ORD-100434,CUST-0073,Vivek Mehta,2025-05-01,East,Odisha,Rourkela,Electronics,Realme 20000mAh Power Bank (18W),1,1872.3,10.0,1685.07,1462.23,222.84,13.22,Debit Card,Standard,Delivered,Consumer
ORD-100435,CUST-0232,Kavita Malhotra,2025-05-02,East,Bihar,Gaya,Sports & Fitness,Cultsport Smart Magnetic Spin Exercise Bike,2,12851.4,0.0,25702.8,17418.66,8284.14,32.23,Credit Card,Economy,Delivered,Consumer
ORD-100436,CUST-0232,Kavita Malhotra,2025-05-02,East,Bihar,Gaya,Home & Kitchen,Wakefit Memory Foam Sleeping Pillow (Pack of 2),2,979.24,0.0,1958.48,1298.7,659.78,33.69,COD,Economy,Delivered,Consumer
ORD-100437,CUST-0254,Varun Menon,2025-05-03,Central,Chhattisgarh,Raipur,Grocery & Gourmet,Tata Tea Gold Premium Black Tea 1kg,4,545.88,20.0,1746.82,1512.0,234.82,13.44,COD,Express,Delivered,Consumer
ORD-100438,CUST-0233,Prerna Agarwal,2025-05-03,South,Telangana,Warangal,Electronics,HP 15s Ryzen 5 16GB/512GB SSD Laptop,2,52902.35,15.0,89933.99,84784.0,5149.99,5.73,Credit Card,Express,Delivered,Consumer
ORD-100439,CUST-0178,Jyoti Bose,2025-05-03,South,Karnataka,Mangaluru,Books & Stationery,Camlin Artist 24 Water Colour Tubes,5,327.63,40.0,982.89,1056.0,-73.11,-7.44,COD,Standard,Delayed,Consumer
ORD-100440,CUST-0014,Aditya Deshmukh,2025-05-03,East,West Bengal,Howrah,Sports & Fitness,Nivia Storm Football Size 5 Rubber,1,506.35,20.0,405.08,309.38,95.7,23.62,COD,Standard,Delivered,Consumer
ORD-100441,CUST-0232,Kavita Malhotra,2025-05-04,East,Bihar,Gaya,Fashion,Biba Women Printed Anarkali Suit Set,1,3431.83,10.0,3088.65,1609.54,1479.11,47.89,COD,Economy,Delivered,Consumer
ORD-100442,CUST-0142,Vikram Sen,2025-05-04,South,Karnataka,Bengaluru,Home & Kitchen,Pigeon Non-Stick Kitchen Induction Cookware Set,1,1671.48,0.0,1671.48,1053.38,618.1,36.98,Debit Card,Same-Day,Delivered,Consumer
ORD-100443,CUST-0172,Gaurav Choudhury,2025-05-05,East,Assam,Guwahati,Fashion,Zaveri Pearls Gold-Plated Choker Set,3,910.26,30.0,1911.55,1186.68,724.87,37.92,COD,Economy,Delivered,Consumer
ORD-100444,CUST-0052,Arjun Mukherjee,2025-05-06,East,Odisha,Rourkela,Beauty & Personal Care,The Derma Co 1% Hyaluronic Sunscreen Aqua Gel,1,494.44,0.0,494.44,249.5,244.94,49.54,Net Banking,Standard,Delivered,Corporate
ORD-100445,CUST-0054,Pooja Verma,2025-05-06,West,Maharashtra,Pune,Books & Stationery,The Psychology of Money by Morgan Housel,1,380.1,30.0,266.07,247.0,19.07,7.17,UPI,Standard,Delivered,Home Office
ORD-100446,CUST-0010,Komal Deshmukh,2025-05-07,East,Bihar,Muzaffarpur,Beauty & Personal Care,Forest Essentials Soundarya Radiance Cream,1,2614.52,10.0,2353.07,1184.5,1168.57,49.66,UPI,Express,Delivered,Corporate
ORD-100447,CUST-0074,Priya Gupta,2025-05-10,South,Kerala,Kozhikode,Books & Stationery,The Psychology of Money by Morgan Housel,3,379.82,5.0,1082.49,741.0,341.49,31.55,Debit Card,Standard,Delivered,Corporate
ORD-100448,CUST-0234,Rajesh Agarwal,2025-05-11,Central,Madhya Pradesh,Jabalpur,Fashion,Zaveri Pearls Gold-Plated Choker Set,2,904.67,30.0,1266.54,791.12,475.42,37.54,COD,Economy,Returned,Consumer
ORD-100449,CUST-0232,Kavita Malhotra,2025-05-12,East,Bihar,Gaya,Fashion,Allen Solly Men Classic Slim Shirt,2,1694.07,5.0,3218.73,1699.0,1519.73,47.22,UPI,Economy,Delayed,Consumer
ORD-100450,CUST-0269,Ishita Rao,2025-05-12,South,Telangana,Warangal,Home & Kitchen,Bajaj New Shakti Neo 15L Storage Water Geyser,1,5789.66,0.0,5789.66,3893.34,1896.32,32.75,COD,Economy,Delayed,Consumer
ORD-100451,CUST-0091,Siddharth Pillai,2025-05-13,South,Karnataka,Mysuru,Sports & Fitness,Nivia Storm Football Size 5 Rubber,2,497.36,15.0,845.51,618.76,226.75,26.82,COD,Standard,Delivered,Consumer
ORD-100452,CUST-0200,Jyoti Nambiar,2025-05-13,West,Maharashtra,Nashik,Books & Stationery,Classmate Pulse 6-Subject Spiral Notebooks (Pack of 4),2,294.28,10.0,529.7,394.68,135.02,25.49,Credit Card,Economy,Delivered,Corporate
ORD-100453,CUST-0051,Riya Kumar,2025-05-14,South,Karnataka,Mysuru,Fashion,Manyavar Silk Blend Nehru Jacket,2,3204.45,0.0,6408.9,3071.04,3337.86,52.08,Debit Card,Economy,Delivered,Home Office
ORD-100454,CUST-0097,Simran Nair,2025-05-15,East,Bihar,Muzaffarpur,Beauty & Personal Care,Plum Green Tea Pore Cleansing Face Wash,1,342.14,5.0,325.03,165.6,159.43,49.05,UPI,Economy,Returned,Consumer
ORD-100455,CUST-0232,Kavita Malhotra,2025-05-15,East,Bihar,Gaya,Grocery & Gourmet,Organic India Tulsi Green Tea Bags (Pack of 100),1,264.69,15.0,224.99,179.4,45.59,20.26,COD,Standard,Delivered,Consumer
ORD-100456,CUST-0232,Kavita Malhotra,2025-05-16,East,Bihar,Gaya,Fashion,Zaveri Pearls Gold-Plated Choker Set,3,898.57,15.0,2291.35,1186.68,1104.67,48.21,COD,Standard,Delivered,Consumer
ORD-100457,CUST-0232,Kavita Malhotra,2025-05-16,East,Bihar,Gaya,Beauty & Personal Care,mCaffeine Naked & Raw Coffee Body Scrub,2,398.83,5.0,757.78,375.06,382.72,50.51,UPI,Economy,Delivered,Consumer
ORD-100458,CUST-0232,Kavita Malhotra,2025-05-16,East,Bihar,Gaya,Home & Kitchen,Wakefit Memory Foam Sleeping Pillow (Pack of 2),3,980.93,20.0,2354.23,1948.05,406.18,17.25,Wallet,Economy,Delayed,Consumer
ORD-100459,CUST-0174,Sneha Banerjee,2025-05-17,South,Karnataka,Mangaluru,Fashion,Biba Women Printed Anarkali Suit Set,1,3531.87,5.0,3355.28,1609.54,1745.74,52.03,UPI,Economy,Delivered,Consumer
ORD-100460,CUST-0232,Kavita Malhotra,2025-05-17,East,Bihar,Gaya,Sports & Fitness,Nivia Storm Football Size 5 Rubber,2,505.94,20.0,809.5,618.76,190.74,23.56,COD,Economy,Delivered,Consumer
ORD-100461,CUST-0172,Gaurav Choudhury,2025-05-18,East,Assam,Guwahati,Fashion,W for Woman Floral Rayon Kurti,3,1418.06,10.0,3828.76,1888.65,1940.11,50.67,UPI,Standard,Delivered,Consumer
ORD-100462,CUST-0179,Shreya Singh,2025-05-20,Central,Madhya Pradesh,Indore,Sports & Fitness,Cultsport Smart Magnetic Spin Exercise Bike,4,12837.55,15.0,43647.67,34837.32,8810.35,20.19,UPI,Standard,Delivered,Home Office
ORD-100463,CUST-0158,Ananya Iyer,2025-05-20,West,Maharashtra,Pune,Beauty & Personal Care,The Derma Co 1% Hyaluronic Sunscreen Aqua Gel,1,491.93,10.0,442.74,249.5,193.24,43.65,UPI,Standard,Delivered,Corporate
ORD-100464,CUST-0233,Prerna Agarwal,2025-05-20,South,Telangana,Warangal,Home & Kitchen,Bajaj New Shakti Neo 15L Storage Water Geyser,3,5978.72,25.0,13452.12,11680.02,1772.1,13.17,COD,Express,Returned,Consumer
ORD-100465,CUST-0185,Mayank Nair,2025-05-21,South,Andhra Pradesh,Vijayawada,Home & Kitchen,Bajaj New Shakti Neo 15L Storage Water Geyser,3,6010.93,0.0,18032.79,11680.02,6352.77,35.23,UPI,Express,Delivered,Consumer
ORD-100466,CUST-0106,Ananya Das,2025-05-21,West,Gujarat,Rajkot,Beauty & Personal Care,WOW Skin Science Apple Cider Vinegar Shampoo,1,448.7,15.0,381.39,220.01,161.38,42.31,COD,Express,Delivered,Consumer
ORD-100467,CUST-0232,Kavita Malhotra,2025-05-21,East,Bihar,Gaya,Home & Kitchen,Prestige Iris 750W Mixer Grinder (3 Jars),2,3339.64,0.0,6679.28,4222.72,2456.56,36.78,UPI,Standard,Delivered,Consumer
ORD-100468,CUST-0053,Neha Choudhury,2025-05-22,North,Uttar Pradesh,Lucknow,Grocery & Gourmet,Cadbury Celebrations Assorted Rich Chocolate Box,2,385.2,5.0,731.88,539.6,192.28,26.27,UPI,Standard,Delivered,Home Office
ORD-100469,CUST-0252,Manish Das,2025-05-22,East,Odisha,Cuttack,Beauty & Personal Care,The Derma Co 1% Hyaluronic Sunscreen Aqua Gel,2,497.31,20.0,795.7,499.0,296.7,37.29,UPI,Standard,Delivered,Consumer
ORD-100470,CUST-0221,Nikhil Agarwal,2025-05-22,Central,Chhattisgarh,Bilaspur,Books & Stationery,Atomic Habits by James Clear,2,507.67,10.0,913.81,658.68,255.13,27.92,UPI,Standard,Delayed,Corporate
ORD-100471,CUST-0232,Kavita Malhotra,2025-05-23,East,Bihar,Gaya,Electronics,Realme 20000mAh Power Bank (18W),1,1903.22,15.0,1617.74,1462.23,155.51,9.61,Credit Card,Standard,Delivered,Consumer
ORD-100472,CUST-0027,Amit Iyer,2025-05-24,Central,Chhattisgarh,Bilaspur,Beauty & Personal Care,mCaffeine Naked & Raw Coffee Body Scrub,2,400.11,15.0,680.19,375.06,305.13,44.86,UPI,Economy,Delivered,Consumer
ORD-100473,CUST-0055,Aditya Bose,2025-05-24,West,Gujarat,Ahmedabad,Electronics,SanDisk Ultra 128GB MicroSD Card,1,911.4,25.0,683.55,683.24,0.31,0.05,UPI,Standard,Delivered,Consumer
ORD-100474,CUST-0236,Prerna Rao,2025-05-25,North,Punjab,Amritsar,Electronics,HP 15s Ryzen 5 16GB/512GB SSD Laptop,1,53402.96,20.0,42722.37,42392.0,330.37,0.77,UPI,Express,Delivered,Corporate
ORD-100475,CUST-0006,Deepa Patel,2025-05-25,North,Delhi,Delhi,Electronics,Realme 20000mAh Power Bank (18W),1,1885.84,10.0,1697.26,1462.23,235.03,13.85,UPI,Standard,Delivered,Consumer
ORD-100476,CUST-0168,Arjun Patel,2025-05-27,South,Telangana,Hyderabad,Electronics,Mi Smart Air Purifier 4,1,13798.61,15.0,11728.82,10919.22,809.6,6.9,UPI,Express,Delivered,Consumer
ORD-100477,CUST-0215,Sanjay Rao,2025-05-27,East,West Bengal,Siliguri,Electronics,HP 15s Ryzen 5 16GB/512GB SSD Laptop,1,53897.9,0.0,53897.9,42392.0,11505.9,21.35,Credit Card,Standard,Delivered,Corporate
ORD-100478,CUST-0102,Mayank Bhat,2025-05-27,South,Kerala,Thiruvananthapuram,Grocery & Gourmet,Tata Tea Gold Premium Black Tea 1kg,1,549.93,5.0,522.43,378.0,144.43,27.65,UPI,Economy,Delivered,Corporate
ORD-100479,CUST-0232,Kavita Malhotra,2025-05-27,East,Bihar,Gaya,Home & Kitchen,Solimo Microfibre Double Comforter Blanket,2,1604.11,0.0,3208.22,2046.72,1161.5,36.2,Net Banking,Express,Delivered,Consumer
ORD-100480,CUST-0295,Swati Sharma,2025-05-27,Central,Chhattisgarh,Bilaspur,Books & Stationery,The Psychology of Money by Morgan Housel,1,379.16,0.0,379.16,247.0,132.16,34.86,UPI,Economy,Delivered,Consumer
ORD-100481,CUST-0015,Swati Reddy,2025-05-27,North,Punjab,Ludhiana,Home & Kitchen,Wakefit Memory Foam Sleeping Pillow (Pack of 2),2,1014.56,10.0,1826.21,1298.7,527.51,28.89,Debit Card,Standard,Delivered,Consumer
ORD-100482,CUST-0176,Priya Singh,2025-05-27,West,Goa,Panaji,Beauty & Personal Care,Mamaearth Onion Hair Fall Control Oil 250ml,1,489.31,0.0,489.31,244.51,244.8,50.03,Debit Card,Economy,Delivered,Consumer
ORD-100483,CUST-0232,Kavita Malhotra,2025-05-28,East,Bihar,Gaya,Books & Stationery,Ikigai: Japanese Secret to Long and Happy Life,2,403.6,20.0,645.76,518.7,127.06,19.68,Net Banking,Standard,Delivered,Consumer
ORD-100484,CUST-0224,Simran Das,2025-05-28,South,Karnataka,Mangaluru,Sports & Fitness,Yonex Nanoray 7000I G4 Graphite Badminton Racquet,1,2032.88,0.0,2032.88,1279.36,753.52,37.07,COD,Standard,Delivered,Consumer
ORD-100485,CUST-0142,Vikram Sen,2025-05-29,South,Karnataka,Bengaluru,Home & Kitchen,Pigeon Non-Stick Kitchen Induction Cookware Set,3,1708.0,5.0,4867.8,3160.14,1707.66,35.08,Credit Card,Express,Delivered,Consumer
ORD-100486,CUST-0189,Harsh Mehta,2025-05-29,North,Delhi,Delhi,Fashion,W for Woman Floral Rayon Kurti,2,1399.02,15.0,2378.33,1259.1,1119.23,47.06,UPI,Express,Delivered,Consumer
ORD-100487,CUST-0232,Kavita Malhotra,2025-06-01,East,Bihar,Gaya,Beauty & Personal Care,mCaffeine Naked & Raw Coffee Body Scrub,3,394.27,0.0,1182.81,562.59,620.22,52.44,COD,Standard,Delivered,Consumer
ORD-100488,CUST-0118,Aditya Das,2025-06-01,North,Delhi,New Delhi,Fashion,Manyavar Silk Blend Nehru Jacket,2,3193.1,15.0,5428.27,3071.04,2357.23,43.43,UPI,Express,Returned,Consumer
ORD-100489,CUST-0064,Deepa Singh,2025-06-02,East,Odisha,Bhubaneswar,Fashion,Allen Solly Men Classic Slim Shirt,1,1722.41,0.0,1722.41,849.5,872.91,50.68,Credit Card,Standard,Delivered,Consumer
ORD-100490,CUST-0091,Siddharth Pillai,2025-06-03,South,Karnataka,Mysuru,Home & Kitchen,Solimo Microfibre Double Comforter Blanket,1,1604.54,15.0,1363.86,1023.36,340.5,24.97,Net Banking,Express,Delivered,Consumer
ORD-100491,CUST-0144,Gaurav Trivedi,2025-06-04,North,Uttar Pradesh,Kanpur,Books & Stationery,Parker Vector Standard CT Rollerball Pen,2,423.62,10.0,762.52,529.2,233.32,30.6,COD,Economy,Delivered,Consumer
ORD-100492,CUST-0232,Kavita Malhotra,2025-06-04,East,Bihar,Gaya,Home & Kitchen,Prestige Iris 750W Mixer Grinder (3 Jars),1,3286.49,0.0,3286.49,2111.36,1175.13,35.76,COD,Express,Cancelled,Consumer
ORD-100493,CUST-0232,Kavita Malhotra,2025-06-05,East,Bihar,Gaya,Beauty & Personal Care,Minimalist 10% Niacinamide Face Serum,1,608.72,20.0,486.98,299.5,187.48,38.5,Credit Card,Standard,Delivered,Consumer
ORD-100494,CUST-0232,Kavita Malhotra,2025-06-06,East,Bihar,Gaya,Beauty & Personal Care,Mamaearth Onion Hair Fall Control Oil 250ml,1,502.6,20.0,402.08,244.51,157.57,39.19,UPI,Economy,Delivered,Consumer
ORD-100495,CUST-0128,Sunita Singh,2025-06-06,North,Uttar Pradesh,Lucknow,Sports & Fitness,Strauss TPE Anti-Skid Yoga Mat 6mm with Bag,1,904.24,5.0,859.03,566.37,292.66,34.07,COD,Standard,Delivered,Home Office
ORD-100496,CUST-0145,Meera Kumar,2025-06-11,South,Tamil Nadu,Madurai,Home & Kitchen,Pigeon Non-Stick Kitchen Induction Cookware Set,1,1709.97,25.0,1282.48,1053.38,229.1,17.86,Credit Card,Standard,Delivered,Consumer
ORD-100497,CUST-0172,Gaurav Choudhury,2025-06-11,East,Assam,Guwahati,Home & Kitchen,Wakefit Memory Foam Sleeping Pillow (Pack of 2),1,993.99,0.0,993.99,649.35,344.64,34.67,Credit Card,Economy,Delivered,Consumer
ORD-100498,CUST-0170,Rohan Trivedi,2025-06-11,South,Kerala,Thiruvananthapuram,Beauty & Personal Care,mCaffeine Naked & Raw Coffee Body Scrub,2,402.98,5.0,765.66,375.06,390.6,51.01,Net Banking,Economy,Delivered,Consumer
ORD-100499,CUST-0232,Kavita Malhotra,2025-06-12,East,Bihar,Gaya,Home & Kitchen,Prestige Iris 750W Mixer Grinder (3 Jars),1,3284.3,10.0,2955.87,2111.36,844.51,28.57,COD,Express,Delivered,Consumer
ORD-100500,CUST-0232,Kavita Malhotra,2025-06-13,East,Bihar,Gaya,Home & Kitchen,Hawkins Contura Hard Anodised Pressure Cooker 3L,1,1867.16,5.0,1773.8,1165.5,608.3,34.29,COD,Standard,Delayed,Consumer
ORD-100501,CUST-0123,Amit Nair,2025-06-13,North,Uttar Pradesh,Lucknow,Grocery & Gourmet,Nutraj Special California Raw Whole Almonds 500g,1,471.84,15.0,401.06,336.0,65.06,16.22,Credit Card,Economy,Delivered,Consumer
ORD-100502,CUST-0091,Siddharth Pillai,2025-06-15,South,Karnataka,Mysuru,Fashion,Levi's Men 511 Slim Fit Jeans,1,2987.96,5.0,2838.56,1499.5,1339.06,47.17,COD,Standard,Delivered,Consumer
ORD-100503,CUST-0061,Nisha Trivedi,2025-06-15,East,Bihar,Muzaffarpur,Electronics,Mi Smart Air Purifier 4,1,13882.7,20.0,11106.16,10919.22,186.94,1.68,UPI,Economy,Delivered,Consumer
ORD-100504,CUST-0045,Komal Kulkarni,2025-06-15,South,Andhra Pradesh,Vijayawada,Grocery & Gourmet,Disano Extra Virgin Cold Pressed Olive Oil 1L,1,1006.18,15.0,855.25,689.31,165.94,19.4,COD,Standard,Cancelled,Consumer
ORD-100505,CUST-0176,Priya Singh,2025-06-16,West,Goa,Panaji,Beauty & Personal Care,WOW Skin Science Apple Cider Vinegar Shampoo,1,447.85,30.0,313.5,220.01,93.49,29.82,UPI,Standard,Delivered,Consumer
ORD-100506,CUST-0232,Kavita Malhotra,2025-06-17,East,Bihar,Gaya,Beauty & Personal Care,The Derma Co 1% Hyaluronic Sunscreen Aqua Gel,1,501.57,0.0,501.57,249.5,252.07,50.26,UPI,Standard,Delivered,Consumer
ORD-100507,CUST-0282,Pooja Choudhury,2025-06-17,Central,Madhya Pradesh,Jabalpur,Books & Stationery,Ikigai: Japanese Secret to Long and Happy Life,1,398.12,0.0,398.12,259.35,138.77,34.86,UPI,Economy,Delayed,Consumer
ORD-100508,CUST-0014,Aditya Deshmukh,2025-06-17,East,West Bengal,Howrah,Electronics,Noise ColorFit Pulse 2 Max Smartwatch,1,2312.59,0.0,2312.59,1793.22,519.37,22.46,UPI,Economy,Returned,Consumer
ORD-100509,CUST-0232,Kavita Malhotra,2025-06-17,East,Bihar,Gaya,Books & Stationery,Parker Vector Standard CT Rollerball Pen,3,422.75,5.0,1204.84,793.8,411.04,34.12,UPI,Express,Delivered,Consumer
ORD-100510,CUST-0174,Sneha Banerjee,2025-06-17,South,Karnataka,Mangaluru,Grocery & Gourmet,Organic India Tulsi Green Tea Bags (Pack of 100),3,264.3,25.0,594.68,538.2,56.48,9.5,Wallet,Express,Delivered,Consumer
ORD-100511,CUST-0232,Kavita Malhotra,2025-06-19,East,Bihar,Gaya,Beauty & Personal Care,mCaffeine Naked & Raw Coffee Body Scrub,1,406.69,25.0,305.02,187.53,117.49,38.52,UPI,Express,Delivered,Consumer
ORD-100512,CUST-0072,Sunita Banerjee,2025-06-20,North,Delhi,New Delhi,Beauty & Personal Care,Biotique Morning Nectar Flawless Skin Lotion,3,295.82,0.0,887.46,430.56,456.9,51.48,UPI,Same-Day,Delivered,Consumer
ORD-100513,CUST-0200,Jyoti Nambiar,2025-06-21,West,Maharashtra,Nashik,Sports & Fitness,Yonex Nanoray 7000I G4 Graphite Badminton Racquet,1,1991.87,0.0,1991.87,1279.36,712.51,35.77,UPI,Economy,Delivered,Corporate
ORD-100514,CUST-0179,Shreya Singh,2025-06-21,Central,Madhya Pradesh,Indore,Grocery & Gourmet,Disano Extra Virgin Cold Pressed Olive Oil 1L,1,991.4,10.0,892.26,689.31,202.95,22.75,UPI,Economy,Delivered,Home Office
ORD-100515,CUST-0176,Priya Singh,2025-06-24,West,Goa,Panaji,Beauty & Personal Care,Plum Green Tea Pore Cleansing Face Wash,1,347.58,25.0,260.69,165.6,95.09,36.48,Net Banking,Standard,Delivered,Consumer
ORD-100516,CUST-0106,Ananya Das,2025-06-25,West,Gujarat,Rajkot,Beauty & Personal Care,Mamaearth Onion Hair Fall Control Oil 250ml,1,494.86,15.0,420.63,244.51,176.12,41.87,COD,Standard,Delivered,Consumer
ORD-100517,CUST-0200,Jyoti Nambiar,2025-06-25,West,Maharashtra,Nashik,Books & Stationery,Camlin Artist 24 Water Colour Tubes,1,328.74,0.0,328.74,211.2,117.54,35.75,COD,Express,Delivered,Corporate
ORD-100518,CUST-0176,Priya Singh,2025-06-25,West,Goa,Panaji,Electronics,HP 15s Ryzen 5 16GB/512GB SSD Laptop,1,53717.1,5.0,51031.24,42392.0,8639.24,16.93,Debit Card,Standard,Delivered,Consumer
ORD-100519,CUST-0113,Prerna Gupta,2025-06-26,North,Uttar Pradesh,Lucknow,Grocery & Gourmet,Fortune Sunlite Refined Sunflower Oil 5L Can,1,766.78,0.0,766.78,547.2,219.58,28.64,UPI,Standard,Delivered,Home Office
ORD-100520,CUST-0154,Vivek Nair,2025-06-27,West,Gujarat,Vadodara,Home & Kitchen,Wakefit Memory Foam Sleeping Pillow (Pack of 2),2,987.55,0.0,1975.1,1298.7,676.4,34.25,COD,Economy,Delivered,Consumer
ORD-100521,CUST-0223,Preeti Deshmukh,2025-06-27,South,Andhra Pradesh,Visakhapatnam,Beauty & Personal Care,Biotique Morning Nectar Flawless Skin Lotion,1,302.51,25.0,226.88,143.52,83.36,36.74,COD,Economy,Delivered,Consumer
ORD-100522,CUST-0257,Simran Chatterjee,2025-06-27,South,Tamil Nadu,Coimbatore,Grocery & Gourmet,Fortune Sunlite Refined Sunflower Oil 5L Can,2,746.4,10.0,1343.52,1094.4,249.12,18.54,COD,Economy,Returned,Home Office
ORD-100523,CUST-0176,Priya Singh,2025-06-27,West,Goa,Panaji,Grocery & Gourmet,Cadbury Celebrations Assorted Rich Chocolate Box,3,376.53,10.0,1016.63,809.4,207.23,20.38,COD,Standard,Delivered,Consumer
ORD-100524,CUST-0233,Prerna Agarwal,2025-06-28,South,Telangana,Warangal,Beauty & Personal Care,WOW Skin Science Apple Cider Vinegar Shampoo,3,451.74,20.0,1084.18,660.03,424.15,39.12,UPI,Express,Delivered,Consumer
ORD-100525,CUST-0128,Sunita Singh,2025-06-29,North,Uttar Pradesh,Lucknow,Fashion,Biba Women Printed Anarkali Suit Set,2,3446.18,10.0,6203.12,3219.08,2984.04,48.11,UPI,Economy,Delivered,Home Office
ORD-100526,CUST-0232,Kavita Malhotra,2025-06-30,East,Bihar,Gaya,Electronics,HP 15s Ryzen 5 16GB/512GB SSD Laptop,1,53668.86,0.0,53668.86,42392.0,11276.86,21.01,UPI,Express,Delivered,Consumer
ORD-100527,CUST-0141,Bhavna Pillai,2025-06-30,North,Rajasthan,Jodhpur,Electronics,HP 15s Ryzen 5 16GB/512GB SSD Laptop,1,52528.98,10.0,47276.08,42392.0,4884.08,10.33,COD,Standard,Delivered,Home Office
ORD-100528,CUST-0109,Kabir Sen,2025-06-30,East,West Bengal,Siliguri,Books & Stationery,Atomic Habits by James Clear,1,504.54,15.0,428.86,329.34,99.52,23.21,COD,Standard,Delivered,Consumer
ORD-100529,CUST-0025,Preeti Iyer,2025-07-02,North,Uttar Pradesh,Noida,Fashion,Puma Smashic Unisex White Sneakers,2,3263.33,0.0,6526.66,3364.98,3161.68,48.44,UPI,Express,Delivered,Consumer
ORD-100530,CUST-0292,Rohan Kumar,2025-07-02,East,Bihar,Muzaffarpur,Electronics,Realme 20000mAh Power Bank (18W),1,1930.41,10.0,1737.37,1462.23,275.14,15.84,COD,Express,Delivered,Consumer
ORD-100531,CUST-0170,Rohan Trivedi,2025-07-02,South,Kerala,Thiruvananthapuram,Grocery & Gourmet,Fortune Sunlite Refined Sunflower Oil 5L Can,3,756.54,30.0,1588.73,1641.6,-52.87,-3.33,COD,Economy,Delivered,Consumer
ORD-100532,CUST-0142,Vikram Sen,2025-07-03,South,Karnataka,Bengaluru,Electronics,Boat Rockerz 550 Wireless Headphones,1,1812.3,0.0,1812.3,1385.23,427.07,23.57,Net Banking,Same-Day,Delivered,Consumer
ORD-100533,CUST-0232,Kavita Malhotra,2025-07-04,East,Bihar,Gaya,Fashion,Manyavar Silk Blend Nehru Jacket,2,3175.04,20.0,5080.06,3071.04,2009.02,39.55,Debit Card,Economy,Delayed,Consumer
ORD-100534,CUST-0282,Pooja Choudhury,2025-07-05,Central,Madhya Pradesh,Jabalpur,Beauty & Personal Care,mCaffeine Naked & Raw Coffee Body Scrub,4,391.48,5.0,1487.62,750.12,737.5,49.58,UPI,Standard,Delivered,Consumer
ORD-100535,CUST-0264,Riya Pillai,2025-07-05,East,Assam,Silchar,Electronics,Samsung 43-inch Crystal 4K Neo TV,1,32075.9,10.0,28868.31,25592.0,3276.31,11.35,Credit Card,Economy,Delivered,Consumer
ORD-100536,CUST-0232,Kavita Malhotra,2025-07-05,East,Bihar,Gaya,Fashion,FabIndia Men Handloom Cotton Kurta,1,1904.44,10.0,1714.0,907.2,806.8,47.07,COD,Standard,Delivered,Consumer
ORD-100537,CUST-0138,Riya Verma,2025-07-06,West,Maharashtra,Nashik,Electronics,OnePlus Nord CE 5G (128GB),1,20165.94,0.0,20165.94,15799.21,4366.73,21.65,UPI,Economy,Delivered,Corporate
ORD-100538,CUST-0275,Priya Chatterjee,2025-07-07,North,Haryana,Faridabad,Fashion,Zaveri Pearls Gold-Plated Choker Set,2,888.1,25.0,1332.15,791.12,541.03,40.61,UPI,Standard,Delayed,Consumer
ORD-100539,CUST-0102,Mayank Bhat,2025-07-08,South,Kerala,Thiruvananthapuram,Sports & Fitness,Nivia Storm Football Size 5 Rubber,1,502.55,10.0,452.3,309.38,142.92,31.6,Credit Card,Standard,Delivered,Corporate
ORD-100540,CUST-0057,Varun Das,2025-07-10,East,Jharkhand,Jamshedpur,Books & Stationery,The Psychology of Money by Morgan Housel,1,372.7,20.0,298.16,247.0,51.16,17.16,UPI,Economy,Delivered,Consumer
ORD-100541,CUST-0219,Bhavna Mehta,2025-07-10,North,Rajasthan,Jaipur,Beauty & Personal Care,Forest Essentials Soundarya Radiance Cream,1,2548.25,15.0,2166.01,1184.5,981.51,45.31,COD,Economy,Delivered,Corporate
ORD-100542,CUST-0097,Simran Nair,2025-07-10,East,Bihar,Muzaffarpur,Electronics,Boat Rockerz 550 Wireless Headphones,1,1825.5,5.0,1734.22,1385.23,348.99,20.12,UPI,Express,Delivered,Consumer
ORD-100543,CUST-0176,Priya Singh,2025-07-11,West,Goa,Panaji,Books & Stationery,Indian Polity 6th Edition by M. Laxmikanth,2,751.02,5.0,1426.94,1033.6,393.34,27.57,UPI,Express,Delivered,Consumer
ORD-100544,CUST-0068,Akash Joshi,2025-07-11,Central,Chhattisgarh,Raipur,Beauty & Personal Care,Forest Essentials Soundarya Radiance Cream,1,2547.27,5.0,2419.91,1184.5,1235.41,51.05,COD,Standard,Cancelled,Corporate
ORD-100545,CUST-0162,Aditya Nambiar,2025-07-12,East,West Bengal,Siliguri,Home & Kitchen,Milton Thermosteel Flip Lid Hot/Cold Flask 1L,2,930.13,25.0,1395.19,1195.74,199.45,14.3,UPI,Standard,Delivered,Corporate
ORD-100546,CUST-0200,Jyoti Nambiar,2025-07-12,West,Maharashtra,Nashik,Home & Kitchen,Hawkins Contura Hard Anodised Pressure Cooker 3L,3,1847.6,25.0,4157.1,3496.5,660.6,15.89,COD,Economy,Delivered,Corporate
ORD-100547,CUST-0232,Kavita Malhotra,2025-07-12,East,Bihar,Gaya,Sports & Fitness,Cultsport Smart Magnetic Spin Exercise Bike,2,12929.84,0.0,25859.68,17418.66,8441.02,32.64,COD,Economy,Delayed,Consumer
ORD-100548,CUST-0232,Kavita Malhotra,2025-07-12,East,Bihar,Gaya,Sports & Fitness,Cultsport Smart Magnetic Spin Exercise Bike,2,12823.83,5.0,24365.28,17418.66,6946.62,28.51,UPI,Express,Delivered,Consumer
ORD-100549,CUST-0295,Swati Sharma,2025-07-13,Central,Chhattisgarh,Bilaspur,Books & Stationery,The Psychology of Money by Morgan Housel,3,378.84,0.0,1136.52,741.0,395.52,34.8,UPI,Standard,Delivered,Consumer
ORD-100550,CUST-0114,Komal Sen,2025-07-13,Central,Chhattisgarh,Raipur,Electronics,HP 15s Ryzen 5 16GB/512GB SSD Laptop,1,52466.99,25.0,39350.24,42392.0,-3041.76,-7.73,UPI,Express,Delivered,Corporate
ORD-100551,CUST-0287,Vikram Pillai,2025-07-16,West,Gujarat,Surat,Fashion,Levi's Men 511 Slim Fit Jeans,2,3026.64,10.0,5447.95,2999.0,2448.95,44.95,Net Banking,Standard,Returned,Consumer
ORD-100552,CUST-0250,Karthik Das,2025-07-17,Central,Madhya Pradesh,Bhopal,Electronics,OnePlus Nord CE 5G (128GB),1,20231.67,20.0,16185.34,15799.21,386.13,2.39,COD,Express,Cancelled,Home Office
ORD-100553,CUST-0013,Aarav Choudhury,2025-07-18,Central,Madhya Pradesh,Gwalior,Books & Stationery,Classmate Pulse 6-Subject Spiral Notebooks (Pack of 4),1,295.18,0.0,295.18,197.34,97.84,33.15,UPI,Express,Delivered,Corporate
ORD-100554,CUST-0232,Kavita Malhotra,2025-07-18,East,Bihar,Gaya,Home & Kitchen,Bajaj New Shakti Neo 15L Storage Water Geyser,3,5789.22,5.0,16499.28,11680.02,4819.26,29.21,Debit Card,Standard,Delivered,Consumer
ORD-100555,CUST-0176,Priya Singh,2025-07-18,West,Goa,Panaji,Grocery & Gourmet,Fortune Sunlite Refined Sunflower Oil 5L Can,1,769.59,10.0,692.63,547.2,145.43,21.0,UPI,Economy,Delivered,Consumer
ORD-100556,CUST-0213,Ishita Bhat,2025-07-19,Central,Madhya Pradesh,Indore,Electronics,Noise ColorFit Pulse 2 Max Smartwatch,1,2266.0,15.0,1926.1,1793.22,132.88,6.9,UPI,Express,Delivered,Corporate
ORD-100557,CUST-0232,Kavita Malhotra,2025-07-19,East,Bihar,Gaya,Beauty & Personal Care,Plum Green Tea Pore Cleansing Face Wash,2,349.1,0.0,698.2,331.2,367.0,52.56,COD,Standard,Delivered,Consumer
ORD-100558,CUST-0116,Simran Kulkarni,2025-07-19,South,Karnataka,Bengaluru,Home & Kitchen,Bajaj New Shakti Neo 15L Storage Water Geyser,1,5966.14,0.0,5966.14,3893.34,2072.8,34.74,Credit Card,Standard,Delivered,Home Office
ORD-100559,CUST-0233,Prerna Agarwal,2025-07-20,South,Telangana,Warangal,Books & Stationery,The Psychology of Money by Morgan Housel,2,375.56,0.0,751.12,494.0,257.12,34.23,Credit Card,Standard,Delivered,Consumer
ORD-100560,CUST-0282,Pooja Choudhury,2025-07-20,Central,Madhya Pradesh,Jabalpur,Electronics,Boat Rockerz 550 Wireless Headphones,1,1818.02,40.0,1090.81,1385.23,-294.42,-26.99,COD,Economy,Delivered,Consumer
ORD-100561,CUST-0048,Jyoti Sen,2025-07-20,East,Bihar,Muzaffarpur,Books & Stationery,Camlin Artist 24 Water Colour Tubes,2,334.76,30.0,468.66,422.4,46.26,9.87,COD,Standard,Delivered,Consumer
ORD-100562,CUST-0232,Kavita Malhotra,2025-07-20,East,Bihar,Gaya,Electronics,OnePlus Nord CE 5G (128GB),1,19683.33,0.0,19683.33,15799.21,3884.12,19.73,UPI,Standard,Delayed,Consumer
ORD-100563,CUST-0233,Prerna Agarwal,2025-07-21,South,Telangana,Warangal,Electronics,Noise ColorFit Pulse 2 Max Smartwatch,1,2317.78,10.0,2086.0,1793.22,292.78,14.04,COD,Express,Delivered,Consumer
ORD-100564,CUST-0082,Sunita Menon,2025-07-21,East,Jharkhand,Jamshedpur,Home & Kitchen,Prestige Iris 750W Mixer Grinder (3 Jars),1,3307.75,5.0,3142.36,2111.36,1031.0,32.81,UPI,Express,Delivered,Corporate
ORD-100565,CUST-0046,Komal Rao,2025-07-22,North,Punjab,Ludhiana,Beauty & Personal Care,WOW Skin Science Apple Cider Vinegar Shampoo,1,442.96,0.0,442.96,220.01,222.95,50.33,UPI,Express,Delivered,Corporate
ORD-100566,CUST-0176,Priya Singh,2025-07-23,West,Goa,Panaji,Electronics,Samsung 43-inch Crystal 4K Neo TV,1,32465.99,0.0,32465.99,25592.0,6873.99,21.17,Credit Card,Economy,Delivered,Consumer
ORD-100567,CUST-0232,Kavita Malhotra,2025-07-24,East,Bihar,Gaya,Home & Kitchen,Milton Thermosteel Flip Lid Hot/Cold Flask 1L,2,961.66,5.0,1827.15,1195.74,631.41,34.56,COD,Standard,Delivered,Consumer
ORD-100568,CUST-0232,Kavita Malhotra,2025-07-24,East,Bihar,Gaya,Books & Stationery,Classmate Pulse 6-Subject Spiral Notebooks (Pack of 4),3,297.35,0.0,892.05,592.02,300.03,33.63,Net Banking,Standard,Delivered,Consumer
ORD-100569,CUST-0216,Rajesh Malhotra,2025-07-25,South,Karnataka,Bengaluru,Books & Stationery,Atomic Habits by James Clear,3,497.98,0.0,1493.94,988.02,505.92,33.86,Credit Card,Standard,Delivered,Consumer
ORD-100570,CUST-0232,Kavita Malhotra,2025-07-25,East,Bihar,Gaya,Home & Kitchen,Hawkins Contura Hard Anodised Pressure Cooker 3L,1,1834.74,5.0,1743.0,1165.5,577.5,33.13,Credit Card,Express,Cancelled,Consumer
ORD-100571,CUST-0102,Mayank Bhat,2025-07-26,South,Kerala,Thiruvananthapuram,Fashion,Allen Solly Men Classic Slim Shirt,1,1669.55,20.0,1335.64,849.5,486.14,36.4,Debit Card,Standard,Delivered,Corporate
ORD-100572,CUST-0228,Siddharth Singh,2025-07-27,Central,Madhya Pradesh,Gwalior,Fashion,FabIndia Men Handloom Cotton Kurta,1,1924.49,20.0,1539.59,907.2,632.39,41.08,COD,Standard,Delivered,Consumer
ORD-100573,CUST-0128,Sunita Singh,2025-07-27,North,Uttar Pradesh,Lucknow,Electronics,Noise ColorFit Pulse 2 Max Smartwatch,1,2285.92,5.0,2171.62,1793.22,378.4,17.42,COD,Standard,Delivered,Home Office
ORD-100574,CUST-0147,Harsh Deshmukh,2025-07-28,South,Telangana,Hyderabad,Grocery & Gourmet,Organic India Tulsi Green Tea Bags (Pack of 100),3,258.51,20.0,620.42,538.2,82.22,13.25,Net Banking,Express,Delivered,Corporate
ORD-100575,CUST-0132,Meera Das,2025-07-29,North,Rajasthan,Udaipur,Electronics,Mi Smart Air Purifier 4,1,13911.69,40.0,8347.01,10919.22,-2572.21,-30.82,COD,Standard,Delivered,Consumer
ORD-100576,CUST-0189,Harsh Mehta,2025-07-29,North,Delhi,Delhi,Sports & Fitness,Yonex Nanoray 7000I G4 Graphite Badminton Racquet,1,1972.29,15.0,1676.45,1279.36,397.09,23.69,UPI,Express,Delayed,Consumer
ORD-100577,CUST-0176,Priya Singh,2025-07-29,West,Goa,Panaji,Sports & Fitness,Strauss TPE Anti-Skid Yoga Mat 6mm with Bag,1,909.19,5.0,863.73,566.37,297.36,34.43,COD,Express,Delivered,Consumer
ORD-100578,CUST-0020,Rohan Nambiar,2025-07-30,East,Odisha,Bhubaneswar,Electronics,Boat Rockerz 550 Wireless Headphones,1,1766.35,5.0,1678.03,1385.23,292.8,17.45,Credit Card,Standard,Delivered,Consumer
ORD-100579,CUST-0184,Siddharth Chatterjee,2025-07-30,North,Delhi,Delhi,Fashion,Manyavar Silk Blend Nehru Jacket,2,3220.66,0.0,6441.32,3071.04,3370.28,52.32,Debit Card,Same-Day,Delivered,Home Office
ORD-100580,CUST-0233,Prerna Agarwal,2025-07-31,South,Telangana,Warangal,Fashion,Manyavar Silk Blend Nehru Jacket,1,3168.46,40.0,1901.08,1535.52,365.56,19.23,UPI,Express,Delivered,Consumer
ORD-100581,CUST-0232,Kavita Malhotra,2025-08-02,East,Bihar,Gaya,Sports & Fitness,Cultsport Smart Magnetic Spin Exercise Bike,1,13118.95,25.0,9839.21,8709.33,1129.88,11.48,COD,Standard,Delayed,Consumer
ORD-100582,CUST-0232,Kavita Malhotra,2025-08-02,East,Bihar,Gaya,Grocery & Gourmet,India Gate Super Basmati Rice Aged 5kg,1,727.0,15.0,617.95,511.2,106.75,17.27,COD,Standard,Delayed,Consumer
ORD-100583,CUST-0121,Prerna Malhotra,2025-08-02,West,Gujarat,Vadodara,Books & Stationery,Ikigai: Japanese Secret to Long and Happy Life,1,395.95,15.0,336.56,259.35,77.21,22.94,COD,Express,Delivered,Corporate
ORD-100584,CUST-0246,Sneha Deshmukh,2025-08-03,South,Karnataka,Bengaluru,Electronics,Boat Rockerz 550 Wireless Headphones,1,1828.35,15.0,1554.1,1385.23,168.87,10.87,Debit Card,Standard,Delivered,Home Office
ORD-100585,CUST-0140,Vikram Sharma,2025-08-03,East,Odisha,Bhubaneswar,Electronics,SanDisk Ultra 128GB MicroSD Card,1,898.64,0.0,898.64,683.24,215.4,23.97,Credit Card,Standard,Delayed,Home Office
ORD-100586,CUST-0232,Kavita Malhotra,2025-08-03,East,Bihar,Gaya,Electronics,Samsung 43-inch Crystal 4K Neo TV,1,31373.28,25.0,23529.96,25592.0,-2062.04,-8.76,UPI,Economy,Delivered,Consumer
ORD-100587,CUST-0267,Kavita Singh,2025-08-05,North,Uttar Pradesh,Lucknow,Books & Stationery,Ikigai: Japanese Secret to Long and Happy Life,3,395.61,5.0,1127.49,778.05,349.44,30.99,Credit Card,Express,Delivered,Corporate
ORD-100588,CUST-0117,Riya Trivedi,2025-08-07,North,Uttar Pradesh,Lucknow,Sports & Fitness,Strauss TPE Anti-Skid Yoga Mat 6mm with Bag,1,902.91,25.0,677.18,566.37,110.81,16.36,Net Banking,Standard,Delivered,Corporate
ORD-100589,CUST-0091,Siddharth Pillai,2025-08-07,South,Karnataka,Mysuru,Electronics,Realme 20000mAh Power Bank (18W),1,1934.57,25.0,1450.93,1462.23,-11.3,-0.78,COD,Standard,Delivered,Consumer
ORD-100590,CUST-0064,Deepa Singh,2025-08-08,East,Odisha,Bhubaneswar,Electronics,SanDisk Ultra 128GB MicroSD Card,1,895.91,10.0,806.32,683.24,123.08,15.26,UPI,Standard,Delivered,Consumer
ORD-100591,CUST-0091,Siddharth Pillai,2025-08-08,South,Karnataka,Mysuru,Home & Kitchen,Solimo Microfibre Double Comforter Blanket,2,1609.32,0.0,3218.64,2046.72,1171.92,36.41,Credit Card,Standard,Delivered,Consumer
ORD-100592,CUST-0232,Kavita Malhotra,2025-08-08,East,Bihar,Gaya,Fashion,FabIndia Men Handloom Cotton Kurta,1,1925.43,0.0,1925.43,907.2,1018.23,52.88,UPI,Standard,Delivered,Consumer
ORD-100593,CUST-0091,Siddharth Pillai,2025-08-09,South,Karnataka,Mysuru,Electronics,OnePlus Nord CE 5G (128GB),1,19827.3,30.0,13879.11,15799.21,-1920.1,-13.83,COD,Standard,Delivered,Consumer
ORD-100594,CUST-0232,Kavita Malhotra,2025-08-09,East,Bihar,Gaya,Electronics,SanDisk Ultra 128GB MicroSD Card,2,902.41,5.0,1714.58,1366.48,348.1,20.3,COD,Economy,Delivered,Consumer
ORD-100595,CUST-0014,Aditya Deshmukh,2025-08-11,East,West Bengal,Howrah,Electronics,Mi Smart Air Purifier 4,3,14256.37,5.0,40630.65,32757.66,7872.99,19.38,UPI,Express,Delivered,Consumer
ORD-100596,CUST-0233,Prerna Agarwal,2025-08-12,South,Telangana,Warangal,Home & Kitchen,Wakefit Memory Foam Sleeping Pillow (Pack of 2),1,990.54,5.0,941.01,649.35,291.66,30.99,Net Banking,Standard,Delivered,Consumer
ORD-100597,CUST-0104,Abhishek Patel,2025-08-13,West,Gujarat,Ahmedabad,Beauty & Personal Care,mCaffeine Naked & Raw Coffee Body Scrub,2,395.69,0.0,791.38,375.06,416.32,52.61,Credit Card,Express,Delivered,Consumer
ORD-100598,CUST-0099,Manish Kulkarni,2025-08-13,South,Karnataka,Mangaluru,Books & Stationery,Parker Vector Standard CT Rollerball Pen,1,414.54,0.0,414.54,264.6,149.94,36.17,UPI,Economy,Delivered,Consumer
ORD-100599,CUST-0244,Neha Verma,2025-08-14,North,Punjab,Ludhiana,Fashion,Manyavar Silk Blend Nehru Jacket,2,3172.64,0.0,6345.28,3071.04,3274.24,51.6,UPI,Standard,Returned,Consumer
ORD-100600,CUST-0205,Alok Joshi,2025-08-14,West,Maharashtra,Nashik,Electronics,Boat Rockerz 550 Wireless Headphones,1,1772.94,20.0,1418.35,1385.23,33.12,2.34,COD,Standard,Delivered,Corporate
ORD-100601,CUST-0142,Vikram Sen,2025-08-14,South,Karnataka,Bengaluru,Electronics,Boat Rockerz 550 Wireless Headphones,1,1806.3,15.0,1535.36,1385.23,150.13,9.78,UPI,Economy,Delivered,Consumer
ORD-100602,CUST-0084,Abhishek Deshmukh,2025-08-15,North,Haryana,Faridabad,Fashion,Zaveri Pearls Gold-Plated Choker Set,1,881.07,10.0,792.96,395.56,397.4,50.12,COD,Economy,Delayed,Consumer
ORD-100603,CUST-0111,Shreya Rao,2025-08-15,South,Karnataka,Mangaluru,Home & Kitchen,Milton Thermosteel Flip Lid Hot/Cold Flask 1L,1,933.04,10.0,839.74,597.87,241.87,28.8,UPI,Standard,Delivered,Consumer
ORD-100604,CUST-0232,Kavita Malhotra,2025-08-15,East,Bihar,Gaya,Home & Kitchen,Hawkins Contura Hard Anodised Pressure Cooker 3L,1,1879.81,5.0,1785.82,1165.5,620.32,34.74,COD,Standard,Delivered,Consumer
ORD-100605,CUST-0280,Tanvi Singh,2025-08-16,East,Jharkhand,Jamshedpur,Beauty & Personal Care,mCaffeine Naked & Raw Coffee Body Scrub,1,404.5,10.0,364.05,187.53,176.52,48.49,Wallet,Standard,Delivered,Corporate
ORD-100606,CUST-0266,Komal Bhat,2025-08-16,North,Punjab,Chandigarh,Grocery & Gourmet,Fortune Sunlite Refined Sunflower Oil 5L Can,1,752.69,10.0,677.42,547.2,130.22,19.22,Credit Card,Express,Delayed,Corporate
ORD-100607,CUST-0251,Pallavi Deshmukh,2025-08-17,North,Delhi,Delhi,Home & Kitchen,Pigeon Non-Stick Kitchen Induction Cookware Set,4,1720.07,10.0,6192.25,4213.52,1978.73,31.95,COD,Standard,Delivered,Consumer
ORD-100608,CUST-0091,Siddharth Pillai,2025-08-17,South,Karnataka,Mysuru,Fashion,Zaveri Pearls Gold-Plated Choker Set,1,896.06,10.0,806.45,395.56,410.89,50.95,Debit Card,Standard,Delivered,Consumer
ORD-100609,CUST-0232,Kavita Malhotra,2025-08-17,East,Bihar,Gaya,Sports & Fitness,Boldfit Adjustable PVC Dumbbell Set 10kg,1,1891.99,15.0,1608.19,1215.36,392.83,24.43,COD,Economy,Delivered,Consumer
ORD-100610,CUST-0139,Komal Joshi,2025-08-17,East,Odisha,Bhubaneswar,Electronics,Realme 20000mAh Power Bank (18W),1,1897.4,25.0,1423.05,1462.23,-39.18,-2.75,UPI,Economy,Delivered,Consumer
ORD-100611,CUST-0300,Abhishek Mukherjee,2025-08-17,West,Maharashtra,Nagpur,Books & Stationery,Parker Vector Standard CT Rollerball Pen,1,426.7,25.0,320.02,264.6,55.42,17.32,COD,Express,Delivered,Consumer
ORD-100612,CUST-0068,Akash Joshi,2025-08-17,Central,Chhattisgarh,Raipur,Beauty & Personal Care,The Derma Co 1% Hyaluronic Sunscreen Aqua Gel,1,490.29,0.0,490.29,249.5,240.79,49.11,Credit Card,Standard,Delivered,Corporate
ORD-100613,CUST-0232,Kavita Malhotra,2025-08-17,East,Bihar,Gaya,Electronics,Boat Rockerz 550 Wireless Headphones,1,1805.76,0.0,1805.76,1385.23,420.53,23.29,UPI,Economy,Delivered,Consumer
ORD-100614,CUST-0232,Kavita Malhotra,2025-08-19,East,Bihar,Gaya,Books & Stationery,Indian Polity 6th Edition by M. Laxmikanth,4,756.8,15.0,2573.12,2067.2,505.92,19.66,Credit Card,Standard,Delivered,Consumer
ORD-100615,CUST-0223,Preeti Deshmukh,2025-08-19,South,Andhra Pradesh,Visakhapatnam,Beauty & Personal Care,mCaffeine Naked & Raw Coffee Body Scrub,1,391.41,20.0,313.13,187.53,125.6,40.11,UPI,Standard,Delivered,Consumer
ORD-100616,CUST-0232,Kavita Malhotra,2025-08-19,East,Bihar,Gaya,Fashion,W for Woman Floral Rayon Kurti,1,1422.14,10.0,1279.93,629.55,650.38,50.81,Credit Card,Standard,Returned,Consumer
ORD-100617,CUST-0146,Aditya Rao,2025-08-19,Central,Chhattisgarh,Raipur,Grocery & Gourmet,Disano Extra Virgin Cold Pressed Olive Oil 1L,2,1008.92,25.0,1513.38,1378.62,134.76,8.9,COD,Standard,Delayed,Consumer
ORD-100618,CUST-0251,Pallavi Deshmukh,2025-08-19,North,Delhi,Delhi,Beauty & Personal Care,Biotique Morning Nectar Flawless Skin Lotion,1,301.6,20.0,241.28,143.52,97.76,40.52,Debit Card,Standard,Delivered,Consumer
ORD-100619,CUST-0059,Prerna Menon,2025-08-19,North,Delhi,New Delhi,Electronics,Samsung 43-inch Crystal 4K Neo TV,1,32502.69,20.0,26002.15,25592.0,410.15,1.58,Debit Card,Standard,Delivered,Consumer
ORD-100620,CUST-0022,Neha Sen,2025-08-20,South,Tamil Nadu,Madurai,Books & Stationery,Parker Vector Standard CT Rollerball Pen,3,422.07,15.0,1076.28,793.8,282.48,26.25,UPI,Standard,Returned,Consumer
ORD-100621,CUST-0295,Swati Sharma,2025-08-20,Central,Chhattisgarh,Bilaspur,Electronics,HP 15s Ryzen 5 16GB/512GB SSD Laptop,1,53011.72,30.0,37108.2,42392.0,-5283.8,-14.24,UPI,Standard,Delivered,Consumer
ORD-100622,CUST-0224,Simran Das,2025-08-20,South,Karnataka,Mangaluru,Electronics,SanDisk Ultra 128GB MicroSD Card,1,891.36,0.0,891.36,683.24,208.12,23.35,UPI,Express,Delivered,Consumer
ORD-100623,CUST-0067,Divya Mukherjee,2025-08-20,North,Rajasthan,Jodhpur,Electronics,Mi Smart Air Purifier 4,1,14144.96,10.0,12730.46,10919.22,1811.24,14.23,COD,Standard,Delivered,Consumer
ORD-100624,CUST-0068,Akash Joshi,2025-08-20,Central,Chhattisgarh,Raipur,Electronics,Mi Smart Air Purifier 4,1,14184.96,5.0,13475.71,10919.22,2556.49,18.97,UPI,Standard,Delayed,Corporate
ORD-100625,CUST-0209,Mayank Das,2025-08-21,West,Gujarat,Ahmedabad,Fashion,Biba Women Printed Anarkali Suit Set,2,3444.91,20.0,5511.86,3219.08,2292.78,41.6,UPI,Express,Delivered,Consumer
ORD-100626,CUST-0275,Priya Chatterjee,2025-08-21,North,Haryana,Faridabad,Electronics,HP 15s Ryzen 5 16GB/512GB SSD Laptop,1,52483.48,10.0,47235.13,42392.0,4843.13,10.25,COD,Economy,Delivered,Consumer
ORD-100627,CUST-0069,Akash Mukherjee,2025-08-23,East,Jharkhand,Jamshedpur,Electronics,Mi Smart Air Purifier 4,1,14113.68,5.0,13408.0,10919.22,2488.78,18.56,UPI,Standard,Delayed,Consumer
ORD-100628,CUST-0186,Vikram Choudhury,2025-08-23,South,Tamil Nadu,Coimbatore,Fashion,Zaveri Pearls Gold-Plated Choker Set,2,892.51,0.0,1785.02,791.12,993.9,55.68,Credit Card,Standard,Delivered,Corporate
ORD-100629,CUST-0051,Riya Kumar,2025-08-23,South,Karnataka,Mysuru,Electronics,Realme 20000mAh Power Bank (18W),1,1869.65,5.0,1776.17,1462.23,313.94,17.68,COD,Standard,Returned,Home Office
ORD-100630,CUST-0261,Abhishek Singh,2025-08-24,Central,Chhattisgarh,Raipur,Fashion,Zaveri Pearls Gold-Plated Choker Set,1,881.85,10.0,793.67,395.56,398.11,50.16,Credit Card,Express,Delivered,Corporate
ORD-100631,CUST-0232,Kavita Malhotra,2025-08-24,East,Bihar,Gaya,Home & Kitchen,Hawkins Contura Hard Anodised Pressure Cooker 3L,1,1823.87,10.0,1641.48,1165.5,475.98,29.0,COD,Standard,Delivered,Consumer
ORD-100632,CUST-0065,Aarav Nambiar,2025-08-26,West,Gujarat,Rajkot,Home & Kitchen,Solimo Microfibre Double Comforter Blanket,1,1609.66,15.0,1368.21,1023.36,344.85,25.2,UPI,Express,Delivered,Consumer
ORD-100633,CUST-0059,Prerna Menon,2025-08-26,North,Delhi,New Delhi,Fashion,Manyavar Silk Blend Nehru Jacket,1,3232.2,5.0,3070.59,1535.52,1535.07,49.99,Credit Card,Express,Delivered,Consumer
ORD-100634,CUST-0077,Neha Iyer,2025-08-28,West,Gujarat,Rajkot,Fashion,Biba Women Printed Anarkali Suit Set,4,3527.4,0.0,14109.6,6438.16,7671.44,54.37,Credit Card,Standard,Delivered,Corporate
ORD-100635,CUST-0109,Kabir Sen,2025-08-29,East,West Bengal,Siliguri,Grocery & Gourmet,Tata Tea Gold Premium Black Tea 1kg,2,530.53,15.0,901.9,756.0,145.9,16.18,UPI,Economy,Delivered,Consumer
ORD-100636,CUST-0205,Alok Joshi,2025-08-29,West,Maharashtra,Nashik,Fashion,Biba Women Printed Anarkali Suit Set,1,3540.75,20.0,2832.6,1609.54,1223.06,43.18,UPI,Standard,Delivered,Corporate
ORD-100637,CUST-0232,Kavita Malhotra,2025-08-30,East,Bihar,Gaya,Electronics,Boat Rockerz 550 Wireless Headphones,1,1772.1,0.0,1772.1,1385.23,386.87,21.83,Credit Card,Economy,Delayed,Consumer
ORD-100638,CUST-0201,Kabir Kumar,2025-08-31,East,West Bengal,Howrah,Electronics,Mi Smart Air Purifier 4,1,13997.12,0.0,13997.12,10919.22,3077.9,21.99,COD,Standard,Delivered,Corporate
ORD-100639,CUST-0053,Neha Choudhury,2025-08-31,North,Uttar Pradesh,Lucknow,Home & Kitchen,Prestige Iris 750W Mixer Grinder (3 Jars),1,3246.84,10.0,2922.16,2111.36,810.8,27.75,UPI,Economy,Delivered,Home Office
ORD-100640,CUST-0170,Rohan Trivedi,2025-08-31,South,Kerala,Thiruvananthapuram,Grocery & Gourmet,Organic India Tulsi Green Tea Bags (Pack of 100),2,263.46,0.0,526.92,358.8,168.12,31.91,Credit Card,Standard,Delivered,Consumer
ORD-100641,CUST-0232,Kavita Malhotra,2025-08-31,East,Bihar,Gaya,Beauty & Personal Care,WOW Skin Science Apple Cider Vinegar Shampoo,1,441.79,25.0,331.34,220.01,111.33,33.6,Debit Card,Express,Delivered,Consumer
ORD-100642,CUST-0295,Swati Sharma,2025-09-01,Central,Chhattisgarh,Bilaspur,Sports & Fitness,Cultsport Smart Magnetic Spin Exercise Bike,1,13164.04,25.0,9873.03,8709.33,1163.7,11.79,COD,Economy,Delivered,Consumer
ORD-100643,CUST-0232,Kavita Malhotra,2025-09-01,East,Bihar,Gaya,Fashion,Levi's Men 511 Slim Fit Jeans,1,2946.33,10.0,2651.7,1499.5,1152.2,43.45,UPI,Express,Returned,Consumer
ORD-100644,CUST-0232,Kavita Malhotra,2025-09-01,East,Bihar,Gaya,Electronics,OnePlus Nord CE 5G (128GB),2,19837.56,10.0,35707.61,31598.42,4109.19,11.51,Credit Card,Express,Delivered,Consumer
ORD-100645,CUST-0232,Kavita Malhotra,2025-09-02,East,Bihar,Gaya,Home & Kitchen,Milton Thermosteel Flip Lid Hot/Cold Flask 1L,1,936.02,5.0,889.22,597.87,291.35,32.76,UPI,Standard,Delayed,Consumer
ORD-100646,CUST-0245,Siddharth Das,2025-09-02,West,Gujarat,Surat,Sports & Fitness,Yonex Nanoray 7000I G4 Graphite Badminton Racquet,2,1967.94,0.0,3935.88,2558.72,1377.16,34.99,Credit Card,Express,Delayed,Consumer
ORD-100647,CUST-0125,Ananya Nambiar,2025-09-03,South,Telangana,Warangal,Grocery & Gourmet,Nutraj Special California Raw Whole Almonds 500g,1,486.35,0.0,486.35,336.0,150.35,30.91,COD,Standard,Delivered,Consumer
ORD-100648,CUST-0232,Kavita Malhotra,2025-09-04,East,Bihar,Gaya,Electronics,HP 15s Ryzen 5 16GB/512GB SSD Laptop,2,53708.95,15.0,91305.21,84784.0,6521.21,7.14,Credit Card,Standard,Delivered,Consumer
ORD-100649,CUST-0010,Komal Deshmukh,2025-09-04,East,Bihar,Muzaffarpur,Beauty & Personal Care,mCaffeine Naked & Raw Coffee Body Scrub,2,396.72,0.0,793.44,375.06,418.38,52.73,Credit Card,Standard,Delivered,Corporate
ORD-100650,CUST-0189,Harsh Mehta,2025-09-05,North,Delhi,Delhi,Electronics,Mi Smart Air Purifier 4,1,14165.28,0.0,14165.28,10919.22,3246.06,22.92,Debit Card,Express,Delivered,Consumer
ORD-100651,CUST-0232,Kavita Malhotra,2025-09-05,East,Bihar,Gaya,Books & Stationery,Classmate Pulse 6-Subject Spiral Notebooks (Pack of 4),1,296.78,20.0,237.42,197.34,40.08,16.88,UPI,Express,Delivered,Consumer
ORD-100652,CUST-0165,Tushar Trivedi,2025-09-05,North,Punjab,Ludhiana,Books & Stationery,Indian Polity 6th Edition by M. Laxmikanth,2,753.25,5.0,1431.17,1033.6,397.57,27.78,UPI,Standard,Delivered,Consumer
ORD-100653,CUST-0096,Meera Reddy,2025-09-06,West,Maharashtra,Nashik,Sports & Fitness,Decathlon Domyos Training Resistance Band 15kg,1,500.24,0.0,500.24,304.39,195.85,39.15,UPI,Economy,Delivered,Consumer
ORD-100654,CUST-0155,Swati Nair,2025-09-07,West,Gujarat,Ahmedabad,Beauty & Personal Care,The Derma Co 1% Hyaluronic Sunscreen Aqua Gel,2,508.06,20.0,812.9,499.0,313.9,38.61,Net Banking,Standard,Delivered,Home Office
ORD-100655,CUST-0232,Kavita Malhotra,2025-09-07,East,Bihar,Gaya,Home & Kitchen,Bajaj New Shakti Neo 15L Storage Water Geyser,1,5941.1,15.0,5049.94,3893.34,1156.6,22.9,UPI,Standard,Delivered,Consumer
ORD-100656,CUST-0241,Rajesh Iyer,2025-09-07,West,Gujarat,Vadodara,Beauty & Personal Care,Mamaearth Onion Hair Fall Control Oil 250ml,1,502.74,5.0,477.6,244.51,233.09,48.8,UPI,Standard,Delivered,Home Office
ORD-100657,CUST-0151,Rahul Trivedi,2025-09-07,North,Punjab,Chandigarh,Home & Kitchen,Pigeon Non-Stick Kitchen Induction Cookware Set,1,1690.4,15.0,1436.84,1053.38,383.46,26.69,COD,Standard,Delivered,Home Office
ORD-100658,CUST-0091,Siddharth Pillai,2025-09-08,South,Karnataka,Mysuru,Home & Kitchen,Milton Thermosteel Flip Lid Hot/Cold Flask 1L,1,955.83,10.0,860.25,597.87,262.38,30.5,Net Banking,Express,Delivered,Consumer
ORD-100659,CUST-0232,Kavita Malhotra,2025-09-09,East,Bihar,Gaya,Grocery & Gourmet,India Gate Super Basmati Rice Aged 5kg,1,721.81,0.0,721.81,511.2,210.61,29.18,UPI,Standard,Delivered,Consumer
ORD-100660,CUST-0182,Siddharth Nair,2025-09-09,Central,Madhya Pradesh,Jabalpur,Sports & Fitness,Cosco Light Tennis Cricket Ball (Pack of 6),1,420.54,10.0,378.49,264.6,113.89,30.09,UPI,Express,Delivered,Consumer
ORD-100661,CUST-0226,Aarav Trivedi,2025-09-10,West,Goa,Margao,Sports & Fitness,Strauss TPE Anti-Skid Yoga Mat 6mm with Bag,1,904.73,25.0,678.55,566.37,112.18,16.53,UPI,Economy,Delivered,Consumer
ORD-100662,CUST-0200,Jyoti Nambiar,2025-09-10,West,Maharashtra,Nashik,Beauty & Personal Care,Forest Essentials Soundarya Radiance Cream,1,2593.94,20.0,2075.15,1184.5,890.65,42.92,UPI,Standard,Delayed,Corporate
ORD-100663,CUST-0147,Harsh Deshmukh,2025-09-11,South,Telangana,Hyderabad,Sports & Fitness,Nivia Storm Football Size 5 Rubber,1,505.15,5.0,479.89,309.38,170.51,35.53,UPI,Same-Day,Delivered,Corporate
ORD-100664,CUST-0031,Aditya Kumar,2025-09-11,South,Kerala,Thiruvananthapuram,Fashion,Manyavar Silk Blend Nehru Jacket,1,3137.8,10.0,2824.02,1535.52,1288.5,45.63,UPI,Standard,Returned,Corporate
ORD-100665,CUST-0102,Mayank Bhat,2025-09-11,South,Kerala,Thiruvananthapuram,Beauty & Personal Care,Forest Essentials Soundarya Radiance Cream,4,2537.74,10.0,9135.86,4738.0,4397.86,48.14,Credit Card,Standard,Delivered,Corporate
ORD-100666,CUST-0204,Abhishek Trivedi,2025-09-12,South,Telangana,Hyderabad,Home & Kitchen,Bajaj New Shakti Neo 15L Storage Water Geyser,1,5883.04,40.0,3529.82,3893.34,-363.52,-10.3,COD,Express,Delayed,Home Office
ORD-100667,CUST-0147,Harsh Deshmukh,2025-09-12,South,Telangana,Hyderabad,Grocery & Gourmet,Tata Tea Gold Premium Black Tea 1kg,5,535.52,5.0,2543.72,1890.0,653.72,25.7,COD,Standard,Delivered,Corporate
ORD-100668,CUST-0232,Kavita Malhotra,2025-09-12,East,Bihar,Gaya,Beauty & Personal Care,WOW Skin Science Apple Cider Vinegar Shampoo,3,454.6,15.0,1159.23,660.03,499.2,43.06,COD,Express,Delayed,Consumer
ORD-100669,CUST-0200,Jyoti Nambiar,2025-09-12,West,Maharashtra,Nashik,Fashion,Zaveri Pearls Gold-Plated Choker Set,3,894.13,20.0,2145.91,1186.68,959.23,44.7,UPI,Standard,Delivered,Corporate
ORD-100670,CUST-0232,Kavita Malhotra,2025-09-12,East,Bihar,Gaya,Beauty & Personal Care,mCaffeine Naked & Raw Coffee Body Scrub,2,402.49,10.0,724.48,375.06,349.42,48.23,UPI,Economy,Delivered,Consumer
ORD-100671,CUST-0116,Simran Kulkarni,2025-09-13,South,Karnataka,Bengaluru,Grocery & Gourmet,Cadbury Celebrations Assorted Rich Chocolate Box,3,383.77,10.0,1036.18,809.4,226.78,21.89,Debit Card,Standard,Delivered,Home Office
ORD-100672,CUST-0082,Sunita Menon,2025-09-14,East,Jharkhand,Jamshedpur,Grocery & Gourmet,India Gate Super Basmati Rice Aged 5kg,1,716.51,0.0,716.51,511.2,205.31,28.65,UPI,Standard,Delivered,Corporate
ORD-100673,CUST-0126,Ananya Patel,2025-09-14,East,Jharkhand,Ranchi,Electronics,Samsung 43-inch Crystal 4K Neo TV,1,32515.76,20.0,26012.61,25592.0,420.61,1.62,Credit Card,Economy,Delivered,Consumer
ORD-100674,CUST-0232,Kavita Malhotra,2025-09-14,East,Bihar,Gaya,Electronics,Mi Smart Air Purifier 4,1,13824.5,5.0,13133.27,10919.22,2214.05,16.86,COD,Economy,Delayed,Consumer
ORD-100675,CUST-0232,Kavita Malhotra,2025-09-16,East,Bihar,Gaya,Home & Kitchen,Bajaj New Shakti Neo 15L Storage Water Geyser,1,5947.22,20.0,4757.78,3893.34,864.44,18.17,UPI,Express,Delivered,Consumer
ORD-100676,CUST-0091,Siddharth Pillai,2025-09-16,South,Karnataka,Mysuru,Home & Kitchen,Milton Thermosteel Flip Lid Hot/Cold Flask 1L,1,954.46,10.0,859.01,597.87,261.14,30.4,UPI,Standard,Delayed,Consumer
ORD-100677,CUST-0021,Harsh Gupta,2025-09-16,South,Andhra Pradesh,Visakhapatnam,Sports & Fitness,Cultsport Smart Magnetic Spin Exercise Bike,4,13203.34,15.0,44891.36,34837.32,10054.04,22.4,Debit Card,Standard,Delivered,Corporate
ORD-100678,CUST-0219,Bhavna Mehta,2025-09-17,North,Rajasthan,Jaipur,Fashion,FabIndia Men Handloom Cotton Kurta,1,1904.33,15.0,1618.68,907.2,711.48,43.95,UPI,Standard,Delivered,Corporate
ORD-100679,CUST-0232,Kavita Malhotra,2025-09-17,East,Bihar,Gaya,Home & Kitchen,Milton Thermosteel Flip Lid Hot/Cold Flask 1L,2,943.68,25.0,1415.52,1195.74,219.78,15.53,Debit Card,Standard,Cancelled,Consumer
ORD-100680,CUST-0232,Kavita Malhotra,2025-09-17,East,Bihar,Gaya,Electronics,Realme 20000mAh Power Bank (18W),1,1892.91,10.0,1703.62,1462.23,241.39,14.17,UPI,Economy,Delivered,Consumer
ORD-100681,CUST-0006,Deepa Patel,2025-09-17,North,Delhi,Delhi,Electronics,OnePlus Nord CE 5G (128GB),1,20253.64,15.0,17215.59,15799.21,1416.38,8.23,UPI,Standard,Delivered,Consumer
ORD-100682,CUST-0232,Kavita Malhotra,2025-09-19,East,Bihar,Gaya,Fashion,Levi's Men 511 Slim Fit Jeans,1,3005.83,0.0,3005.83,1499.5,1506.33,50.11,COD,Standard,Delivered,Consumer
ORD-100683,CUST-0193,Deepa Kumar,2025-09-19,West,Gujarat,Rajkot,Home & Kitchen,Pigeon Non-Stick Kitchen Induction Cookware Set,1,1701.37,5.0,1616.3,1053.38,562.92,34.83,UPI,Standard,Delivered,Home Office
ORD-100684,CUST-0106,Ananya Das,2025-09-19,West,Gujarat,Rajkot,Electronics,Realme 20000mAh Power Bank (18W),1,1908.25,15.0,1622.01,1462.23,159.78,9.85,Debit Card,Standard,Cancelled,Consumer
ORD-100685,CUST-0176,Priya Singh,2025-09-20,West,Goa,Panaji,Electronics,HP 15s Ryzen 5 16GB/512GB SSD Laptop,1,52336.09,0.0,52336.09,42392.0,9944.09,19.0,UPI,Standard,Delayed,Consumer
ORD-100686,CUST-0232,Kavita Malhotra,2025-09-20,East,Bihar,Gaya,Books & Stationery,Classmate Pulse 6-Subject Spiral Notebooks (Pack of 4),1,296.74,40.0,178.04,197.34,-19.3,-10.84,COD,Standard,Delivered,Consumer
ORD-100687,CUST-0007,Neha Nair,2025-09-21,South,Karnataka,Mysuru,Grocery & Gourmet,Tata Tea Gold Premium Black Tea 1kg,2,533.65,20.0,853.84,756.0,97.84,11.46,Debit Card,Express,Delivered,Consumer
ORD-100688,CUST-0162,Aditya Nambiar,2025-09-21,East,West Bengal,Siliguri,Fashion,Levi's Men 511 Slim Fit Jeans,3,2954.14,25.0,6646.82,4498.5,2148.32,32.32,Credit Card,Standard,Cancelled,Corporate
ORD-100689,CUST-0179,Shreya Singh,2025-09-21,Central,Madhya Pradesh,Indore,Beauty & Personal Care,Minimalist 10% Niacinamide Face Serum,3,596.01,5.0,1698.63,898.5,800.13,47.1,Debit Card,Economy,Cancelled,Home Office
ORD-100690,CUST-0290,Nisha Agarwal,2025-09-23,Central,Madhya Pradesh,Gwalior,Beauty & Personal Care,The Derma Co 1% Hyaluronic Sunscreen Aqua Gel,1,495.37,10.0,445.83,249.5,196.33,44.04,UPI,Economy,Delivered,Consumer
ORD-100691,CUST-0282,Pooja Choudhury,2025-09-23,Central,Madhya Pradesh,Jabalpur,Home & Kitchen,Prestige Iris 750W Mixer Grinder (3 Jars),1,3271.47,20.0,2617.18,2111.36,505.82,19.33,Credit Card,Standard,Delivered,Consumer
ORD-100692,CUST-0233,Prerna Agarwal,2025-09-24,South,Telangana,Warangal,Home & Kitchen,Hawkins Contura Hard Anodised Pressure Cooker 3L,1,1821.91,0.0,1821.91,1165.5,656.41,36.03,COD,Express,Delivered,Consumer
ORD-100693,CUST-0233,Prerna Agarwal,2025-09-24,South,Telangana,Warangal,Grocery & Gourmet,Organic India Tulsi Green Tea Bags (Pack of 100),1,261.3,5.0,248.23,179.4,68.83,27.73,UPI,Standard,Delivered,Consumer
ORD-100694,CUST-0219,Bhavna Mehta,2025-09-25,North,Rajasthan,Jaipur,Grocery & Gourmet,Organic India Tulsi Green Tea Bags (Pack of 100),2,256.25,0.0,512.5,358.8,153.7,29.99,Credit Card,Express,Delivered,Corporate
ORD-100695,CUST-0250,Karthik Das,2025-09-25,Central,Madhya Pradesh,Bhopal,Home & Kitchen,Prestige Iris 750W Mixer Grinder (3 Jars),2,3286.05,15.0,5586.28,4222.72,1363.56,24.41,COD,Express,Delivered,Home Office
ORD-100696,CUST-0047,Kunal Verma,2025-09-26,South,Karnataka,Mangaluru,Grocery & Gourmet,Tata Tea Gold Premium Black Tea 1kg,1,550.57,5.0,523.04,378.0,145.04,27.73,UPI,Economy,Delivered,Consumer
ORD-100697,CUST-0122,Simran Verma,2025-09-26,North,Haryana,Faridabad,Fashion,W for Woman Floral Rayon Kurti,1,1413.85,20.0,1131.08,629.55,501.53,44.34,Debit Card,Economy,Delivered,Home Office
ORD-100698,CUST-0232,Kavita Malhotra,2025-09-26,East,Bihar,Gaya,Electronics,Mi Smart Air Purifier 4,1,14143.7,0.0,14143.7,10919.22,3224.48,22.8,UPI,Economy,Delivered,Consumer
ORD-100699,CUST-0232,Kavita Malhotra,2025-09-27,East,Bihar,Gaya,Beauty & Personal Care,The Derma Co 1% Hyaluronic Sunscreen Aqua Gel,1,508.91,25.0,381.68,249.5,132.18,34.63,Credit Card,Economy,Delivered,Consumer
ORD-100700,CUST-0218,Neha Joshi,2025-09-27,East,Bihar,Patna,Books & Stationery,Parker Vector Standard CT Rollerball Pen,3,422.41,15.0,1077.15,793.8,283.35,26.31,Credit Card,Standard,Delivered,Corporate
ORD-100701,CUST-0176,Priya Singh,2025-09-27,West,Goa,Panaji,Books & Stationery,Classmate Pulse 6-Subject Spiral Notebooks (Pack of 4),2,299.88,10.0,539.78,394.68,145.1,26.88,Net Banking,Standard,Delivered,Consumer
ORD-100702,CUST-0172,Gaurav Choudhury,2025-09-28,East,Assam,Guwahati,Home & Kitchen,Hawkins Contura Hard Anodised Pressure Cooker 3L,1,1814.95,20.0,1451.96,1165.5,286.46,19.73,UPI,Standard,Delivered,Consumer
ORD-100703,CUST-0209,Mayank Das,2025-09-28,West,Gujarat,Ahmedabad,Electronics,HP 15s Ryzen 5 16GB/512GB SSD Laptop,1,52976.29,25.0,39732.22,42392.0,-2659.78,-6.69,UPI,Express,Delivered,Consumer
ORD-100704,CUST-0195,Alok Gupta,2025-09-28,South,Andhra Pradesh,Visakhapatnam,Beauty & Personal Care,Plum Green Tea Pore Cleansing Face Wash,1,350.58,15.0,297.99,165.6,132.39,44.43,Credit Card,Economy,Delayed,Consumer
ORD-100705,CUST-0083,Deepa Nair,2025-09-28,East,Bihar,Muzaffarpur,Fashion,Zaveri Pearls Gold-Plated Choker Set,1,903.18,10.0,812.86,395.56,417.3,51.34,Wallet,Standard,Delivered,Consumer
ORD-100706,CUST-0142,Vikram Sen,2025-09-29,South,Karnataka,Bengaluru,Books & Stationery,Indian Polity 6th Edition by M. Laxmikanth,3,750.22,25.0,1687.99,1550.4,137.59,8.15,UPI,Express,Delivered,Consumer
ORD-100707,CUST-0200,Jyoti Nambiar,2025-09-29,West,Maharashtra,Nashik,Home & Kitchen,Milton Thermosteel Flip Lid Hot/Cold Flask 1L,1,944.03,15.0,802.43,597.87,204.56,25.49,UPI,Standard,Delivered,Corporate
ORD-100708,CUST-0030,Akash Saxena,2025-09-29,South,Kerala,Kozhikode,Fashion,Biba Women Printed Anarkali Suit Set,2,3552.77,10.0,6394.99,3219.08,3175.91,49.66,UPI,Standard,Delivered,Consumer
ORD-100709,CUST-0230,Ananya Sen,2025-09-30,South,Karnataka,Mangaluru,Sports & Fitness,Strauss TPE Anti-Skid Yoga Mat 6mm with Bag,1,895.27,10.0,805.74,566.37,239.37,29.71,Debit Card,Express,Delivered,Corporate
ORD-100710,CUST-0023,Akash Agarwal,2025-09-30,Central,Chhattisgarh,Durg,Fashion,Levi's Men 511 Slim Fit Jeans,2,3000.59,10.0,5401.06,2999.0,2402.06,44.47,UPI,Standard,Delayed,Consumer
ORD-100711,CUST-0091,Siddharth Pillai,2025-10-01,South,Karnataka,Mysuru,Electronics,Noise ColorFit Pulse 2 Max Smartwatch,1,2318.25,0.0,2318.25,1793.22,525.03,22.65,UPI,Economy,Delivered,Consumer
ORD-100712,CUST-0113,Prerna Gupta,2025-10-02,North,Uttar Pradesh,Lucknow,Fashion,FabIndia Men Handloom Cotton Kurta,1,1885.7,15.0,1602.85,907.2,695.65,43.4,COD,Express,Delivered,Home Office
ORD-100713,CUST-0025,Preeti Iyer,2025-10-02,North,Uttar Pradesh,Noida,Home & Kitchen,Solimo Microfibre Double Comforter Blanket,1,1608.85,25.0,1206.64,1023.36,183.28,15.19,UPI,Same-Day,Delivered,Consumer
ORD-100714,CUST-0172,Gaurav Choudhury,2025-10-02,East,Assam,Guwahati,Books & Stationery,Atomic Habits by James Clear,2,501.29,0.0,1002.58,658.68,343.9,34.3,COD,Economy,Delivered,Consumer
ORD-100715,CUST-0233,Prerna Agarwal,2025-10-02,South,Telangana,Warangal,Fashion,Allen Solly Men Classic Slim Shirt,1,1704.44,15.0,1448.77,849.5,599.27,41.36,UPI,Standard,Delivered,Consumer
ORD-100716,CUST-0107,Swati Bose,2025-10-03,Central,Chhattisgarh,Durg,Grocery & Gourmet,Disano Extra Virgin Cold Pressed Olive Oil 1L,2,984.18,10.0,1771.52,1378.62,392.9,22.18,UPI,Express,Delivered,Consumer
ORD-100717,CUST-0282,Pooja Choudhury,2025-10-03,Central,Madhya Pradesh,Jabalpur,Electronics,Mi Smart Air Purifier 4,1,13726.07,0.0,13726.07,10919.22,2806.85,20.45,UPI,Express,Delivered,Consumer
ORD-100718,CUST-0232,Kavita Malhotra,2025-10-04,East,Bihar,Gaya,Electronics,SanDisk Ultra 128GB MicroSD Card,1,882.91,0.0,882.91,683.24,199.67,22.61,UPI,Economy,Delivered,Consumer
ORD-100719,CUST-0294,Vikram Mukherjee,2025-10-04,West,Maharashtra,Nagpur,Grocery & Gourmet,Nutraj Special California Raw Whole Almonds 500g,1,486.42,0.0,486.42,336.0,150.42,30.92,UPI,Standard,Delayed,Consumer
ORD-100720,CUST-0232,Kavita Malhotra,2025-10-05,East,Bihar,Gaya,Books & Stationery,Parker Vector Standard CT Rollerball Pen,1,428.38,15.0,364.12,264.6,99.52,27.33,Debit Card,Express,Delivered,Consumer
ORD-100721,CUST-0232,Kavita Malhotra,2025-10-05,East,Bihar,Gaya,Sports & Fitness,Boldfit Adjustable PVC Dumbbell Set 10kg,1,1911.28,40.0,1146.77,1215.36,-68.59,-5.98,UPI,Standard,Delivered,Consumer
ORD-100722,CUST-0233,Prerna Agarwal,2025-10-05,South,Telangana,Warangal,Electronics,Realme 20000mAh Power Bank (18W),1,1895.68,5.0,1800.9,1462.23,338.67,18.81,COD,Express,Delivered,Consumer
ORD-100723,CUST-0223,Preeti Deshmukh,2025-10-07,South,Andhra Pradesh,Visakhapatnam,Electronics,Samsung 43-inch Crystal 4K Neo TV,1,32070.14,0.0,32070.14,25592.0,6478.14,20.2,UPI,Economy,Delivered,Consumer
ORD-100724,CUST-0037,Kavita Das,2025-10-07,South,Tamil Nadu,Coimbatore,Fashion,Biba Women Printed Anarkali Suit Set,1,3478.71,0.0,3478.71,1609.54,1869.17,53.73,Net Banking,Economy,Delivered,Consumer
ORD-100725,CUST-0059,Prerna Menon,2025-10-07,North,Delhi,New Delhi,Books & Stationery,Classmate Pulse 6-Subject Spiral Notebooks (Pack of 4),1,300.94,10.0,270.85,197.34,73.51,27.14,Credit Card,Express,Delivered,Consumer
ORD-100726,CUST-0192,Rohan Gupta,2025-10-08,East,Jharkhand,Jamshedpur,Beauty & Personal Care,The Derma Co 1% Hyaluronic Sunscreen Aqua Gel,2,494.66,20.0,791.46,499.0,292.46,36.95,UPI,Standard,Delivered,Home Office
ORD-100727,CUST-0232,Kavita Malhotra,2025-10-09,East,Bihar,Gaya,Electronics,Boat Rockerz 550 Wireless Headphones,1,1805.76,15.0,1534.9,1385.23,149.67,9.75,UPI,Express,Delivered,Consumer
ORD-100728,CUST-0147,Harsh Deshmukh,2025-10-09,South,Telangana,Hyderabad,Beauty & Personal Care,Plum Green Tea Pore Cleansing Face Wash,2,340.31,0.0,680.62,331.2,349.42,51.34,Debit Card,Same-Day,Delivered,Corporate
ORD-100729,CUST-0022,Neha Sen,2025-10-09,South,Tamil Nadu,Madurai,Electronics,SanDisk Ultra 128GB MicroSD Card,1,899.12,15.0,764.25,683.24,81.01,10.6,UPI,Standard,Delivered,Consumer
ORD-100730,CUST-0232,Kavita Malhotra,2025-10-09,East,Bihar,Gaya,Grocery & Gourmet,Nutraj Special California Raw Whole Almonds 500g,2,481.61,0.0,963.22,672.0,291.22,30.23,UPI,Standard,Delivered,Consumer
ORD-100731,CUST-0086,Mayank Kapoor,2025-10-10,South,Kerala,Kozhikode,Electronics,Realme 20000mAh Power Bank (18W),2,1935.49,10.0,3483.88,2924.46,559.42,16.06,COD,Express,Delivered,Consumer
ORD-100732,CUST-0204,Abhishek Trivedi,2025-10-10,South,Telangana,Hyderabad,Electronics,OnePlus Nord CE 5G (128GB),1,19648.33,30.0,13753.83,15799.21,-2045.38,-14.87,UPI,Express,Delivered,Home Office
ORD-100733,CUST-0081,Prerna Singh,2025-10-10,South,Tamil Nadu,Chennai,Electronics,Samsung 43-inch Crystal 4K Neo TV,1,32172.1,5.0,30563.49,25592.0,4971.49,16.27,UPI,Express,Delivered,Home Office
ORD-100734,CUST-0258,Deepa Kulkarni,2025-10-12,North,Delhi,Delhi,Books & Stationery,Parker Vector Standard CT Rollerball Pen,3,416.38,5.0,1186.68,793.8,392.88,33.11,Credit Card,Economy,Delivered,Corporate
ORD-100735,CUST-0296,Karthik Saxena,2025-10-12,East,Odisha,Rourkela,Fashion,FabIndia Men Handloom Cotton Kurta,2,1925.07,0.0,3850.14,1814.4,2035.74,52.87,UPI,Express,Cancelled,Consumer
ORD-100736,CUST-0232,Kavita Malhotra,2025-10-12,East,Bihar,Gaya,Beauty & Personal Care,Mamaearth Onion Hair Fall Control Oil 250ml,2,501.05,0.0,1002.1,489.02,513.08,51.2,UPI,Express,Delivered,Consumer
ORD-100737,CUST-0113,Prerna Gupta,2025-10-13,North,Uttar Pradesh,Lucknow,Grocery & Gourmet,Fortune Sunlite Refined Sunflower Oil 5L Can,1,746.14,5.0,708.83,547.2,161.63,22.8,UPI,Standard,Delivered,Home Office
ORD-100738,CUST-0027,Amit Iyer,2025-10-13,Central,Chhattisgarh,Bilaspur,Electronics,Realme 20000mAh Power Bank (18W),1,1886.69,5.0,1792.36,1462.23,330.13,18.42,COD,Express,Delivered,Consumer
ORD-100739,CUST-0064,Deepa Singh,2025-10-13,East,Odisha,Bhubaneswar,Fashion,W for Woman Floral Rayon Kurti,1,1415.02,25.0,1061.26,629.55,431.71,40.68,COD,Standard,Delivered,Consumer
ORD-100740,CUST-0205,Alok Joshi,2025-10-14,West,Maharashtra,Nashik,Beauty & Personal Care,Minimalist 10% Niacinamide Face Serum,2,587.28,10.0,1057.1,599.0,458.1,43.34,COD,Standard,Delivered,Corporate
ORD-100741,CUST-0233,Prerna Agarwal,2025-10-14,South,Telangana,Warangal,Sports & Fitness,Cultsport Smart Magnetic Spin Exercise Bike,1,12846.36,15.0,10919.41,8709.33,2210.08,20.24,UPI,Standard,Delivered,Consumer
ORD-100742,CUST-0232,Kavita Malhotra,2025-10-15,East,Bihar,Gaya,Fashion,Allen Solly Men Classic Slim Shirt,1,1729.78,10.0,1556.8,849.5,707.3,45.43,UPI,Express,Delivered,Consumer
ORD-100743,CUST-0146,Aditya Rao,2025-10-15,Central,Chhattisgarh,Raipur,Home & Kitchen,Pigeon Non-Stick Kitchen Induction Cookware Set,1,1699.73,10.0,1529.76,1053.38,476.38,31.14,COD,Standard,Delayed,Consumer
ORD-100744,CUST-0067,Divya Mukherjee,2025-10-16,North,Rajasthan,Jodhpur,Fashion,Zaveri Pearls Gold-Plated Choker Set,2,906.47,0.0,1812.94,791.12,1021.82,56.36,COD,Express,Returned,Consumer
ORD-100745,CUST-0233,Prerna Agarwal,2025-10-16,South,Telangana,Warangal,Electronics,Boat Rockerz 550 Wireless Headphones,2,1800.44,20.0,2880.7,2770.46,110.24,3.83,UPI,Standard,Delivered,Consumer
ORD-100746,CUST-0232,Kavita Malhotra,2025-10-16,East,Bihar,Gaya,Grocery & Gourmet,Tata Tea Gold Premium Black Tea 1kg,1,534.47,0.0,534.47,378.0,156.47,29.28,COD,Standard,Delayed,Consumer
ORD-100747,CUST-0079,Harsh Choudhury,2025-10-16,North,Punjab,Chandigarh,Home & Kitchen,Wakefit Memory Foam Sleeping Pillow (Pack of 2),4,1013.0,15.0,3444.2,2597.4,846.8,24.59,UPI,Express,Delivered,Consumer
ORD-100748,CUST-0219,Bhavna Mehta,2025-10-17,North,Rajasthan,Jaipur,Home & Kitchen,Solimo Microfibre Double Comforter Blanket,1,1597.14,25.0,1197.86,1023.36,174.5,14.57,UPI,Standard,Delivered,Corporate
ORD-100749,CUST-0118,Aditya Das,2025-10-17,North,Delhi,New Delhi,Home & Kitchen,Wakefit Memory Foam Sleeping Pillow (Pack of 2),1,1018.76,30.0,713.13,649.35,63.78,8.94,Net Banking,Standard,Delivered,Consumer
ORD-100750,CUST-0232,Kavita Malhotra,2025-10-17,East,Bihar,Gaya,Sports & Fitness,Nivia Storm Football Size 5 Rubber,1,505.0,25.0,378.75,309.38,69.37,18.32,Debit Card,Economy,Delayed,Consumer
ORD-100751,CUST-0091,Siddharth Pillai,2025-10-17,South,Karnataka,Mysuru,Electronics,Noise ColorFit Pulse 2 Max Smartwatch,1,2261.62,10.0,2035.46,1793.22,242.24,11.9,UPI,Standard,Delivered,Consumer
ORD-100752,CUST-0266,Komal Bhat,2025-10-17,North,Punjab,Chandigarh,Books & Stationery,Parker Vector Standard CT Rollerball Pen,1,420.54,10.0,378.49,264.6,113.89,30.09,COD,Standard,Delivered,Corporate
ORD-100753,CUST-0232,Kavita Malhotra,2025-10-17,East,Bihar,Gaya,Sports & Fitness,Yonex Nanoray 7000I G4 Graphite Badminton Racquet,1,2031.15,25.0,1523.36,1279.36,244.0,16.02,COD,Standard,Delivered,Consumer
ORD-100754,CUST-0250,Karthik Das,2025-10-18,Central,Madhya Pradesh,Bhopal,Sports & Fitness,Decathlon Domyos Training Resistance Band 15kg,1,501.0,0.0,501.0,304.39,196.61,39.24,UPI,Standard,Delivered,Home Office
ORD-100755,CUST-0105,Komal Kapoor,2025-10-18,North,Rajasthan,Jodhpur,Fashion,W for Woman Floral Rayon Kurti,1,1399.84,15.0,1189.86,629.55,560.31,47.09,Net Banking,Standard,Delivered,Home Office
ORD-100756,CUST-0170,Rohan Trivedi,2025-10-18,South,Kerala,Thiruvananthapuram,Electronics,HP 15s Ryzen 5 16GB/512GB SSD Laptop,1,53174.78,10.0,47857.3,42392.0,5465.3,11.42,UPI,Standard,Delivered,Consumer
ORD-100757,CUST-0199,Harsh Malhotra,2025-10-18,West,Gujarat,Rajkot,Sports & Fitness,Strauss TPE Anti-Skid Yoga Mat 6mm with Bag,1,915.63,10.0,824.07,566.37,257.7,31.27,UPI,Standard,Delivered,Home Office
ORD-100758,CUST-0296,Karthik Saxena,2025-10-19,East,Odisha,Rourkela,Fashion,Puma Smashic Unisex White Sneakers,1,3320.09,5.0,3154.09,1682.49,1471.6,46.66,COD,Express,Delivered,Consumer
ORD-100759,CUST-0219,Bhavna Mehta,2025-10-19,North,Rajasthan,Jaipur,Home & Kitchen,Bajaj New Shakti Neo 15L Storage Water Geyser,1,5875.6,0.0,5875.6,3893.34,1982.26,33.74,UPI,Standard,Delivered,Corporate
ORD-100760,CUST-0223,Preeti Deshmukh,2025-10-19,South,Andhra Pradesh,Visakhapatnam,Sports & Fitness,Decathlon Domyos Training Resistance Band 15kg,1,508.3,30.0,355.81,304.39,51.42,14.45,COD,Standard,Delivered,Consumer
ORD-100761,CUST-0232,Kavita Malhotra,2025-10-21,East,Bihar,Gaya,Electronics,OnePlus Nord CE 5G (128GB),1,19936.41,0.0,19936.41,15799.21,4137.2,20.75,Credit Card,Express,Delivered,Consumer
ORD-100762,CUST-0232,Kavita Malhotra,2025-10-21,East,Bihar,Gaya,Electronics,Mi Smart Air Purifier 4,1,14163.07,0.0,14163.07,10919.22,3243.85,22.9,Credit Card,Economy,Delivered,Consumer
ORD-100763,CUST-0084,Abhishek Deshmukh,2025-10-21,North,Haryana,Faridabad,Electronics,OnePlus Nord CE 5G (128GB),1,20042.76,10.0,18038.48,15799.21,2239.27,12.41,UPI,Standard,Delivered,Consumer
ORD-100764,CUST-0232,Kavita Malhotra,2025-10-21,East,Bihar,Gaya,Grocery & Gourmet,Disano Extra Virgin Cold Pressed Olive Oil 1L,1,1012.53,10.0,911.28,689.31,221.97,24.36,COD,Standard,Delivered,Consumer
ORD-100765,CUST-0233,Prerna Agarwal,2025-10-22,South,Telangana,Warangal,Fashion,Biba Women Printed Anarkali Suit Set,2,3488.53,10.0,6279.35,3219.08,3060.27,48.74,Credit Card,Economy,Delivered,Consumer
ORD-100766,CUST-0233,Prerna Agarwal,2025-10-22,South,Telangana,Warangal,Fashion,Zaveri Pearls Gold-Plated Choker Set,2,904.12,25.0,1356.18,791.12,565.06,41.67,COD,Standard,Delivered,Consumer
ORD-100767,CUST-0025,Preeti Iyer,2025-10-22,North,Uttar Pradesh,Noida,Grocery & Gourmet,Nutraj Special California Raw Whole Almonds 500g,2,489.32,5.0,929.71,672.0,257.71,27.72,UPI,Same-Day,Delivered,Consumer
ORD-100768,CUST-0172,Gaurav Choudhury,2025-10-22,East,Assam,Guwahati,Books & Stationery,Parker Vector Standard CT Rollerball Pen,1,423.79,15.0,360.22,264.6,95.62,26.54,COD,Standard,Delayed,Consumer
ORD-100769,CUST-0232,Kavita Malhotra,2025-10-22,East,Bihar,Gaya,Electronics,Mi Smart Air Purifier 4,1,13868.57,10.0,12481.71,10919.22,1562.49,12.52,COD,Standard,Delivered,Consumer
ORD-100770,CUST-0038,Akash Deshmukh,2025-10-22,East,Assam,Guwahati,Beauty & Personal Care,The Derma Co 1% Hyaluronic Sunscreen Aqua Gel,1,499.29,5.0,474.33,249.5,224.83,47.4,UPI,Standard,Delivered,Consumer
ORD-100771,CUST-0232,Kavita Malhotra,2025-10-22,East,Bihar,Gaya,Sports & Fitness,Cosco Light Tennis Cricket Ball (Pack of 6),1,418.85,0.0,418.85,264.6,154.25,36.83,UPI,Standard,Delivered,Consumer
ORD-100772,CUST-0147,Harsh Deshmukh,2025-10-22,South,Telangana,Hyderabad,Electronics,Boat Rockerz 550 Wireless Headphones,1,1768.69,20.0,1414.95,1385.23,29.72,2.1,Credit Card,Same-Day,Delivered,Corporate
ORD-100773,CUST-0025,Preeti Iyer,2025-10-23,North,Uttar Pradesh,Noida,Beauty & Personal Care,The Derma Co 1% Hyaluronic Sunscreen Aqua Gel,2,507.66,5.0,964.55,499.0,465.55,48.27,UPI,Express,Delivered,Consumer
ORD-100774,CUST-0232,Kavita Malhotra,2025-10-23,East,Bihar,Gaya,Books & Stationery,Atomic Habits by James Clear,2,495.11,10.0,891.2,658.68,232.52,26.09,UPI,Standard,Delivered,Consumer
ORD-100775,CUST-0232,Kavita Malhotra,2025-10-23,East,Bihar,Gaya,Electronics,HP 15s Ryzen 5 16GB/512GB SSD Laptop,1,53332.07,0.0,53332.07,42392.0,10940.07,20.51,UPI,Standard,Delivered,Consumer
ORD-100776,CUST-0015,Swati Reddy,2025-10-24,North,Punjab,Ludhiana,Grocery & Gourmet,Fortune Sunlite Refined Sunflower Oil 5L Can,1,760.05,5.0,722.05,547.2,174.85,24.22,Net Banking,Standard,Delivered,Consumer
ORD-100777,CUST-0232,Kavita Malhotra,2025-10-24,East,Bihar,Gaya,Home & Kitchen,Bajaj New Shakti Neo 15L Storage Water Geyser,4,6012.26,25.0,18036.78,15573.36,2463.42,13.66,Debit Card,Standard,Delivered,Consumer
ORD-100778,CUST-0112,Vikram Rao,2025-10-24,Central,Madhya Pradesh,Gwalior,Electronics,SanDisk Ultra 128GB MicroSD Card,1,906.87,15.0,770.84,683.24,87.6,11.36,COD,Express,Delivered,Consumer
ORD-100779,CUST-0232,Kavita Malhotra,2025-10-24,East,Bihar,Gaya,Grocery & Gourmet,Cadbury Celebrations Assorted Rich Chocolate Box,1,374.2,40.0,224.52,269.8,-45.28,-20.17,COD,Standard,Delivered,Consumer
ORD-100780,CUST-0179,Shreya Singh,2025-10-25,Central,Madhya Pradesh,Indore,Beauty & Personal Care,WOW Skin Science Apple Cider Vinegar Shampoo,2,454.66,0.0,909.32,440.02,469.3,51.61,Net Banking,Express,Delivered,Home Office
ORD-100781,CUST-0153,Sneha Reddy,2025-10-25,South,Tamil Nadu,Madurai,Sports & Fitness,Strauss TPE Anti-Skid Yoga Mat 6mm with Bag,1,907.48,20.0,725.98,566.37,159.61,21.99,COD,Economy,Delivered,Consumer
ORD-100782,CUST-0209,Mayank Das,2025-10-25,West,Gujarat,Ahmedabad,Fashion,Puma Smashic Unisex White Sneakers,1,3285.85,5.0,3121.56,1682.49,1439.07,46.1,Credit Card,Standard,Delivered,Consumer
ORD-100783,CUST-0232,Kavita Malhotra,2025-10-25,East,Bihar,Gaya,Beauty & Personal Care,mCaffeine Naked & Raw Coffee Body Scrub,1,396.37,0.0,396.37,187.53,208.84,52.69,UPI,Standard,Delivered,Consumer
ORD-100784,CUST-0146,Aditya Rao,2025-10-26,Central,Chhattisgarh,Raipur,Beauty & Personal Care,Forest Essentials Soundarya Radiance Cream,1,2541.2,5.0,2414.14,1184.5,1229.64,50.93,Credit Card,Standard,Delivered,Consumer
ORD-100785,CUST-0103,Deepa Bhat,2025-10-26,East,Odisha,Bhubaneswar,Grocery & Gourmet,Disano Extra Virgin Cold Pressed Olive Oil 1L,2,1011.88,10.0,1821.38,1378.62,442.76,24.31,COD,Express,Delivered,Consumer
ORD-100786,CUST-0065,Aarav Nambiar,2025-10-26,West,Gujarat,Rajkot,Fashion,Puma Smashic Unisex White Sneakers,1,3256.82,10.0,2931.14,1682.49,1248.65,42.6,UPI,Express,Delivered,Consumer
ORD-100787,CUST-0014,Aditya Deshmukh,2025-10-26,East,West Bengal,Howrah,Grocery & Gourmet,Nutraj Special California Raw Whole Almonds 500g,3,485.65,30.0,1019.86,1008.0,11.86,1.16,Debit Card,Express,Delivered,Consumer
ORD-100788,CUST-0240,Sunita Kulkarni,2025-10-26,West,Maharashtra,Pune,Grocery & Gourmet,Tata Tea Gold Premium Black Tea 1kg,1,539.43,10.0,485.49,378.0,107.49,22.14,COD,Express,Delivered,Consumer
ORD-100789,CUST-0200,Jyoti Nambiar,2025-10-26,West,Maharashtra,Nashik,Sports & Fitness,Boldfit Adjustable PVC Dumbbell Set 10kg,1,1905.06,5.0,1809.81,1215.36,594.45,32.85,UPI,Express,Delivered,Corporate
ORD-100790,CUST-0230,Ananya Sen,2025-10-26,South,Karnataka,Mangaluru,Home & Kitchen,Bajaj New Shakti Neo 15L Storage Water Geyser,1,5843.3,30.0,4090.31,3893.34,196.97,4.82,UPI,Economy,Delivered,Corporate
ORD-100791,CUST-0109,Kabir Sen,2025-10-26,East,West Bengal,Siliguri,Home & Kitchen,Pigeon Non-Stick Kitchen Induction Cookware Set,1,1700.49,15.0,1445.42,1053.38,392.04,27.12,UPI,Standard,Delivered,Consumer
ORD-100792,CUST-0232,Kavita Malhotra,2025-10-26,East,Bihar,Gaya,Beauty & Personal Care,WOW Skin Science Apple Cider Vinegar Shampoo,2,445.61,10.0,802.1,440.02,362.08,45.14,COD,Economy,Delayed,Consumer
ORD-100793,CUST-0233,Prerna Agarwal,2025-10-27,South,Telangana,Warangal,Fashion,W for Woman Floral Rayon Kurti,2,1405.71,0.0,2811.42,1259.1,1552.32,55.21,COD,Standard,Delivered,Consumer
ORD-100794,CUST-0278,Mayank Gupta,2025-10-27,East,Assam,Silchar,Electronics,HP 15s Ryzen 5 16GB/512GB SSD Laptop,2,52097.44,0.0,104194.88,84784.0,19410.88,18.63,Credit Card,Express,Returned,Corporate
ORD-100795,CUST-0065,Aarav Nambiar,2025-10-29,West,Gujarat,Rajkot,Home & Kitchen,Bajaj New Shakti Neo 15L Storage Water Geyser,1,6000.02,10.0,5400.02,3893.34,1506.68,27.9,UPI,Economy,Returned,Consumer
ORD-100796,CUST-0232,Kavita Malhotra,2025-10-29,East,Bihar,Gaya,Fashion,Levi's Men 511 Slim Fit Jeans,2,3035.18,20.0,4856.29,2999.0,1857.29,38.25,COD,Economy,Delivered,Consumer
ORD-100797,CUST-0168,Arjun Patel,2025-10-29,South,Telangana,Hyderabad,Sports & Fitness,Strauss TPE Anti-Skid Yoga Mat 6mm with Bag,1,894.05,15.0,759.94,566.37,193.57,25.47,Credit Card,Same-Day,Delivered,Consumer
ORD-100798,CUST-0146,Aditya Rao,2025-10-29,Central,Chhattisgarh,Raipur,Fashion,Biba Women Printed Anarkali Suit Set,1,3545.41,25.0,2659.06,1609.54,1049.52,39.47,COD,Economy,Delivered,Consumer
ORD-100799,CUST-0018,Rahul Kumar,2025-10-30,Central,Chhattisgarh,Bilaspur,Fashion,W for Woman Floral Rayon Kurti,1,1405.49,0.0,1405.49,629.55,775.94,55.21,Debit Card,Standard,Delivered,Consumer
ORD-100800,CUST-0175,Divya Trivedi,2025-10-30,East,West Bengal,Kolkata,Books & Stationery,Indian Polity 6th Edition by M. Laxmikanth,2,751.49,10.0,1352.68,1033.6,319.08,23.59,Credit Card,Express,Delivered,Corporate
ORD-100801,CUST-0232,Kavita Malhotra,2025-10-30,East,Bihar,Gaya,Beauty & Personal Care,WOW Skin Science Apple Cider Vinegar Shampoo,3,448.73,25.0,1009.64,660.03,349.61,34.63,COD,Express,Delivered,Consumer
ORD-100802,CUST-0223,Preeti Deshmukh,2025-10-30,South,Andhra Pradesh,Visakhapatnam,Home & Kitchen,Pigeon Non-Stick Kitchen Induction Cookware Set,1,1711.7,15.0,1454.94,1053.38,401.56,27.6,UPI,Economy,Delivered,Consumer
ORD-100803,CUST-0050,Deepa Trivedi,2025-10-31,East,Jharkhand,Ranchi,Books & Stationery,Camlin Artist 24 Water Colour Tubes,1,335.8,5.0,319.01,211.2,107.81,33.8,UPI,Standard,Cancelled,Consumer
ORD-100804,CUST-0142,Vikram Sen,2025-10-31,South,Karnataka,Bengaluru,Beauty & Personal Care,Minimalist 10% Niacinamide Face Serum,1,587.79,15.0,499.62,299.5,200.12,40.05,UPI,Standard,Delivered,Consumer
ORD-100805,CUST-0232,Kavita Malhotra,2025-11-01,East,Bihar,Gaya,Books & Stationery,The Psychology of Money by Morgan Housel,2,383.79,25.0,575.69,494.0,81.69,14.19,Debit Card,Express,Delivered,Consumer
ORD-100806,CUST-0287,Vikram Pillai,2025-11-01,West,Gujarat,Surat,Beauty & Personal Care,mCaffeine Naked & Raw Coffee Body Scrub,1,400.27,0.0,400.27,187.53,212.74,53.15,UPI,Standard,Delivered,Consumer
ORD-100807,CUST-0152,Kunal Gupta,2025-11-01,North,Rajasthan,Jodhpur,Beauty & Personal Care,Minimalist 10% Niacinamide Face Serum,3,610.01,0.0,1830.03,898.5,931.53,50.9,UPI,Standard,Delivered,Consumer
ORD-100808,CUST-0174,Sneha Banerjee,2025-11-02,South,Karnataka,Mangaluru,Home & Kitchen,Pigeon Non-Stick Kitchen Induction Cookware Set,4,1665.81,5.0,6330.08,4213.52,2116.56,33.44,Net Banking,Standard,Delivered,Consumer
ORD-100809,CUST-0232,Kavita Malhotra,2025-11-03,East,Bihar,Gaya,Fashion,W for Woman Floral Rayon Kurti,1,1406.99,25.0,1055.24,629.55,425.69,40.34,COD,Standard,Returned,Consumer
ORD-100810,CUST-0232,Kavita Malhotra,2025-11-03,East,Bihar,Gaya,Home & Kitchen,Hawkins Contura Hard Anodised Pressure Cooker 3L,1,1838.24,0.0,1838.24,1165.5,672.74,36.6,COD,Economy,Delivered,Consumer
ORD-100811,CUST-0282,Pooja Choudhury,2025-11-03,Central,Madhya Pradesh,Jabalpur,Beauty & Personal Care,Minimalist 10% Niacinamide Face Serum,1,601.6,15.0,511.36,299.5,211.86,41.43,Credit Card,Express,Delivered,Consumer
ORD-100812,CUST-0286,Riya Deshmukh,2025-11-03,North,Haryana,Faridabad,Grocery & Gourmet,Cadbury Celebrations Assorted Rich Chocolate Box,4,384.84,40.0,923.62,1079.2,-155.58,-16.84,UPI,Express,Delivered,Consumer
ORD-100813,CUST-0172,Gaurav Choudhury,2025-11-04,East,Assam,Guwahati,Electronics,Boat Rockerz 550 Wireless Headphones,1,1808.57,10.0,1627.71,1385.23,242.48,14.9,UPI,Economy,Delivered,Consumer
ORD-100814,CUST-0119,Kavita Joshi,2025-11-04,East,West Bengal,Howrah,Fashion,Levi's Men 511 Slim Fit Jeans,2,3031.02,10.0,5455.84,2999.0,2456.84,45.03,UPI,Standard,Delayed,Home Office
ORD-100815,CUST-0219,Bhavna Mehta,2025-11-04,North,Rajasthan,Jaipur,Electronics,SanDisk Ultra 128GB MicroSD Card,1,892.26,5.0,847.65,683.24,164.41,19.4,Credit Card,Economy,Delivered,Corporate
ORD-100816,CUST-0233,Prerna Agarwal,2025-11-04,South,Telangana,Warangal,Fashion,Manyavar Silk Blend Nehru Jacket,1,3173.74,5.0,3015.05,1535.52,1479.53,49.07,Debit Card,Standard,Delivered,Consumer
ORD-100817,CUST-0179,Shreya Singh,2025-11-05,Central,Madhya Pradesh,Indore,Fashion,Manyavar Silk Blend Nehru Jacket,1,3196.76,5.0,3036.92,1535.52,1501.4,49.44,Debit Card,Standard,Delivered,Home Office
ORD-100818,CUST-0233,Prerna Agarwal,2025-11-05,South,Telangana,Warangal,Home & Kitchen,Solimo Microfibre Double Comforter Blanket,1,1585.24,0.0,1585.24,1023.36,561.88,35.44,Net Banking,Standard,Delivered,Consumer
ORD-100819,CUST-0146,Aditya Rao,2025-11-05,Central,Chhattisgarh,Raipur,Grocery & Gourmet,Nutraj Special California Raw Whole Almonds 500g,4,488.8,0.0,1955.2,1344.0,611.2,31.26,Wallet,Standard,Delivered,Consumer
ORD-100820,CUST-0232,Kavita Malhotra,2025-11-06,East,Bihar,Gaya,Electronics,HP 15s Ryzen 5 16GB/512GB SSD Laptop,2,52238.58,20.0,83581.73,84784.0,-1202.27,-1.44,UPI,Standard,Delivered,Consumer
ORD-100821,CUST-0232,Kavita Malhotra,2025-11-06,East,Bihar,Gaya,Electronics,HP 15s Ryzen 5 16GB/512GB SSD Laptop,1,52863.09,0.0,52863.09,42392.0,10471.09,19.81,Credit Card,Standard,Delivered,Consumer
ORD-100822,CUST-0147,Harsh Deshmukh,2025-11-06,South,Telangana,Hyderabad,Beauty & Personal Care,Minimalist 10% Niacinamide Face Serum,1,594.39,5.0,564.67,299.5,265.17,46.96,COD,Economy,Delivered,Corporate
ORD-100823,CUST-0232,Kavita Malhotra,2025-11-06,East,Bihar,Gaya,Electronics,SanDisk Ultra 128GB MicroSD Card,2,912.96,20.0,1460.74,1366.48,94.26,6.45,COD,Standard,Delivered,Consumer
ORD-100824,CUST-0147,Harsh Deshmukh,2025-11-06,South,Telangana,Hyderabad,Home & Kitchen,Prestige Iris 750W Mixer Grinder (3 Jars),1,3297.67,10.0,2967.9,2111.36,856.54,28.86,UPI,Express,Delivered,Corporate
ORD-100825,CUST-0009,Prerna Nair,2025-11-06,West,Gujarat,Vadodara,Electronics,SanDisk Ultra 128GB MicroSD Card,1,910.16,20.0,728.13,683.24,44.89,6.17,UPI,Standard,Delivered,Corporate
ORD-100826,CUST-0189,Harsh Mehta,2025-11-06,North,Delhi,Delhi,Beauty & Personal Care,Biotique Morning Nectar Flawless Skin Lotion,1,298.35,25.0,223.76,143.52,80.24,35.86,Credit Card,Same-Day,Cancelled,Consumer
ORD-100827,CUST-0232,Kavita Malhotra,2025-11-07,East,Bihar,Gaya,Home & Kitchen,Solimo Microfibre Double Comforter Blanket,1,1622.05,10.0,1459.85,1023.36,436.49,29.9,Net Banking,Standard,Delivered,Consumer
ORD-100828,CUST-0091,Siddharth Pillai,2025-11-07,South,Karnataka,Mysuru,Home & Kitchen,Pigeon Non-Stick Kitchen Induction Cookware Set,1,1701.62,5.0,1616.54,1053.38,563.16,34.84,COD,Standard,Delivered,Consumer
ORD-100829,CUST-0113,Prerna Gupta,2025-11-07,North,Uttar Pradesh,Lucknow,Electronics,Realme 20000mAh Power Bank (18W),1,1893.14,0.0,1893.14,1462.23,430.91,22.76,UPI,Standard,Cancelled,Home Office
ORD-100830,CUST-0176,Priya Singh,2025-11-07,West,Goa,Panaji,Electronics,OnePlus Nord CE 5G (128GB),1,20193.89,40.0,12116.33,15799.21,-3682.88,-30.4,Net Banking,Express,Delivered,Consumer
ORD-100831,CUST-0232,Kavita Malhotra,2025-11-07,East,Bihar,Gaya,Beauty & Personal Care,WOW Skin Science Apple Cider Vinegar Shampoo,1,455.31,10.0,409.78,220.01,189.77,46.31,COD,Standard,Delivered,Consumer
ORD-100832,CUST-0122,Simran Verma,2025-11-08,North,Haryana,Faridabad,Beauty & Personal Care,mCaffeine Naked & Raw Coffee Body Scrub,1,399.08,20.0,319.26,187.53,131.73,41.26,Net Banking,Economy,Delivered,Home Office
ORD-100833,CUST-0235,Alok Bhat,2025-11-08,Central,Chhattisgarh,Raipur,Books & Stationery,Classmate Pulse 6-Subject Spiral Notebooks (Pack of 4),2,299.03,0.0,598.06,394.68,203.38,34.01,COD,Standard,Delivered,Consumer
ORD-100834,CUST-0233,Prerna Agarwal,2025-11-08,South,Telangana,Warangal,Fashion,Manyavar Silk Blend Nehru Jacket,3,3246.08,15.0,8277.5,4606.56,3670.94,44.35,Credit Card,Standard,Delivered,Consumer
ORD-100835,CUST-0102,Mayank Bhat,2025-11-09,South,Kerala,Thiruvananthapuram,Fashion,Manyavar Silk Blend Nehru Jacket,1,3184.0,10.0,2865.6,1535.52,1330.08,46.42,Net Banking,Standard,Delivered,Corporate
ORD-100836,CUST-0142,Vikram Sen,2025-11-09,South,Karnataka,Bengaluru,Electronics,OnePlus Nord CE 5G (128GB),1,19934.26,0.0,19934.26,15799.21,4135.05,20.74,UPI,Express,Delivered,Consumer
ORD-100837,CUST-0232,Kavita Malhotra,2025-11-09,East,Bihar,Gaya,Fashion,FabIndia Men Handloom Cotton Kurta,2,1890.75,0.0,3781.5,1814.4,1967.1,52.02,COD,Express,Delivered,Consumer
ORD-100838,CUST-0233,Prerna Agarwal,2025-11-09,South,Telangana,Warangal,Books & Stationery,Classmate Pulse 6-Subject Spiral Notebooks (Pack of 4),1,304.1,20.0,243.28,197.34,45.94,18.88,COD,Standard,Delivered,Consumer
ORD-100839,CUST-0091,Siddharth Pillai,2025-11-09,South,Karnataka,Mysuru,Sports & Fitness,Cultsport Smart Magnetic Spin Exercise Bike,1,12849.8,5.0,12207.31,8709.33,3497.98,28.65,UPI,Standard,Delivered,Consumer
ORD-100840,CUST-0291,Pooja Bose,2025-11-09,East,Assam,Silchar,Sports & Fitness,Cosco Light Tennis Cricket Ball (Pack of 6),1,427.63,25.0,320.72,264.6,56.12,17.5,UPI,Standard,Delivered,Consumer
ORD-100841,CUST-0232,Kavita Malhotra,2025-11-09,East,Bihar,Gaya,Beauty & Personal Care,mCaffeine Naked & Raw Coffee Body Scrub,2,402.5,10.0,724.5,375.06,349.44,48.23,UPI,Standard,Delivered,Consumer
ORD-100842,CUST-0232,Kavita Malhotra,2025-11-09,East,Bihar,Gaya,Beauty & Personal Care,mCaffeine Naked & Raw Coffee Body Scrub,2,400.36,40.0,480.43,375.06,105.37,21.93,Credit Card,Standard,Delivered,Consumer
ORD-100843,CUST-0259,Varun Mehta,2025-11-10,West,Maharashtra,Nashik,Books & Stationery,Ikigai: Japanese Secret to Long and Happy Life,2,393.64,30.0,551.1,518.7,32.4,5.88,Net Banking,Express,Delivered,Consumer
ORD-100844,CUST-0233,Prerna Agarwal,2025-11-10,South,Telangana,Warangal,Sports & Fitness,Yonex Nanoray 7000I G4 Graphite Badminton Racquet,1,1987.33,20.0,1589.86,1279.36,310.5,19.53,COD,Standard,Delivered,Consumer
ORD-100845,CUST-0093,Akash Patel,2025-11-10,South,Karnataka,Mysuru,Fashion,Puma Smashic Unisex White Sneakers,2,3339.39,5.0,6344.84,3364.98,2979.86,46.97,UPI,Express,Returned,Corporate
ORD-100846,CUST-0209,Mayank Das,2025-11-11,West,Gujarat,Ahmedabad,Electronics,SanDisk Ultra 128GB MicroSD Card,1,881.18,15.0,749.0,683.24,65.76,8.78,UPI,Express,Delivered,Consumer
ORD-100847,CUST-0232,Kavita Malhotra,2025-11-11,East,Bihar,Gaya,Electronics,OnePlus Nord CE 5G (128GB),1,20351.23,10.0,18316.11,15799.21,2516.9,13.74,Debit Card,Express,Delivered,Consumer
ORD-100848,CUST-0232,Kavita Malhotra,2025-11-11,East,Bihar,Gaya,Home & Kitchen,Wakefit Memory Foam Sleeping Pillow (Pack of 2),2,989.16,10.0,1780.49,1298.7,481.79,27.06,COD,Economy,Delayed,Consumer
ORD-100849,CUST-0233,Prerna Agarwal,2025-11-11,South,Telangana,Warangal,Grocery & Gourmet,Cadbury Celebrations Assorted Rich Chocolate Box,1,380.77,5.0,361.73,269.8,91.93,25.41,Debit Card,Standard,Delivered,Consumer
ORD-100850,CUST-0232,Kavita Malhotra,2025-11-12,East,Bihar,Gaya,Electronics,Samsung 43-inch Crystal 4K Neo TV,1,32523.69,40.0,19514.21,25592.0,-6077.79,-31.15,COD,Standard,Delivered,Consumer
ORD-100851,CUST-0235,Alok Bhat,2025-11-12,Central,Chhattisgarh,Raipur,Grocery & Gourmet,India Gate Super Basmati Rice Aged 5kg,5,718.72,20.0,2874.88,2556.0,318.88,11.09,COD,Economy,Delayed,Consumer
ORD-100852,CUST-0232,Kavita Malhotra,2025-11-12,East,Bihar,Gaya,Electronics,SanDisk Ultra 128GB MicroSD Card,1,900.13,0.0,900.13,683.24,216.89,24.1,UPI,Standard,Delayed,Consumer
ORD-100853,CUST-0232,Kavita Malhotra,2025-11-12,East,Bihar,Gaya,Fashion,Levi's Men 511 Slim Fit Jeans,1,3017.33,20.0,2413.86,1499.5,914.36,37.88,UPI,Standard,Delivered,Consumer
ORD-100854,CUST-0213,Ishita Bhat,2025-11-12,Central,Madhya Pradesh,Indore,Electronics,OnePlus Nord CE 5G (128GB),1,19905.47,5.0,18910.2,15799.21,3110.99,16.45,Credit Card,Standard,Delivered,Corporate
ORD-100855,CUST-0232,Kavita Malhotra,2025-11-13,East,Bihar,Gaya,Grocery & Gourmet,Disano Extra Virgin Cold Pressed Olive Oil 1L,1,1017.81,10.0,916.03,689.31,226.72,24.75,UPI,Express,Delivered,Consumer
ORD-100856,CUST-0142,Vikram Sen,2025-11-13,South,Karnataka,Bengaluru,Beauty & Personal Care,mCaffeine Naked & Raw Coffee Body Scrub,1,394.9,20.0,315.92,187.53,128.39,40.64,UPI,Standard,Delivered,Consumer
ORD-100857,CUST-0162,Aditya Nambiar,2025-11-14,East,West Bengal,Siliguri,Home & Kitchen,Bajaj New Shakti Neo 15L Storage Water Geyser,1,5785.56,20.0,4628.45,3893.34,735.11,15.88,UPI,Standard,Delivered,Corporate
ORD-100858,CUST-0152,Kunal Gupta,2025-11-15,North,Rajasthan,Jodhpur,Fashion,Zaveri Pearls Gold-Plated Choker Set,1,910.12,10.0,819.11,395.56,423.55,51.71,COD,Economy,Delivered,Consumer
ORD-100859,CUST-0232,Kavita Malhotra,2025-11-15,East,Bihar,Gaya,Fashion,Biba Women Printed Anarkali Suit Set,1,3516.66,5.0,3340.83,1609.54,1731.29,51.82,COD,Standard,Delayed,Consumer
ORD-100860,CUST-0262,Kavita Banerjee,2025-11-15,North,Punjab,Chandigarh,Beauty & Personal Care,Minimalist 10% Niacinamide Face Serum,1,606.61,10.0,545.95,299.5,246.45,45.14,UPI,Express,Delivered,Home Office
ORD-100861,CUST-0087,Rajesh Trivedi,2025-11-15,East,Bihar,Gaya,Home & Kitchen,Prestige Iris 750W Mixer Grinder (3 Jars),3,3242.58,5.0,9241.35,6334.08,2907.27,31.46,UPI,Standard,Delivered,Corporate
ORD-100862,CUST-0068,Akash Joshi,2025-11-15,Central,Chhattisgarh,Raipur,Electronics,Samsung 43-inch Crystal 4K Neo TV,1,32036.45,5.0,30434.63,25592.0,4842.63,15.91,Credit Card,Standard,Delivered,Corporate
ORD-100863,CUST-0176,Priya Singh,2025-11-16,West,Goa,Panaji,Fashion,Manyavar Silk Blend Nehru Jacket,1,3230.57,20.0,2584.46,1535.52,1048.94,40.59,UPI,Standard,Delivered,Consumer
ORD-100864,CUST-0176,Priya Singh,2025-11-16,West,Goa,Panaji,Books & Stationery,Parker Vector Standard CT Rollerball Pen,2,428.23,15.0,727.99,529.2,198.79,27.31,COD,Standard,Delivered,Consumer
ORD-100865,CUST-0232,Kavita Malhotra,2025-11-17,East,Bihar,Gaya,Electronics,Noise ColorFit Pulse 2 Max Smartwatch,2,2338.64,15.0,3975.69,3586.44,389.25,9.79,UPI,Express,Delivered,Consumer
ORD-100866,CUST-0172,Gaurav Choudhury,2025-11-17,East,Assam,Guwahati,Fashion,Zaveri Pearls Gold-Plated Choker Set,1,915.0,0.0,915.0,395.56,519.44,56.77,UPI,Standard,Delivered,Consumer
ORD-100867,CUST-0194,Sanjay Bhat,2025-11-18,East,Jharkhand,Jamshedpur,Sports & Fitness,Cosco Light Tennis Cricket Ball (Pack of 6),1,416.47,5.0,395.65,264.6,131.05,33.12,UPI,Standard,Delivered,Corporate
ORD-100868,CUST-0006,Deepa Patel,2025-11-18,North,Delhi,Delhi,Home & Kitchen,Pigeon Non-Stick Kitchen Induction Cookware Set,1,1666.41,0.0,1666.41,1053.38,613.03,36.79,Credit Card,Standard,Delivered,Consumer
ORD-100869,CUST-0232,Kavita Malhotra,2025-11-19,East,Bihar,Gaya,Electronics,Mi Smart Air Purifier 4,1,13748.19,10.0,12373.37,10919.22,1454.15,11.75,Net Banking,Economy,Delivered,Consumer
ORD-100870,CUST-0014,Aditya Deshmukh,2025-11-19,East,West Bengal,Howrah,Electronics,Mi Smart Air Purifier 4,1,14228.78,5.0,13517.34,10919.22,2598.12,19.22,Credit Card,Economy,Delivered,Consumer
ORD-100871,CUST-0076,Meera Trivedi,2025-11-20,East,Assam,Silchar,Grocery & Gourmet,Cadbury Celebrations Assorted Rich Chocolate Box,1,378.7,0.0,378.7,269.8,108.9,28.76,Debit Card,Express,Delivered,Corporate
ORD-100872,CUST-0232,Kavita Malhotra,2025-11-20,East,Bihar,Gaya,Grocery & Gourmet,India Gate Super Basmati Rice Aged 5kg,2,709.67,0.0,1419.34,1022.4,396.94,27.97,COD,Standard,Delivered,Consumer
ORD-100873,CUST-0142,Vikram Sen,2025-11-21,South,Karnataka,Bengaluru,Fashion,FabIndia Men Handloom Cotton Kurta,1,1908.69,10.0,1717.82,907.2,810.62,47.19,Credit Card,Standard,Returned,Consumer
ORD-100874,CUST-0224,Simran Das,2025-11-21,South,Karnataka,Mangaluru,Electronics,HP 15s Ryzen 5 16GB/512GB SSD Laptop,1,52061.88,20.0,41649.5,42392.0,-742.5,-1.78,COD,Economy,Delivered,Consumer
ORD-100875,CUST-0232,Kavita Malhotra,2025-11-21,East,Bihar,Gaya,Electronics,Boat Rockerz 550 Wireless Headphones,1,1821.16,0.0,1821.16,1385.23,435.93,23.94,COD,Economy,Delivered,Consumer
ORD-100876,CUST-0091,Siddharth Pillai,2025-11-22,South,Karnataka,Mysuru,Fashion,Zaveri Pearls Gold-Plated Choker Set,1,911.99,0.0,911.99,395.56,516.43,56.63,COD,Standard,Delivered,Consumer
ORD-100877,CUST-0233,Prerna Agarwal,2025-11-22,South,Telangana,Warangal,Electronics,Boat Rockerz 550 Wireless Headphones,1,1822.51,25.0,1366.88,1385.23,-18.35,-1.34,Credit Card,Standard,Cancelled,Consumer
ORD-100878,CUST-0065,Aarav Nambiar,2025-11-22,West,Gujarat,Rajkot,Electronics,Mi Smart Air Purifier 4,1,14196.94,5.0,13487.09,10919.22,2567.87,19.04,UPI,Economy,Delivered,Consumer
ORD-100879,CUST-0179,Shreya Singh,2025-11-23,Central,Madhya Pradesh,Indore,Electronics,Realme 20000mAh Power Bank (18W),2,1906.0,20.0,3049.6,2924.46,125.14,4.1,COD,Express,Delivered,Home Office
ORD-100880,CUST-0232,Kavita Malhotra,2025-11-23,East,Bihar,Gaya,Fashion,Allen Solly Men Classic Slim Shirt,1,1709.79,15.0,1453.32,849.5,603.82,41.55,Credit Card,Express,Delivered,Consumer
ORD-100881,CUST-0199,Harsh Malhotra,2025-11-24,West,Gujarat,Rajkot,Home & Kitchen,Solimo Microfibre Double Comforter Blanket,1,1575.16,15.0,1338.89,1023.36,315.53,23.57,UPI,Standard,Delivered,Home Office
ORD-100882,CUST-0097,Simran Nair,2025-11-24,East,Bihar,Muzaffarpur,Electronics,Noise ColorFit Pulse 2 Max Smartwatch,1,2283.78,0.0,2283.78,1793.22,490.56,21.48,UPI,Economy,Delivered,Consumer
ORD-100883,CUST-0232,Kavita Malhotra,2025-11-24,East,Bihar,Gaya,Books & Stationery,Classmate Pulse 6-Subject Spiral Notebooks (Pack of 4),2,299.53,5.0,569.11,394.68,174.43,30.65,UPI,Standard,Delivered,Consumer
ORD-100884,CUST-0147,Harsh Deshmukh,2025-11-24,South,Telangana,Hyderabad,Home & Kitchen,Prestige Iris 750W Mixer Grinder (3 Jars),1,3262.69,5.0,3099.56,2111.36,988.2,31.88,Credit Card,Standard,Delivered,Corporate
ORD-100885,CUST-0219,Bhavna Mehta,2025-11-25,North,Rajasthan,Jaipur,Fashion,Levi's Men 511 Slim Fit Jeans,1,2984.47,25.0,2238.35,1499.5,738.85,33.01,UPI,Standard,Delivered,Corporate
ORD-100886,CUST-0053,Neha Choudhury,2025-11-25,North,Uttar Pradesh,Lucknow,Electronics,HP 15s Ryzen 5 16GB/512GB SSD Laptop,1,52407.0,25.0,39305.25,42392.0,-3086.75,-7.85,Credit Card,Standard,Delivered,Home Office
ORD-100887,CUST-0232,Kavita Malhotra,2025-11-27,East,Bihar,Gaya,Beauty & Personal Care,Plum Green Tea Pore Cleansing Face Wash,1,338.35,5.0,321.43,165.6,155.83,48.48,UPI,Standard,Delivered,Consumer
ORD-100888,CUST-0199,Harsh Malhotra,2025-11-27,West,Gujarat,Rajkot,Home & Kitchen,Solimo Microfibre Double Comforter Blanket,1,1627.71,5.0,1546.32,1023.36,522.96,33.82,UPI,Economy,Delivered,Home Office
ORD-100889,CUST-0235,Alok Bhat,2025-11-28,Central,Chhattisgarh,Raipur,Books & Stationery,Camlin Artist 24 Water Colour Tubes,1,327.44,15.0,278.32,211.2,67.12,24.12,COD,Standard,Delivered,Consumer
ORD-100890,CUST-0026,Mayank Chatterjee,2025-11-28,Central,Madhya Pradesh,Bhopal,Beauty & Personal Care,The Derma Co 1% Hyaluronic Sunscreen Aqua Gel,2,496.95,0.0,993.9,499.0,494.9,49.79,COD,Economy,Delivered,Corporate
ORD-100891,CUST-0232,Kavita Malhotra,2025-11-28,East,Bihar,Gaya,Electronics,Noise ColorFit Pulse 2 Max Smartwatch,1,2305.72,0.0,2305.72,1793.22,512.5,22.23,UPI,Standard,Delivered,Consumer
ORD-100892,CUST-0107,Swati Bose,2025-11-29,Central,Chhattisgarh,Durg,Electronics,Boat Rockerz 550 Wireless Headphones,1,1804.69,15.0,1533.99,1385.23,148.76,9.7,UPI,Standard,Delivered,Consumer
ORD-100893,CUST-0176,Priya Singh,2025-11-29,West,Goa,Panaji,Grocery & Gourmet,India Gate Super Basmati Rice Aged 5kg,2,732.44,15.0,1245.15,1022.4,222.75,17.89,COD,Express,Delivered,Consumer
ORD-100894,CUST-0207,Tushar Joshi,2025-11-30,East,Assam,Guwahati,Home & Kitchen,Milton Thermosteel Flip Lid Hot/Cold Flask 1L,1,950.08,5.0,902.58,597.87,304.71,33.76,Net Banking,Standard,Delivered,Consumer
ORD-100895,CUST-0174,Sneha Banerjee,2025-11-30,South,Karnataka,Mangaluru,Books & Stationery,Parker Vector Standard CT Rollerball Pen,1,417.69,5.0,396.81,264.6,132.21,33.32,COD,Standard,Delivered,Consumer
ORD-100896,CUST-0232,Kavita Malhotra,2025-11-30,East,Bihar,Gaya,Electronics,HP 15s Ryzen 5 16GB/512GB SSD Laptop,1,52512.34,15.0,44635.49,42392.0,2243.49,5.03,COD,Standard,Delivered,Consumer
ORD-100897,CUST-0232,Kavita Malhotra,2025-12-01,East,Bihar,Gaya,Home & Kitchen,Bajaj New Shakti Neo 15L Storage Water Geyser,2,5880.76,15.0,9997.29,7786.68,2210.61,22.11,UPI,Express,Delivered,Consumer
ORD-100898,CUST-0233,Prerna Agarwal,2025-12-01,South,Telangana,Warangal,Home & Kitchen,Hawkins Contura Hard Anodised Pressure Cooker 3L,1,1866.85,0.0,1866.85,1165.5,701.35,37.57,UPI,Standard,Delivered,Consumer
ORD-100899,CUST-0232,Kavita Malhotra,2025-12-02,East,Bihar,Gaya,Beauty & Personal Care,mCaffeine Naked & Raw Coffee Body Scrub,1,406.19,10.0,365.57,187.53,178.04,48.7,UPI,Standard,Cancelled,Consumer
ORD-100900,CUST-0096,Meera Reddy,2025-12-03,West,Maharashtra,Nashik,Sports & Fitness,Decathlon Domyos Training Resistance Band 15kg,1,496.76,0.0,496.76,304.39,192.37,38.72,COD,Standard,Delivered,Consumer
ORD-100901,CUST-0120,Tushar Nambiar,2025-12-03,Central,Madhya Pradesh,Indore,Electronics,Mi Smart Air Purifier 4,1,13844.81,20.0,11075.85,10919.22,156.63,1.41,COD,Express,Delivered,Consumer
ORD-100902,CUST-0098,Arjun Nambiar,2025-12-03,East,Assam,Silchar,Grocery & Gourmet,Nutraj Special California Raw Whole Almonds 500g,1,472.95,0.0,472.95,336.0,136.95,28.96,UPI,Standard,Delivered,Consumer
ORD-100903,CUST-0006,Deepa Patel,2025-12-04,North,Delhi,Delhi,Fashion,Zaveri Pearls Gold-Plated Choker Set,2,892.75,15.0,1517.67,791.12,726.55,47.87,UPI,Standard,Delayed,Consumer
ORD-100904,CUST-0065,Aarav Nambiar,2025-12-04,West,Gujarat,Rajkot,Grocery & Gourmet,Tata Tea Gold Premium Black Tea 1kg,1,548.59,5.0,521.16,378.0,143.16,27.47,UPI,Economy,Delivered,Consumer
ORD-100905,CUST-0232,Kavita Malhotra,2025-12-05,East,Bihar,Gaya,Fashion,Zaveri Pearls Gold-Plated Choker Set,3,892.85,0.0,2678.55,1186.68,1491.87,55.7,Wallet,Standard,Returned,Consumer
ORD-100906,CUST-0233,Prerna Agarwal,2025-12-05,South,Telangana,Warangal,Electronics,Realme 20000mAh Power Bank (18W),1,1900.86,40.0,1140.52,1462.23,-321.71,-28.21,Debit Card,Express,Returned,Consumer
ORD-100907,CUST-0232,Kavita Malhotra,2025-12-05,East,Bihar,Gaya,Electronics,Noise ColorFit Pulse 2 Max Smartwatch,1,2331.79,10.0,2098.61,1793.22,305.39,14.55,COD,Express,Delivered,Consumer
ORD-100908,CUST-0199,Harsh Malhotra,2025-12-06,West,Gujarat,Rajkot,Fashion,W for Woman Floral Rayon Kurti,1,1373.51,20.0,1098.81,629.55,469.26,42.71,UPI,Standard,Delivered,Home Office
ORD-100909,CUST-0219,Bhavna Mehta,2025-12-06,North,Rajasthan,Jaipur,Grocery & Gourmet,India Gate Super Basmati Rice Aged 5kg,1,720.45,5.0,684.43,511.2,173.23,25.31,COD,Standard,Delivered,Corporate
ORD-100910,CUST-0254,Varun Menon,2025-12-07,Central,Chhattisgarh,Raipur,Fashion,Manyavar Silk Blend Nehru Jacket,2,3138.94,5.0,5963.99,3071.04,2892.95,48.51,Credit Card,Express,Delivered,Consumer
ORD-100911,CUST-0014,Aditya Deshmukh,2025-12-07,East,West Bengal,Howrah,Books & Stationery,The Psychology of Money by Morgan Housel,5,383.64,5.0,1822.29,1235.0,587.29,32.23,UPI,Standard,Delivered,Consumer
ORD-100912,CUST-0232,Kavita Malhotra,2025-12-07,East,Bihar,Gaya,Books & Stationery,The Psychology of Money by Morgan Housel,1,387.59,10.0,348.83,247.0,101.83,29.19,COD,Express,Delivered,Consumer
ORD-100913,CUST-0059,Prerna Menon,2025-12-07,North,Delhi,New Delhi,Fashion,Levi's Men 511 Slim Fit Jeans,2,3035.75,0.0,6071.5,2999.0,3072.5,50.61,UPI,Express,Delivered,Consumer
ORD-100914,CUST-0006,Deepa Patel,2025-12-08,North,Delhi,Delhi,Home & Kitchen,Hawkins Contura Hard Anodised Pressure Cooker 3L,1,1839.7,15.0,1563.74,1165.5,398.24,25.47,Credit Card,Express,Delivered,Consumer
ORD-100915,CUST-0276,Priya Agarwal,2025-12-08,North,Punjab,Ludhiana,Sports & Fitness,Strauss TPE Anti-Skid Yoga Mat 6mm with Bag,1,896.6,5.0,851.77,566.37,285.4,33.51,COD,Standard,Delivered,Consumer
ORD-100916,CUST-0065,Aarav Nambiar,2025-12-09,West,Gujarat,Rajkot,Beauty & Personal Care,Plum Green Tea Pore Cleansing Face Wash,1,338.36,15.0,287.61,165.6,122.01,42.42,Net Banking,Standard,Delivered,Consumer
ORD-100917,CUST-0232,Kavita Malhotra,2025-12-09,East,Bihar,Gaya,Books & Stationery,Indian Polity 6th Edition by M. Laxmikanth,2,764.8,0.0,1529.6,1033.6,496.0,32.43,UPI,Standard,Delivered,Consumer
ORD-100918,CUST-0142,Vikram Sen,2025-12-09,South,Karnataka,Bengaluru,Grocery & Gourmet,Cadbury Celebrations Assorted Rich Chocolate Box,1,377.82,5.0,358.93,269.8,89.13,24.83,UPI,Economy,Cancelled,Consumer
ORD-100919,CUST-0207,Tushar Joshi,2025-12-09,East,Assam,Guwahati,Electronics,Boat Rockerz 550 Wireless Headphones,1,1814.98,15.0,1542.73,1385.23,157.5,10.21,UPI,Standard,Delayed,Consumer
ORD-100920,CUST-0176,Priya Singh,2025-12-12,West,Goa,Panaji,Grocery & Gourmet,Nutraj Special California Raw Whole Almonds 500g,2,480.14,5.0,912.27,672.0,240.27,26.34,UPI,Express,Delivered,Consumer
ORD-100921,CUST-0207,Tushar Joshi,2025-12-12,East,Assam,Guwahati,Electronics,OnePlus Nord CE 5G (128GB),1,20368.31,10.0,18331.48,15799.21,2532.27,13.81,COD,Express,Delivered,Consumer
ORD-100922,CUST-0232,Kavita Malhotra,2025-12-13,East,Bihar,Gaya,Fashion,Zaveri Pearls Gold-Plated Choker Set,2,882.4,10.0,1588.32,791.12,797.2,50.19,COD,Standard,Delivered,Consumer
ORD-100923,CUST-0091,Siddharth Pillai,2025-12-13,South,Karnataka,Mysuru,Electronics,Noise ColorFit Pulse 2 Max Smartwatch,1,2315.28,15.0,1967.99,1793.22,174.77,8.88,COD,Standard,Delivered,Consumer
ORD-100924,CUST-0233,Prerna Agarwal,2025-12-13,South,Telangana,Warangal,Sports & Fitness,Yonex Nanoray 7000I G4 Graphite Badminton Racquet,1,1994.95,5.0,1895.2,1279.36,615.84,32.49,UPI,Standard,Delivered,Consumer
ORD-100925,CUST-0035,Akash Singh,2025-12-14,East,Bihar,Muzaffarpur,Home & Kitchen,Wakefit Memory Foam Sleeping Pillow (Pack of 2),1,997.42,0.0,997.42,649.35,348.07,34.9,Net Banking,Standard,Delivered,Home Office
ORD-100926,CUST-0232,Kavita Malhotra,2025-12-14,East,Bihar,Gaya,Electronics,Noise ColorFit Pulse 2 Max Smartwatch,1,2312.4,20.0,1849.92,1793.22,56.7,3.06,Credit Card,Standard,Delivered,Consumer
ORD-100927,CUST-0232,Kavita Malhotra,2025-12-16,East,Bihar,Gaya,Books & Stationery,The Psychology of Money by Morgan Housel,3,383.64,5.0,1093.37,741.0,352.37,32.23,COD,Standard,Delivered,Consumer
ORD-100928,CUST-0059,Prerna Menon,2025-12-16,North,Delhi,New Delhi,Electronics,Noise ColorFit Pulse 2 Max Smartwatch,1,2304.14,10.0,2073.73,1793.22,280.51,13.53,UPI,Standard,Delivered,Consumer
ORD-100929,CUST-0113,Prerna Gupta,2025-12-16,North,Uttar Pradesh,Lucknow,Beauty & Personal Care,Minimalist 10% Niacinamide Face Serum,1,604.55,5.0,574.32,299.5,274.82,47.85,UPI,Standard,Delivered,Home Office
ORD-100930,CUST-0062,Shreya Choudhury,2025-12-17,West,Maharashtra,Nagpur,Home & Kitchen,Solimo Microfibre Double Comforter Blanket,1,1586.38,10.0,1427.74,1023.36,404.38,28.32,UPI,Economy,Delivered,Consumer
ORD-100931,CUST-0138,Riya Verma,2025-12-17,West,Maharashtra,Nashik,Beauty & Personal Care,Biotique Morning Nectar Flawless Skin Lotion,1,302.49,10.0,272.24,143.52,128.72,47.28,UPI,Express,Delivered,Corporate
ORD-100932,CUST-0016,Ishita Choudhury,2025-12-18,South,Kerala,Kochi,Sports & Fitness,Strauss TPE Anti-Skid Yoga Mat 6mm with Bag,1,887.49,10.0,798.74,566.37,232.37,29.09,COD,Standard,Delivered,Consumer
ORD-100933,CUST-0176,Priya Singh,2025-12-18,West,Goa,Panaji,Beauty & Personal Care,The Derma Co 1% Hyaluronic Sunscreen Aqua Gel,1,490.22,0.0,490.22,249.5,240.72,49.1,Net Banking,Standard,Delivered,Consumer
ORD-100934,CUST-0255,Karthik Sen,2025-12-18,West,Goa,Panaji,Beauty & Personal Care,WOW Skin Science Apple Cider Vinegar Shampoo,1,448.66,10.0,403.79,220.01,183.78,45.51,UPI,Economy,Delivered,Consumer
ORD-100935,CUST-0127,Nikhil Mukherjee,2025-12-18,Central,Chhattisgarh,Bilaspur,Fashion,W for Woman Floral Rayon Kurti,1,1372.81,5.0,1304.17,629.55,674.62,51.73,Debit Card,Standard,Cancelled,Corporate
ORD-100936,CUST-0232,Kavita Malhotra,2025-12-18,East,Bihar,Gaya,Electronics,SanDisk Ultra 128GB MicroSD Card,1,911.88,10.0,820.69,683.24,137.45,16.75,UPI,Express,Delivered,Consumer
ORD-100937,CUST-0232,Kavita Malhotra,2025-12-19,East,Bihar,Gaya,Books & Stationery,Ikigai: Japanese Secret to Long and Happy Life,4,406.17,20.0,1299.74,1037.4,262.34,20.18,UPI,Economy,Delayed,Consumer
ORD-100938,CUST-0232,Kavita Malhotra,2025-12-19,East,Bihar,Gaya,Fashion,Allen Solly Men Classic Slim Shirt,1,1702.19,0.0,1702.19,849.5,852.69,50.09,UPI,Economy,Returned,Consumer
ORD-100939,CUST-0232,Kavita Malhotra,2025-12-20,East,Bihar,Gaya,Electronics,SanDisk Ultra 128GB MicroSD Card,1,910.9,15.0,774.26,683.24,91.02,11.76,UPI,Standard,Delivered,Consumer
ORD-100940,CUST-0232,Kavita Malhotra,2025-12-20,East,Bihar,Gaya,Sports & Fitness,Nivia Storm Football Size 5 Rubber,1,492.48,25.0,369.36,309.38,59.98,16.24,UPI,Standard,Delivered,Consumer
ORD-100941,CUST-0241,Rajesh Iyer,2025-12-20,West,Gujarat,Vadodara,Fashion,W for Woman Floral Rayon Kurti,1,1379.9,25.0,1034.93,629.55,405.38,39.17,UPI,Economy,Delivered,Home Office
ORD-100942,CUST-0200,Jyoti Nambiar,2025-12-20,West,Maharashtra,Nashik,Fashion,Allen Solly Men Classic Slim Shirt,2,1682.2,20.0,2691.52,1699.0,992.52,36.88,Debit Card,Standard,Returned,Corporate
ORD-100943,CUST-0068,Akash Joshi,2025-12-20,Central,Chhattisgarh,Raipur,Beauty & Personal Care,Biotique Morning Nectar Flawless Skin Lotion,3,294.58,10.0,795.37,430.56,364.81,45.87,UPI,Economy,Delivered,Corporate
ORD-100944,CUST-0233,Prerna Agarwal,2025-12-20,South,Telangana,Warangal,Beauty & Personal Care,Forest Essentials Soundarya Radiance Cream,1,2584.93,20.0,2067.94,1184.5,883.44,42.72,COD,Standard,Delivered,Consumer
ORD-100945,CUST-0239,Meera Saxena,2025-12-23,West,Maharashtra,Pune,Sports & Fitness,Cosco Light Tennis Cricket Ball (Pack of 6),1,427.01,10.0,384.31,264.6,119.71,31.15,Credit Card,Express,Delivered,Corporate
ORD-100946,CUST-0222,Karthik Trivedi,2025-12-23,West,Maharashtra,Pune,Electronics,SanDisk Ultra 128GB MicroSD Card,2,905.33,40.0,1086.4,1366.48,-280.08,-25.78,UPI,Express,Delivered,Consumer
ORD-100947,CUST-0232,Kavita Malhotra,2025-12-24,East,Bihar,Gaya,Fashion,Manyavar Silk Blend Nehru Jacket,1,3245.15,10.0,2920.64,1535.52,1385.12,47.43,UPI,Economy,Delayed,Consumer
ORD-100948,CUST-0047,Kunal Verma,2025-12-25,South,Karnataka,Mangaluru,Sports & Fitness,Cultsport Smart Magnetic Spin Exercise Bike,1,13085.24,0.0,13085.24,8709.33,4375.91,33.44,COD,Express,Delivered,Consumer
ORD-100949,CUST-0233,Prerna Agarwal,2025-12-25,South,Telangana,Warangal,Home & Kitchen,Pigeon Non-Stick Kitchen Induction Cookware Set,1,1713.06,10.0,1541.75,1053.38,488.37,31.68,UPI,Express,Delivered,Consumer
ORD-100950,CUST-0232,Kavita Malhotra,2025-12-26,East,Bihar,Gaya,Electronics,Mi Smart Air Purifier 4,1,13868.71,15.0,11788.4,10919.22,869.18,7.37,Credit Card,Express,Delivered,Consumer
ORD-100951,CUST-0241,Rajesh Iyer,2025-12-26,West,Gujarat,Vadodara,Sports & Fitness,Yonex Nanoray 7000I G4 Graphite Badminton Racquet,1,1968.8,30.0,1378.16,1279.36,98.8,7.17,Credit Card,Standard,Delivered,Home Office
ORD-100952,CUST-0089,Siddharth Iyer,2025-12-26,South,Kerala,Kochi,Grocery & Gourmet,Nutraj Special California Raw Whole Almonds 500g,1,485.14,15.0,412.37,336.0,76.37,18.52,Debit Card,Economy,Delivered,Home Office
ORD-100953,CUST-0090,Priya Pillai,2025-12-27,East,Assam,Guwahati,Beauty & Personal Care,The Derma Co 1% Hyaluronic Sunscreen Aqua Gel,1,497.45,5.0,472.58,249.5,223.08,47.2,UPI,Express,Delivered,Consumer
ORD-100954,CUST-0232,Kavita Malhotra,2025-12-27,East,Bihar,Gaya,Fashion,Levi's Men 511 Slim Fit Jeans,2,2944.84,15.0,5006.23,2999.0,2007.23,40.09,UPI,Express,Returned,Consumer
ORD-100955,CUST-0232,Kavita Malhotra,2025-12-27,East,Bihar,Gaya,Fashion,W for Woman Floral Rayon Kurti,1,1391.02,30.0,973.71,629.55,344.16,35.35,COD,Standard,Delayed,Consumer
ORD-100956,CUST-0232,Kavita Malhotra,2025-12-28,East,Bihar,Gaya,Electronics,Noise ColorFit Pulse 2 Max Smartwatch,1,2321.37,0.0,2321.37,1793.22,528.15,22.75,UPI,Express,Delivered,Consumer
ORD-100957,CUST-0142,Vikram Sen,2025-12-29,South,Karnataka,Bengaluru,Home & Kitchen,Bajaj New Shakti Neo 15L Storage Water Geyser,1,5884.84,10.0,5296.36,3893.34,1403.02,26.49,Debit Card,Same-Day,Delivered,Consumer
ORD-100958,CUST-0286,Riya Deshmukh,2025-12-29,North,Haryana,Faridabad,Beauty & Personal Care,Plum Green Tea Pore Cleansing Face Wash,2,348.24,10.0,626.83,331.2,295.63,47.16,UPI,Standard,Delivered,Consumer
ORD-100959,CUST-0015,Swati Reddy,2025-12-29,North,Punjab,Ludhiana,Beauty & Personal Care,Mamaearth Onion Hair Fall Control Oil 250ml,1,490.21,40.0,294.13,244.51,49.62,16.87,UPI,Express,Delivered,Consumer
ORD-100960,CUST-0067,Divya Mukherjee,2025-12-30,North,Rajasthan,Jodhpur,Books & Stationery,Camlin Artist 24 Water Colour Tubes,1,328.81,15.0,279.49,211.2,68.29,24.43,UPI,Economy,Delivered,Consumer
ORD-100961,CUST-0146,Aditya Rao,2025-12-30,Central,Chhattisgarh,Raipur,Home & Kitchen,Wakefit Memory Foam Sleeping Pillow (Pack of 2),2,1017.1,10.0,1830.78,1298.7,532.08,29.06,UPI,Economy,Delivered,Consumer
ORD-100962,CUST-0176,Priya Singh,2025-12-30,West,Goa,Panaji,Books & Stationery,Indian Polity 6th Edition by M. Laxmikanth,4,748.29,30.0,2095.21,2067.2,28.01,1.34,UPI,Standard,Delivered,Consumer
ORD-100963,CUST-0186,Vikram Choudhury,2025-12-30,South,Tamil Nadu,Coimbatore,Sports & Fitness,Cosco Light Tennis Cricket Ball (Pack of 6),1,422.41,25.0,316.81,264.6,52.21,16.48,Credit Card,Standard,Delivered,Corporate
ORD-100964,CUST-0014,Aditya Deshmukh,2025-12-31,East,West Bengal,Howrah,Grocery & Gourmet,Nutraj Special California Raw Whole Almonds 500g,4,488.45,5.0,1856.11,1344.0,512.11,27.59,Credit Card,Standard,Delayed,Consumer
ORD-100965,CUST-0120,Tushar Nambiar,2025-12-31,Central,Madhya Pradesh,Indore,Fashion,Biba Women Printed Anarkali Suit Set,2,3446.03,0.0,6892.06,3219.08,3672.98,53.29,UPI,Express,Delivered,Consumer
ORD-100966,CUST-0232,Kavita Malhotra,2026-01-01,East,Bihar,Gaya,Electronics,Boat Rockerz 550 Wireless Headphones,1,1764.04,20.0,1411.23,1385.23,26.0,1.84,COD,Express,Delivered,Consumer
ORD-100967,CUST-0147,Harsh Deshmukh,2026-01-02,South,Telangana,Hyderabad,Home & Kitchen,Pigeon Non-Stick Kitchen Induction Cookware Set,1,1707.25,0.0,1707.25,1053.38,653.87,38.3,Debit Card,Same-Day,Delivered,Corporate
ORD-100968,CUST-0232,Kavita Malhotra,2026-01-02,East,Bihar,Gaya,Electronics,Boat Rockerz 550 Wireless Headphones,1,1827.94,0.0,1827.94,1385.23,442.71,24.22,Credit Card,Standard,Delivered,Consumer
ORD-100969,CUST-0276,Priya Agarwal,2026-01-03,North,Punjab,Ludhiana,Fashion,Levi's Men 511 Slim Fit Jeans,1,3014.11,10.0,2712.7,1499.5,1213.2,44.72,Debit Card,Express,Returned,Consumer
ORD-100970,CUST-0282,Pooja Choudhury,2026-01-03,Central,Madhya Pradesh,Jabalpur,Home & Kitchen,Pigeon Non-Stick Kitchen Induction Cookware Set,1,1690.32,5.0,1605.8,1053.38,552.42,34.4,UPI,Express,Returned,Consumer
ORD-100971,CUST-0195,Alok Gupta,2026-01-03,South,Andhra Pradesh,Visakhapatnam,Electronics,SanDisk Ultra 128GB MicroSD Card,1,901.48,5.0,856.41,683.24,173.17,20.22,UPI,Express,Delivered,Consumer
ORD-100972,CUST-0147,Harsh Deshmukh,2026-01-04,South,Telangana,Hyderabad,Sports & Fitness,Yonex Nanoray 7000I G4 Graphite Badminton Racquet,2,2018.54,20.0,3229.66,2558.72,670.94,20.77,UPI,Same-Day,Cancelled,Corporate
ORD-100973,CUST-0232,Kavita Malhotra,2026-01-05,East,Bihar,Gaya,Electronics,Noise ColorFit Pulse 2 Max Smartwatch,1,2321.03,20.0,1856.82,1793.22,63.6,3.43,UPI,Standard,Delivered,Consumer
ORD-100974,CUST-0073,Vivek Mehta,2026-01-05,East,Odisha,Rourkela,Grocery & Gourmet,Cadbury Celebrations Assorted Rich Chocolate Box,3,387.42,0.0,1162.26,809.4,352.86,30.36,Credit Card,Standard,Delivered,Consumer
ORD-100975,CUST-0063,Swati Gupta,2026-01-06,South,Tamil Nadu,Madurai,Sports & Fitness,Boldfit Adjustable PVC Dumbbell Set 10kg,4,1874.74,0.0,7498.96,4861.44,2637.52,35.17,UPI,Economy,Delivered,Corporate
ORD-100976,CUST-0232,Kavita Malhotra,2026-01-07,East,Bihar,Gaya,Electronics,Boat Rockerz 550 Wireless Headphones,1,1793.78,25.0,1345.34,1385.23,-39.89,-2.97,UPI,Standard,Delivered,Consumer
ORD-100977,CUST-0091,Siddharth Pillai,2026-01-08,South,Karnataka,Mysuru,Home & Kitchen,Hawkins Contura Hard Anodised Pressure Cooker 3L,2,1833.07,5.0,3482.83,2331.0,1151.83,33.07,COD,Express,Delivered,Consumer
ORD-100978,CUST-0173,Karthik Agarwal,2026-01-08,West,Goa,Panaji,Fashion,Manyavar Silk Blend Nehru Jacket,1,3219.17,20.0,2575.34,1535.52,1039.82,40.38,Debit Card,Express,Delivered,Consumer
ORD-100979,CUST-0284,Pallavi Sharma,2026-01-09,South,Telangana,Hyderabad,Home & Kitchen,Pigeon Non-Stick Kitchen Induction Cookware Set,1,1710.62,0.0,1710.62,1053.38,657.24,38.42,Credit Card,Standard,Delivered,Consumer
ORD-100980,CUST-0266,Komal Bhat,2026-01-09,North,Punjab,Chandigarh,Beauty & Personal Care,Mamaearth Onion Hair Fall Control Oil 250ml,1,495.35,30.0,346.75,244.51,102.24,29.49,UPI,Standard,Delivered,Corporate
ORD-100981,CUST-0275,Priya Chatterjee,2026-01-10,North,Haryana,Faridabad,Books & Stationery,Parker Vector Standard CT Rollerball Pen,5,421.34,0.0,2106.7,1323.0,783.7,37.2,COD,Standard,Delivered,Consumer
ORD-100982,CUST-0232,Kavita Malhotra,2026-01-10,East,Bihar,Gaya,Grocery & Gourmet,Tata Tea Gold Premium Black Tea 1kg,1,529.94,20.0,423.95,378.0,45.95,10.84,Debit Card,Standard,Delivered,Consumer
ORD-100983,CUST-0232,Kavita Malhotra,2026-01-10,East,Bihar,Gaya,Beauty & Personal Care,The Derma Co 1% Hyaluronic Sunscreen Aqua Gel,1,495.48,15.0,421.16,249.5,171.66,40.76,COD,Standard,Delivered,Consumer
ORD-100984,CUST-0091,Siddharth Pillai,2026-01-11,South,Karnataka,Mysuru,Grocery & Gourmet,Nutraj Special California Raw Whole Almonds 500g,2,475.12,25.0,712.68,672.0,40.68,5.71,Credit Card,Express,Delivered,Consumer
ORD-100985,CUST-0219,Bhavna Mehta,2026-01-12,North,Rajasthan,Jaipur,Grocery & Gourmet,India Gate Super Basmati Rice Aged 5kg,1,709.84,15.0,603.36,511.2,92.16,15.27,COD,Standard,Delayed,Corporate
ORD-100986,CUST-0083,Deepa Nair,2026-01-12,East,Bihar,Muzaffarpur,Electronics,Samsung 43-inch Crystal 4K Neo TV,1,31410.85,15.0,26699.22,25592.0,1107.22,4.15,UPI,Economy,Delivered,Consumer
ORD-100987,CUST-0233,Prerna Agarwal,2026-01-12,South,Telangana,Warangal,Fashion,Puma Smashic Unisex White Sneakers,2,3266.54,5.0,6206.43,3364.98,2841.45,45.78,COD,Standard,Delivered,Consumer
ORD-100988,CUST-0232,Kavita Malhotra,2026-01-12,East,Bihar,Gaya,Fashion,Biba Women Printed Anarkali Suit Set,1,3434.46,15.0,2919.29,1609.54,1309.75,44.87,Net Banking,Standard,Delivered,Consumer
ORD-100989,CUST-0233,Prerna Agarwal,2026-01-13,South,Telangana,Warangal,Books & Stationery,Classmate Pulse 6-Subject Spiral Notebooks (Pack of 4),5,298.68,20.0,1194.72,986.7,208.02,17.41,COD,Standard,Delivered,Consumer
ORD-100990,CUST-0192,Rohan Gupta,2026-01-13,East,Jharkhand,Jamshedpur,Electronics,Samsung 43-inch Crystal 4K Neo TV,2,32285.86,15.0,54885.96,51184.0,3701.96,6.74,UPI,Standard,Returned,Home Office
ORD-100991,CUST-0154,Vivek Nair,2026-01-14,West,Gujarat,Vadodara,Sports & Fitness,Strauss TPE Anti-Skid Yoga Mat 6mm with Bag,1,905.63,0.0,905.63,566.37,339.26,37.46,COD,Standard,Delivered,Consumer
ORD-100992,CUST-0147,Harsh Deshmukh,2026-01-14,South,Telangana,Hyderabad,Grocery & Gourmet,India Gate Super Basmati Rice Aged 5kg,1,729.4,5.0,692.93,511.2,181.73,26.23,Debit Card,Economy,Delivered,Corporate
ORD-100993,CUST-0232,Kavita Malhotra,2026-01-14,East,Bihar,Gaya,Home & Kitchen,Prestige Iris 750W Mixer Grinder (3 Jars),1,3253.82,10.0,2928.44,2111.36,817.08,27.9,COD,Economy,Delivered,Consumer
ORD-100994,CUST-0232,Kavita Malhotra,2026-01-15,East,Bihar,Gaya,Home & Kitchen,Bajaj New Shakti Neo 15L Storage Water Geyser,2,5969.97,10.0,10745.95,7786.68,2959.27,27.54,UPI,Standard,Delivered,Consumer
ORD-100995,CUST-0281,Vivek Nambiar,2026-01-15,West,Gujarat,Vadodara,Beauty & Personal Care,WOW Skin Science Apple Cider Vinegar Shampoo,2,443.35,30.0,620.69,440.02,180.67,29.11,UPI,Standard,Delivered,Home Office
ORD-100996,CUST-0113,Prerna Gupta,2026-01-16,North,Uttar Pradesh,Lucknow,Electronics,Noise ColorFit Pulse 2 Max Smartwatch,1,2342.03,5.0,2224.93,1793.22,431.71,19.4,UPI,Standard,Delivered,Home Office
ORD-100997,CUST-0148,Bhavna Bose,2026-01-16,West,Maharashtra,Nagpur,Electronics,Noise ColorFit Pulse 2 Max Smartwatch,1,2339.19,0.0,2339.19,1793.22,545.97,23.34,Debit Card,Standard,Delivered,Consumer
ORD-100998,CUST-0254,Varun Menon,2026-01-18,Central,Chhattisgarh,Raipur,Electronics,OnePlus Nord CE 5G (128GB),1,19651.12,10.0,17686.01,15799.21,1886.8,10.67,UPI,Standard,Delivered,Consumer
ORD-100999,CUST-0199,Harsh Malhotra,2026-01-18,West,Gujarat,Rajkot,Sports & Fitness,Cosco Light Tennis Cricket Ball (Pack of 6),2,426.19,5.0,809.76,529.2,280.56,34.65,UPI,Standard,Delivered,Home Office
ORD-101000,CUST-0176,Priya Singh,2026-01-19,West,Goa,Panaji,Beauty & Personal Care,Biotique Morning Nectar Flawless Skin Lotion,1,296.77,10.0,267.09,143.52,123.57,46.27,Credit Card,Economy,Delivered,Consumer
ORD-101001,CUST-0097,Simran Nair,2026-01-19,East,Bihar,Muzaffarpur,Beauty & Personal Care,Minimalist 10% Niacinamide Face Serum,1,610.75,10.0,549.68,299.5,250.18,45.51,Net Banking,Express,Delivered,Consumer
ORD-101002,CUST-0232,Kavita Malhotra,2026-01-20,East,Bihar,Gaya,Fashion,Manyavar Silk Blend Nehru Jacket,1,3248.03,30.0,2273.62,1535.52,738.1,32.46,UPI,Economy,Delivered,Consumer
ORD-101003,CUST-0232,Kavita Malhotra,2026-01-20,East,Bihar,Gaya,Grocery & Gourmet,Disano Extra Virgin Cold Pressed Olive Oil 1L,2,998.55,25.0,1497.82,1378.62,119.2,7.96,COD,Standard,Delivered,Consumer
ORD-101004,CUST-0232,Kavita Malhotra,2026-01-20,East,Bihar,Gaya,Electronics,OnePlus Nord CE 5G (128GB),2,20139.36,0.0,40278.72,31598.42,8680.3,21.55,Net Banking,Standard,Delivered,Consumer
ORD-101005,CUST-0232,Kavita Malhotra,2026-01-21,East,Bihar,Gaya,Fashion,Biba Women Printed Anarkali Suit Set,1,3535.74,5.0,3358.95,1609.54,1749.41,52.08,Credit Card,Standard,Returned,Consumer
ORD-101006,CUST-0233,Prerna Agarwal,2026-01-21,South,Telangana,Warangal,Beauty & Personal Care,Mamaearth Onion Hair Fall Control Oil 250ml,1,502.68,5.0,477.55,244.51,233.04,48.8,Credit Card,Standard,Delivered,Consumer
ORD-101007,CUST-0007,Neha Nair,2026-01-21,South,Karnataka,Mysuru,Electronics,Realme 20000mAh Power Bank (18W),3,1909.24,25.0,4295.79,4386.69,-90.9,-2.12,UPI,Standard,Delivered,Consumer
ORD-101008,CUST-0232,Kavita Malhotra,2026-01-22,East,Bihar,Gaya,Electronics,Samsung 43-inch Crystal 4K Neo TV,1,31733.24,30.0,22213.27,25592.0,-3378.73,-15.21,Net Banking,Standard,Delivered,Consumer
ORD-101009,CUST-0213,Ishita Bhat,2026-01-23,Central,Madhya Pradesh,Indore,Fashion,Levi's Men 511 Slim Fit Jeans,2,2986.19,20.0,4777.9,2999.0,1778.9,37.23,UPI,Standard,Delivered,Corporate
ORD-101010,CUST-0165,Tushar Trivedi,2026-01-23,North,Punjab,Ludhiana,Home & Kitchen,Milton Thermosteel Flip Lid Hot/Cold Flask 1L,1,943.85,0.0,943.85,597.87,345.98,36.66,Credit Card,Standard,Delivered,Consumer
ORD-101011,CUST-0232,Kavita Malhotra,2026-01-23,East,Bihar,Gaya,Home & Kitchen,Solimo Microfibre Double Comforter Blanket,1,1592.12,5.0,1512.51,1023.36,489.15,32.34,COD,Standard,Delayed,Consumer
ORD-101012,CUST-0106,Ananya Das,2026-01-24,West,Gujarat,Rajkot,Beauty & Personal Care,The Derma Co 1% Hyaluronic Sunscreen Aqua Gel,2,497.04,20.0,795.26,499.0,296.26,37.25,UPI,Economy,Delivered,Consumer
ORD-101013,CUST-0232,Kavita Malhotra,2026-01-24,East,Bihar,Gaya,Fashion,Biba Women Printed Anarkali Suit Set,1,3567.3,20.0,2853.84,1609.54,1244.3,43.6,Debit Card,Express,Delivered,Consumer
ORD-101014,CUST-0170,Rohan Trivedi,2026-01-24,South,Kerala,Thiruvananthapuram,Fashion,Allen Solly Men Classic Slim Shirt,1,1701.87,25.0,1276.4,849.5,426.9,33.45,Net Banking,Express,Returned,Consumer
ORD-101015,CUST-0219,Bhavna Mehta,2026-01-25,North,Rajasthan,Jaipur,Books & Stationery,The Psychology of Money by Morgan Housel,2,382.88,30.0,536.03,494.0,42.03,7.84,COD,Express,Delivered,Corporate
ORD-101016,CUST-0251,Pallavi Deshmukh,2026-01-25,North,Delhi,Delhi,Books & Stationery,Classmate Pulse 6-Subject Spiral Notebooks (Pack of 4),2,294.36,10.0,529.85,394.68,135.17,25.51,Debit Card,Economy,Delivered,Consumer
ORD-101017,CUST-0219,Bhavna Mehta,2026-01-25,North,Rajasthan,Jaipur,Home & Kitchen,Prestige Iris 750W Mixer Grinder (3 Jars),3,3279.9,0.0,9839.7,6334.08,3505.62,35.63,COD,Standard,Delivered,Corporate
ORD-101018,CUST-0175,Divya Trivedi,2026-01-26,East,West Bengal,Kolkata,Beauty & Personal Care,Mamaearth Onion Hair Fall Control Oil 250ml,1,507.61,5.0,482.23,244.51,237.72,49.3,UPI,Same-Day,Delivered,Corporate
ORD-101019,CUST-0115,Meera Singh,2026-01-26,East,West Bengal,Kolkata,Grocery & Gourmet,Fortune Sunlite Refined Sunflower Oil 5L Can,3,773.25,10.0,2087.78,1641.6,446.18,21.37,Debit Card,Standard,Delivered,Corporate
ORD-101020,CUST-0210,Jyoti Trivedi,2026-01-26,North,Haryana,Gurugram,Beauty & Personal Care,The Derma Co 1% Hyaluronic Sunscreen Aqua Gel,1,495.74,5.0,470.95,249.5,221.45,47.02,Credit Card,Economy,Delivered,Consumer
ORD-101021,CUST-0207,Tushar Joshi,2026-01-26,East,Assam,Guwahati,Electronics,SanDisk Ultra 128GB MicroSD Card,1,909.18,5.0,863.72,683.24,180.48,20.9,UPI,Standard,Delivered,Consumer
ORD-101022,CUST-0147,Harsh Deshmukh,2026-01-27,South,Telangana,Hyderabad,Home & Kitchen,Prestige Iris 750W Mixer Grinder (3 Jars),2,3277.76,10.0,5899.97,4222.72,1677.25,28.43,UPI,Same-Day,Delivered,Corporate
ORD-101023,CUST-0199,Harsh Malhotra,2026-01-27,West,Gujarat,Rajkot,Fashion,Biba Women Printed Anarkali Suit Set,1,3435.04,0.0,3435.04,1609.54,1825.5,53.14,COD,Standard,Delivered,Home Office
ORD-101024,CUST-0232,Kavita Malhotra,2026-01-27,East,Bihar,Gaya,Grocery & Gourmet,Cadbury Celebrations Assorted Rich Chocolate Box,2,383.97,10.0,691.15,539.6,151.55,21.93,UPI,Standard,Delivered,Consumer
ORD-101025,CUST-0223,Preeti Deshmukh,2026-01-27,South,Andhra Pradesh,Visakhapatnam,Fashion,Manyavar Silk Blend Nehru Jacket,1,3178.19,0.0,3178.19,1535.52,1642.67,51.69,UPI,Express,Delivered,Consumer
ORD-101026,CUST-0050,Deepa Trivedi,2026-01-27,East,Jharkhand,Ranchi,Fashion,FabIndia Men Handloom Cotton Kurta,1,1866.42,25.0,1399.82,907.2,492.62,35.19,COD,Standard,Delivered,Consumer
ORD-101027,CUST-0232,Kavita Malhotra,2026-01-28,East,Bihar,Gaya,Fashion,W for Woman Floral Rayon Kurti,1,1421.63,0.0,1421.63,629.55,792.08,55.72,COD,Standard,Delivered,Consumer
ORD-101028,CUST-0241,Rajesh Iyer,2026-01-28,West,Gujarat,Vadodara,Home & Kitchen,Solimo Microfibre Double Comforter Blanket,1,1568.51,5.0,1490.08,1023.36,466.72,31.32,COD,Standard,Delivered,Home Office
ORD-101029,CUST-0201,Kabir Kumar,2026-01-28,East,West Bengal,Howrah,Fashion,Levi's Men 511 Slim Fit Jeans,2,3002.06,10.0,5403.71,2999.0,2404.71,44.5,COD,Standard,Delivered,Corporate
ORD-101030,CUST-0091,Siddharth Pillai,2026-01-29,South,Karnataka,Mysuru,Grocery & Gourmet,India Gate Super Basmati Rice Aged 5kg,3,713.26,0.0,2139.78,1533.6,606.18,28.33,COD,Standard,Delivered,Consumer
ORD-101031,CUST-0143,Alok Reddy,2026-01-30,North,Punjab,Chandigarh,Electronics,Mi Smart Air Purifier 4,1,13749.7,15.0,11687.25,10919.22,768.03,6.57,COD,Standard,Delivered,Consumer
ORD-101032,CUST-0232,Kavita Malhotra,2026-01-31,East,Bihar,Gaya,Electronics,OnePlus Nord CE 5G (128GB),1,20269.72,20.0,16215.78,15799.21,416.57,2.57,COD,Economy,Delivered,Consumer
ORD-101033,CUST-0102,Mayank Bhat,2026-01-31,South,Kerala,Thiruvananthapuram,Electronics,HP 15s Ryzen 5 16GB/512GB SSD Laptop,2,52580.92,5.0,99903.75,84784.0,15119.75,15.13,Net Banking,Standard,Delivered,Corporate
ORD-101034,CUST-0191,Divya Pillai,2026-02-01,South,Tamil Nadu,Chennai,Electronics,Samsung 43-inch Crystal 4K Neo TV,1,32120.33,10.0,28908.3,25592.0,3316.3,11.47,Credit Card,Express,Delivered,Consumer
ORD-101035,CUST-0232,Kavita Malhotra,2026-02-01,East,Bihar,Gaya,Home & Kitchen,Milton Thermosteel Flip Lid Hot/Cold Flask 1L,1,940.71,0.0,940.71,597.87,342.84,36.44,UPI,Standard,Delivered,Consumer
ORD-101036,CUST-0232,Kavita Malhotra,2026-02-02,East,Bihar,Gaya,Sports & Fitness,Boldfit Adjustable PVC Dumbbell Set 10kg,2,1919.36,20.0,3070.98,2430.72,640.26,20.85,UPI,Economy,Delivered,Consumer
ORD-101037,CUST-0218,Neha Joshi,2026-02-04,East,Bihar,Patna,Sports & Fitness,Nivia Storm Football Size 5 Rubber,3,489.5,5.0,1395.08,928.14,466.94,33.47,Credit Card,Standard,Delivered,Corporate
ORD-101038,CUST-0001,Akash Gupta,2026-02-04,North,Delhi,Delhi,Fashion,Biba Women Printed Anarkali Suit Set,1,3499.13,30.0,2449.39,1609.54,839.85,34.29,Debit Card,Express,Delivered,Consumer
ORD-101039,CUST-0067,Divya Mukherjee,2026-02-05,North,Rajasthan,Jodhpur,Electronics,HP 15s Ryzen 5 16GB/512GB SSD Laptop,1,53655.19,5.0,50972.43,42392.0,8580.43,16.83,Credit Card,Economy,Delivered,Consumer
ORD-101040,CUST-0201,Kabir Kumar,2026-02-05,East,West Bengal,Howrah,Electronics,Boat Rockerz 550 Wireless Headphones,1,1785.0,15.0,1517.25,1385.23,132.02,8.7,COD,Express,Delivered,Corporate
ORD-101041,CUST-0172,Gaurav Choudhury,2026-02-06,East,Assam,Guwahati,Sports & Fitness,Yonex Nanoray 7000I G4 Graphite Badminton Racquet,2,2038.36,5.0,3872.88,2558.72,1314.16,33.93,UPI,Express,Delivered,Consumer
ORD-101042,CUST-0232,Kavita Malhotra,2026-02-07,East,Bihar,Gaya,Home & Kitchen,Milton Thermosteel Flip Lid Hot/Cold Flask 1L,1,933.07,25.0,699.8,597.87,101.93,14.57,UPI,Standard,Delivered,Consumer
ORD-101043,CUST-0248,Swati Sen,2026-02-07,East,Odisha,Bhubaneswar,Grocery & Gourmet,Nutraj Special California Raw Whole Almonds 500g,1,484.92,0.0,484.92,336.0,148.92,30.71,Credit Card,Standard,Delivered,Home Office
ORD-101044,CUST-0006,Deepa Patel,2026-02-08,North,Delhi,Delhi,Fashion,FabIndia Men Handloom Cotton Kurta,2,1919.12,0.0,3838.24,1814.4,2023.84,52.73,UPI,Same-Day,Delivered,Consumer
ORD-101045,CUST-0142,Vikram Sen,2026-02-09,South,Karnataka,Bengaluru,Books & Stationery,Parker Vector Standard CT Rollerball Pen,2,419.46,40.0,503.35,529.2,-25.85,-5.14,Credit Card,Standard,Delivered,Consumer
ORD-101046,CUST-0272,Neha Kulkarni,2026-02-09,North,Delhi,Delhi,Fashion,Manyavar Silk Blend Nehru Jacket,1,3143.95,5.0,2986.75,1535.52,1451.23,48.59,UPI,Same-Day,Delivered,Corporate
ORD-101047,CUST-0176,Priya Singh,2026-02-10,West,Goa,Panaji,Home & Kitchen,Prestige Iris 750W Mixer Grinder (3 Jars),1,3268.48,15.0,2778.21,2111.36,666.85,24.0,UPI,Standard,Delayed,Consumer
ORD-101048,CUST-0278,Mayank Gupta,2026-02-10,East,Assam,Silchar,Electronics,Mi Smart Air Purifier 4,1,14145.03,0.0,14145.03,10919.22,3225.81,22.81,UPI,Economy,Delivered,Corporate
ORD-101049,CUST-0136,Pallavi Pillai,2026-02-10,East,Bihar,Gaya,Grocery & Gourmet,India Gate Super Basmati Rice Aged 5kg,2,713.22,0.0,1426.44,1022.4,404.04,28.33,Credit Card,Standard,Delivered,Consumer
ORD-101050,CUST-0271,Karthik Reddy,2026-02-10,Central,Chhattisgarh,Raipur,Sports & Fitness,Cosco Light Tennis Cricket Ball (Pack of 6),2,416.21,25.0,624.31,529.2,95.11,15.23,COD,Economy,Delivered,Corporate
ORD-101051,CUST-0090,Priya Pillai,2026-02-11,East,Assam,Guwahati,Grocery & Gourmet,Organic India Tulsi Green Tea Bags (Pack of 100),2,258.03,40.0,309.64,358.8,-49.16,-15.88,UPI,Express,Delivered,Consumer
ORD-101052,CUST-0091,Siddharth Pillai,2026-02-11,South,Karnataka,Mysuru,Electronics,OnePlus Nord CE 5G (128GB),2,20171.17,0.0,40342.34,31598.42,8743.92,21.67,UPI,Standard,Delivered,Consumer
ORD-101053,CUST-0097,Simran Nair,2026-02-12,East,Bihar,Muzaffarpur,Books & Stationery,Classmate Pulse 6-Subject Spiral Notebooks (Pack of 4),3,297.0,0.0,891.0,592.02,298.98,33.56,COD,Standard,Delivered,Consumer
ORD-101054,CUST-0232,Kavita Malhotra,2026-02-12,East,Bihar,Gaya,Grocery & Gourmet,Cadbury Celebrations Assorted Rich Chocolate Box,3,382.12,10.0,1031.72,809.4,222.32,21.55,Net Banking,Standard,Delivered,Consumer
ORD-101055,CUST-0112,Vikram Rao,2026-02-13,Central,Madhya Pradesh,Gwalior,Books & Stationery,Atomic Habits by James Clear,2,504.96,30.0,706.94,658.68,48.26,6.83,UPI,Express,Delivered,Consumer
ORD-101056,CUST-0279,Tushar Reddy,2026-02-13,Central,Madhya Pradesh,Bhopal,Electronics,HP 15s Ryzen 5 16GB/512GB SSD Laptop,1,52269.54,5.0,49656.06,42392.0,7264.06,14.63,UPI,Standard,Delivered,Corporate
ORD-101057,CUST-0084,Abhishek Deshmukh,2026-02-13,North,Haryana,Faridabad,Beauty & Personal Care,Forest Essentials Soundarya Radiance Cream,2,2533.25,15.0,4306.52,2369.0,1937.52,44.99,COD,Standard,Returned,Consumer
ORD-101058,CUST-0142,Vikram Sen,2026-02-14,South,Karnataka,Bengaluru,Home & Kitchen,Solimo Microfibre Double Comforter Blanket,2,1609.89,15.0,2736.81,2046.72,690.09,25.22,Credit Card,Express,Delivered,Consumer
ORD-101059,CUST-0105,Komal Kapoor,2026-02-14,North,Rajasthan,Jodhpur,Electronics,Boat Rockerz 550 Wireless Headphones,1,1834.78,20.0,1467.82,1385.23,82.59,5.63,UPI,Standard,Delivered,Home Office
ORD-101060,CUST-0207,Tushar Joshi,2026-02-15,East,Assam,Guwahati,Sports & Fitness,Cultsport Smart Magnetic Spin Exercise Bike,1,13013.25,0.0,13013.25,8709.33,4303.92,33.07,COD,Standard,Delivered,Consumer
ORD-101061,CUST-0041,Rohan Bose,2026-02-15,South,Telangana,Warangal,Fashion,Zaveri Pearls Gold-Plated Choker Set,2,896.63,10.0,1613.93,791.12,822.81,50.98,COD,Express,Delivered,Consumer
ORD-101062,CUST-0199,Harsh Malhotra,2026-02-17,West,Gujarat,Rajkot,Grocery & Gourmet,Fortune Sunlite Refined Sunflower Oil 5L Can,2,747.61,10.0,1345.7,1094.4,251.3,18.67,Debit Card,Economy,Delivered,Home Office
ORD-101063,CUST-0232,Kavita Malhotra,2026-02-17,East,Bihar,Gaya,Grocery & Gourmet,Tata Tea Gold Premium Black Tea 1kg,1,534.43,5.0,507.71,378.0,129.71,25.55,COD,Express,Delivered,Consumer
ORD-101064,CUST-0233,Prerna Agarwal,2026-02-17,South,Telangana,Warangal,Home & Kitchen,Pigeon Non-Stick Kitchen Induction Cookware Set,4,1722.04,15.0,5854.94,4213.52,1641.42,28.03,COD,Standard,Delivered,Consumer
ORD-101065,CUST-0156,Akash Menon,2026-02-17,South,Tamil Nadu,Chennai,Fashion,Zaveri Pearls Gold-Plated Choker Set,1,903.17,10.0,812.85,395.56,417.29,51.34,UPI,Standard,Delivered,Consumer
ORD-101066,CUST-0224,Simran Das,2026-02-17,South,Karnataka,Mangaluru,Beauty & Personal Care,Minimalist 10% Niacinamide Face Serum,1,610.26,25.0,457.69,299.5,158.19,34.56,COD,Standard,Delivered,Consumer
ORD-101067,CUST-0090,Priya Pillai,2026-02-18,East,Assam,Guwahati,Books & Stationery,Indian Polity 6th Edition by M. Laxmikanth,4,768.82,10.0,2767.75,2067.2,700.55,25.31,Debit Card,Economy,Delivered,Consumer
ORD-101068,CUST-0233,Prerna Agarwal,2026-02-19,South,Telangana,Warangal,Beauty & Personal Care,Biotique Morning Nectar Flawless Skin Lotion,2,301.48,10.0,542.66,287.04,255.62,47.11,Debit Card,Economy,Delivered,Consumer
ORD-101069,CUST-0232,Kavita Malhotra,2026-02-20,East,Bihar,Gaya,Grocery & Gourmet,Organic India Tulsi Green Tea Bags (Pack of 100),2,262.1,15.0,445.57,358.8,86.77,19.47,Credit Card,Standard,Delayed,Consumer
ORD-101070,CUST-0232,Kavita Malhotra,2026-02-20,East,Bihar,Gaya,Electronics,SanDisk Ultra 128GB MicroSD Card,1,886.58,25.0,664.94,683.24,-18.3,-2.75,UPI,Express,Delivered,Consumer
ORD-101071,CUST-0232,Kavita Malhotra,2026-02-22,East,Bihar,Gaya,Beauty & Personal Care,Minimalist 10% Niacinamide Face Serum,1,598.31,0.0,598.31,299.5,298.81,49.94,COD,Economy,Delivered,Consumer
ORD-101072,CUST-0067,Divya Mukherjee,2026-02-22,North,Rajasthan,Jodhpur,Home & Kitchen,Bajaj New Shakti Neo 15L Storage Water Geyser,1,5922.53,5.0,5626.4,3893.34,1733.06,30.8,Credit Card,Express,Delivered,Consumer
ORD-101073,CUST-0142,Vikram Sen,2026-02-22,South,Karnataka,Bengaluru,Fashion,Levi's Men 511 Slim Fit Jeans,1,2996.68,10.0,2697.01,1499.5,1197.51,44.4,Net Banking,Standard,Returned,Consumer
ORD-101074,CUST-0006,Deepa Patel,2026-02-22,North,Delhi,Delhi,Home & Kitchen,Prestige Iris 750W Mixer Grinder (3 Jars),1,3286.07,30.0,2300.25,2111.36,188.89,8.21,Wallet,Standard,Delivered,Consumer
ORD-101075,CUST-0265,Mayank Sharma,2026-02-23,North,Rajasthan,Jaipur,Electronics,SanDisk Ultra 128GB MicroSD Card,1,911.82,15.0,775.05,683.24,91.81,11.85,COD,Standard,Cancelled,Home Office
ORD-101076,CUST-0106,Ananya Das,2026-02-23,West,Gujarat,Rajkot,Electronics,OnePlus Nord CE 5G (128GB),1,20052.66,5.0,19050.03,15799.21,3250.82,17.06,COD,Standard,Delivered,Consumer
ORD-101077,CUST-0232,Kavita Malhotra,2026-02-24,East,Bihar,Gaya,Electronics,Realme 20000mAh Power Bank (18W),1,1917.03,10.0,1725.33,1462.23,263.1,15.25,UPI,Economy,Delivered,Consumer
ORD-101078,CUST-0114,Komal Sen,2026-02-25,Central,Chhattisgarh,Raipur,Home & Kitchen,Hawkins Contura Hard Anodised Pressure Cooker 3L,2,1873.35,15.0,3184.69,2331.0,853.69,26.81,Credit Card,Standard,Delivered,Corporate
ORD-101079,CUST-0085,Preeti Joshi,2026-02-28,South,Andhra Pradesh,Vijayawada,Home & Kitchen,Prestige Iris 750W Mixer Grinder (3 Jars),2,3350.52,25.0,5025.78,4222.72,803.06,15.98,UPI,Express,Delayed,Consumer
ORD-101080,CUST-0192,Rohan Gupta,2026-03-01,East,Jharkhand,Jamshedpur,Grocery & Gourmet,Cadbury Celebrations Assorted Rich Chocolate Box,1,375.04,0.0,375.04,269.8,105.24,28.06,UPI,Express,Delivered,Home Office
ORD-101081,CUST-0067,Divya Mukherjee,2026-03-02,North,Rajasthan,Jodhpur,Beauty & Personal Care,Forest Essentials Soundarya Radiance Cream,1,2535.61,20.0,2028.49,1184.5,843.99,41.61,COD,Standard,Delivered,Consumer
ORD-101082,CUST-0232,Kavita Malhotra,2026-03-02,East,Bihar,Gaya,Beauty & Personal Care,Mamaearth Onion Hair Fall Control Oil 250ml,1,489.93,0.0,489.93,244.51,245.42,50.09,UPI,Standard,Delivered,Consumer
ORD-101083,CUST-0131,Vikram Malhotra,2026-03-02,Central,Chhattisgarh,Durg,Grocery & Gourmet,India Gate Super Basmati Rice Aged 5kg,2,717.76,15.0,1220.19,1022.4,197.79,16.21,Credit Card,Express,Delivered,Consumer
ORD-101084,CUST-0247,Vikram Bhat,2026-03-03,East,West Bengal,Kolkata,Sports & Fitness,Cosco Light Tennis Cricket Ball (Pack of 6),1,425.74,10.0,383.17,264.6,118.57,30.94,UPI,Same-Day,Delivered,Consumer
ORD-101085,CUST-0265,Mayank Sharma,2026-03-04,North,Rajasthan,Jaipur,Grocery & Gourmet,Nutraj Special California Raw Whole Almonds 500g,2,473.31,0.0,946.62,672.0,274.62,29.01,Debit Card,Standard,Delivered,Home Office
ORD-101086,CUST-0269,Ishita Rao,2026-03-05,South,Telangana,Warangal,Books & Stationery,Parker Vector Standard CT Rollerball Pen,2,418.52,0.0,837.04,529.2,307.84,36.78,UPI,Standard,Delivered,Consumer
ORD-101087,CUST-0213,Ishita Bhat,2026-03-05,Central,Madhya Pradesh,Indore,Beauty & Personal Care,Biotique Morning Nectar Flawless Skin Lotion,1,293.39,30.0,205.37,143.52,61.85,30.12,Wallet,Standard,Delivered,Corporate
ORD-101088,CUST-0232,Kavita Malhotra,2026-03-06,East,Bihar,Gaya,Home & Kitchen,Pigeon Non-Stick Kitchen Induction Cookware Set,3,1711.23,15.0,4363.64,3160.14,1203.5,27.58,UPI,Express,Delivered,Consumer
ORD-101089,CUST-0014,Aditya Deshmukh,2026-03-07,East,West Bengal,Howrah,Sports & Fitness,Strauss TPE Anti-Skid Yoga Mat 6mm with Bag,1,909.49,0.0,909.49,566.37,343.12,37.73,COD,Economy,Delivered,Consumer
ORD-101090,CUST-0014,Aditya Deshmukh,2026-03-07,East,West Bengal,Howrah,Sports & Fitness,Cultsport Smart Magnetic Spin Exercise Bike,1,12845.79,5.0,12203.5,8709.33,3494.17,28.63,COD,Economy,Delivered,Consumer
ORD-101091,CUST-0232,Kavita Malhotra,2026-03-07,East,Bihar,Gaya,Beauty & Personal Care,Forest Essentials Soundarya Radiance Cream,2,2606.58,5.0,4952.5,2369.0,2583.5,52.17,Credit Card,Standard,Delivered,Consumer
ORD-101092,CUST-0233,Prerna Agarwal,2026-03-08,South,Telangana,Warangal,Fashion,Allen Solly Men Classic Slim Shirt,2,1682.19,30.0,2355.07,1699.0,656.07,27.86,UPI,Economy,Returned,Consumer
ORD-101093,CUST-0276,Priya Agarwal,2026-03-08,North,Punjab,Ludhiana,Electronics,HP 15s Ryzen 5 16GB/512GB SSD Laptop,1,53596.8,20.0,42877.44,42392.0,485.44,1.13,UPI,Express,Delivered,Consumer
ORD-101094,CUST-0232,Kavita Malhotra,2026-03-08,East,Bihar,Gaya,Home & Kitchen,Bajaj New Shakti Neo 15L Storage Water Geyser,2,5786.71,15.0,9837.41,7786.68,2050.73,20.85,COD,Economy,Delivered,Consumer
ORD-101095,CUST-0006,Deepa Patel,2026-03-09,North,Delhi,Delhi,Fashion,FabIndia Men Handloom Cotton Kurta,1,1900.65,10.0,1710.59,907.2,803.39,46.97,COD,Standard,Delivered,Consumer
ORD-101096,CUST-0059,Prerna Menon,2026-03-09,North,Delhi,New Delhi,Fashion,Zaveri Pearls Gold-Plated Choker Set,1,889.16,0.0,889.16,395.56,493.6,55.51,Credit Card,Express,Delivered,Consumer
ORD-101097,CUST-0260,Nisha Bose,2026-03-09,South,Andhra Pradesh,Vijayawada,Electronics,Realme 20000mAh Power Bank (18W),1,1863.43,15.0,1583.92,1462.23,121.69,7.68,UPI,Standard,Delivered,Consumer
ORD-101098,CUST-0097,Simran Nair,2026-03-09,East,Bihar,Muzaffarpur,Books & Stationery,Atomic Habits by James Clear,1,497.36,5.0,472.49,329.34,143.15,30.3,Credit Card,Economy,Delivered,Consumer
ORD-101099,CUST-0200,Jyoti Nambiar,2026-03-10,West,Maharashtra,Nashik,Beauty & Personal Care,WOW Skin Science Apple Cider Vinegar Shampoo,1,452.07,0.0,452.07,220.01,232.06,51.33,Debit Card,Standard,Delayed,Corporate
ORD-101100,CUST-0147,Harsh Deshmukh,2026-03-10,South,Telangana,Hyderabad,Electronics,Mi Smart Air Purifier 4,1,13749.18,0.0,13749.18,10919.22,2829.96,20.58,UPI,Express,Delivered,Corporate
ORD-101101,CUST-0232,Kavita Malhotra,2026-03-12,East,Bihar,Gaya,Beauty & Personal Care,The Derma Co 1% Hyaluronic Sunscreen Aqua Gel,2,495.5,15.0,842.35,499.0,343.35,40.76,COD,Standard,Delayed,Consumer
ORD-101102,CUST-0128,Sunita Singh,2026-03-12,North,Uttar Pradesh,Lucknow,Sports & Fitness,Decathlon Domyos Training Resistance Band 15kg,1,496.01,0.0,496.01,304.39,191.62,38.63,UPI,Express,Delayed,Home Office
ORD-101103,CUST-0056,Deepa Agarwal,2026-03-13,North,Uttar Pradesh,Kanpur,Beauty & Personal Care,Biotique Morning Nectar Flawless Skin Lotion,1,303.18,10.0,272.86,143.52,129.34,47.4,COD,Economy,Delivered,Home Office
ORD-101104,CUST-0220,Priya Patel,2026-03-14,South,Karnataka,Mangaluru,Books & Stationery,Parker Vector Standard CT Rollerball Pen,2,426.65,0.0,853.3,529.2,324.1,37.98,UPI,Standard,Cancelled,Corporate
ORD-101105,CUST-0282,Pooja Choudhury,2026-03-15,Central,Madhya Pradesh,Jabalpur,Grocery & Gourmet,India Gate Super Basmati Rice Aged 5kg,3,714.23,20.0,1714.15,1533.6,180.55,10.53,UPI,Standard,Delivered,Consumer
ORD-101106,CUST-0236,Prerna Rao,2026-03-15,North,Punjab,Amritsar,Fashion,Levi's Men 511 Slim Fit Jeans,1,3008.44,0.0,3008.44,1499.5,1508.94,50.16,COD,Standard,Returned,Corporate
ORD-101107,CUST-0040,Ananya Chatterjee,2026-03-15,Central,Madhya Pradesh,Jabalpur,Fashion,Manyavar Silk Blend Nehru Jacket,3,3241.96,0.0,9725.88,4606.56,5119.32,52.64,UPI,Economy,Delivered,Consumer
ORD-101108,CUST-0232,Kavita Malhotra,2026-03-16,East,Bihar,Gaya,Electronics,SanDisk Ultra 128GB MicroSD Card,1,897.28,20.0,717.82,683.24,34.58,4.82,UPI,Standard,Cancelled,Consumer
ORD-101109,CUST-0259,Varun Mehta,2026-03-16,West,Maharashtra,Nashik,Books & Stationery,Classmate Pulse 6-Subject Spiral Notebooks (Pack of 4),3,301.83,15.0,769.67,592.02,177.65,23.08,UPI,Economy,Delivered,Consumer
ORD-101110,CUST-0232,Kavita Malhotra,2026-03-16,East,Bihar,Gaya,Grocery & Gourmet,Cadbury Celebrations Assorted Rich Chocolate Box,1,377.33,10.0,339.6,269.8,69.8,20.55,COD,Economy,Delivered,Consumer
ORD-101111,CUST-0232,Kavita Malhotra,2026-03-16,East,Bihar,Gaya,Fashion,Allen Solly Men Classic Slim Shirt,3,1681.77,20.0,4036.25,2548.5,1487.75,36.86,Debit Card,Standard,Delivered,Consumer
ORD-101112,CUST-0232,Kavita Malhotra,2026-03-17,East,Bihar,Gaya,Home & Kitchen,Bajaj New Shakti Neo 15L Storage Water Geyser,1,5805.64,0.0,5805.64,3893.34,1912.3,32.94,UPI,Standard,Delivered,Consumer
ORD-101113,CUST-0282,Pooja Choudhury,2026-03-18,Central,Madhya Pradesh,Jabalpur,Electronics,Boat Rockerz 550 Wireless Headphones,1,1791.23,10.0,1612.11,1385.23,226.88,14.07,COD,Standard,Delayed,Consumer
ORD-101114,CUST-0232,Kavita Malhotra,2026-03-19,East,Bihar,Gaya,Home & Kitchen,Solimo Microfibre Double Comforter Blanket,1,1595.0,20.0,1276.0,1023.36,252.64,19.8,COD,Standard,Delivered,Consumer
ORD-101115,CUST-0233,Prerna Agarwal,2026-03-20,South,Telangana,Warangal,Electronics,Mi Smart Air Purifier 4,2,13824.81,5.0,26267.14,21838.44,4428.7,16.86,UPI,Economy,Delivered,Consumer
ORD-101116,CUST-0192,Rohan Gupta,2026-03-20,East,Jharkhand,Jamshedpur,Sports & Fitness,Strauss TPE Anti-Skid Yoga Mat 6mm with Bag,2,898.26,25.0,1347.39,1132.74,214.65,15.93,COD,Standard,Delivered,Home Office
ORD-101117,CUST-0233,Prerna Agarwal,2026-03-20,South,Telangana,Warangal,Beauty & Personal Care,The Derma Co 1% Hyaluronic Sunscreen Aqua Gel,4,506.43,25.0,1519.29,998.0,521.29,34.31,COD,Economy,Delivered,Consumer
ORD-101118,CUST-0037,Kavita Das,2026-03-21,South,Tamil Nadu,Coimbatore,Beauty & Personal Care,Minimalist 10% Niacinamide Face Serum,1,601.91,10.0,541.72,299.5,242.22,44.71,COD,Standard,Delivered,Consumer
ORD-101119,CUST-0232,Kavita Malhotra,2026-03-21,East,Bihar,Gaya,Electronics,Realme 20000mAh Power Bank (18W),1,1902.79,5.0,1807.65,1462.23,345.42,19.11,UPI,Standard,Delivered,Consumer
ORD-101120,CUST-0219,Bhavna Mehta,2026-03-21,North,Rajasthan,Jaipur,Fashion,Zaveri Pearls Gold-Plated Choker Set,1,897.76,10.0,807.98,395.56,412.42,51.04,UPI,Economy,Delivered,Corporate
ORD-101121,CUST-0091,Siddharth Pillai,2026-03-21,South,Karnataka,Mysuru,Fashion,Biba Women Printed Anarkali Suit Set,1,3474.17,0.0,3474.17,1609.54,1864.63,53.67,UPI,Standard,Delivered,Consumer
ORD-101122,CUST-0232,Kavita Malhotra,2026-03-21,East,Bihar,Gaya,Home & Kitchen,Prestige Iris 750W Mixer Grinder (3 Jars),2,3238.19,25.0,4857.28,4222.72,634.56,13.06,UPI,Standard,Delivered,Consumer
ORD-101123,CUST-0106,Ananya Das,2026-03-22,West,Gujarat,Rajkot,Sports & Fitness,Cosco Light Tennis Cricket Ball (Pack of 6),1,412.98,15.0,351.03,264.6,86.43,24.62,UPI,Economy,Delivered,Consumer
ORD-101124,CUST-0164,Prerna Sharma,2026-03-23,North,Rajasthan,Udaipur,Electronics,Realme 20000mAh Power Bank (18W),1,1861.61,15.0,1582.37,1462.23,120.14,7.59,UPI,Standard,Delivered,Consumer
ORD-101125,CUST-0190,Pooja Trivedi,2026-03-23,South,Tamil Nadu,Chennai,Fashion,Allen Solly Men Classic Slim Shirt,4,1708.02,5.0,6490.48,3398.0,3092.48,47.65,UPI,Standard,Delivered,Consumer
ORD-101126,CUST-0248,Swati Sen,2026-03-23,East,Odisha,Bhubaneswar,Electronics,SanDisk Ultra 128GB MicroSD Card,1,909.48,15.0,773.06,683.24,89.82,11.62,Debit Card,Express,Delivered,Home Office
ORD-101127,CUST-0008,Alok Agarwal,2026-03-24,North,Delhi,Delhi,Books & Stationery,Ikigai: Japanese Secret to Long and Happy Life,1,392.27,25.0,294.2,259.35,34.85,11.85,Net Banking,Standard,Delivered,Home Office
ORD-101128,CUST-0268,Kunal Das,2026-03-25,South,Telangana,Warangal,Beauty & Personal Care,The Derma Co 1% Hyaluronic Sunscreen Aqua Gel,1,503.56,15.0,428.03,249.5,178.53,41.71,Wallet,Express,Delivered,Corporate
ORD-101129,CUST-0232,Kavita Malhotra,2026-03-25,East,Bihar,Gaya,Grocery & Gourmet,Fortune Sunlite Refined Sunflower Oil 5L Can,1,756.34,25.0,567.25,547.2,20.05,3.53,UPI,Standard,Delivered,Consumer
ORD-101130,CUST-0126,Ananya Patel,2026-03-25,East,Jharkhand,Ranchi,Electronics,SanDisk Ultra 128GB MicroSD Card,3,906.26,10.0,2446.9,2049.72,397.18,16.23,UPI,Economy,Delivered,Consumer
ORD-101131,CUST-0114,Komal Sen,2026-03-25,Central,Chhattisgarh,Raipur,Fashion,Zaveri Pearls Gold-Plated Choker Set,1,891.41,10.0,802.27,395.56,406.71,50.69,Wallet,Economy,Returned,Corporate
ORD-101132,CUST-0142,Vikram Sen,2026-03-27,South,Karnataka,Bengaluru,Home & Kitchen,Wakefit Memory Foam Sleeping Pillow (Pack of 2),2,979.71,20.0,1567.54,1298.7,268.84,17.15,COD,Standard,Delivered,Consumer
ORD-101133,CUST-0278,Mayank Gupta,2026-03-28,East,Assam,Silchar,Home & Kitchen,Prestige Iris 750W Mixer Grinder (3 Jars),1,3285.72,10.0,2957.15,2111.36,845.79,28.6,COD,Economy,Delivered,Corporate
ORD-101134,CUST-0115,Meera Singh,2026-03-28,East,West Bengal,Kolkata,Sports & Fitness,Decathlon Domyos Training Resistance Band 15kg,1,501.82,0.0,501.82,304.39,197.43,39.34,UPI,Standard,Delivered,Corporate
ORD-101135,CUST-0219,Bhavna Mehta,2026-03-28,North,Rajasthan,Jaipur,Beauty & Personal Care,WOW Skin Science Apple Cider Vinegar Shampoo,1,441.88,0.0,441.88,220.01,221.87,50.21,UPI,Express,Delayed,Corporate
ORD-101136,CUST-0007,Neha Nair,2026-03-29,South,Karnataka,Mysuru,Grocery & Gourmet,Nutraj Special California Raw Whole Almonds 500g,1,483.7,0.0,483.7,336.0,147.7,30.54,COD,Standard,Cancelled,Consumer
ORD-101137,CUST-0249,Karthik Patel,2026-03-29,South,Karnataka,Bengaluru,Books & Stationery,Parker Vector Standard CT Rollerball Pen,3,412.73,15.0,1052.46,793.8,258.66,24.58,UPI,Same-Day,Delivered,Home Office
ORD-101138,CUST-0233,Prerna Agarwal,2026-03-30,South,Telangana,Warangal,Sports & Fitness,Cosco Light Tennis Cricket Ball (Pack of 6),3,415.39,10.0,1121.55,793.8,327.75,29.22,COD,Standard,Delivered,Consumer
ORD-101139,CUST-0170,Rohan Trivedi,2026-03-31,South,Kerala,Thiruvananthapuram,Home & Kitchen,Solimo Microfibre Double Comforter Blanket,2,1597.55,20.0,2556.08,2046.72,509.36,19.93,UPI,Standard,Delivered,Consumer
ORD-101140,CUST-0091,Siddharth Pillai,2026-03-31,South,Karnataka,Mysuru,Electronics,OnePlus Nord CE 5G (128GB),1,19717.5,20.0,15774.0,15799.21,-25.21,-0.16,UPI,Standard,Delayed,Consumer
ORD-101141,CUST-0066,Kunal Mukherjee,2026-03-31,West,Goa,Margao,Grocery & Gourmet,Tata Tea Gold Premium Black Tea 1kg,4,541.47,0.0,2165.88,1512.0,653.88,30.19,COD,Economy,Delivered,Consumer
ORD-101142,CUST-0179,Shreya Singh,2026-04-01,Central,Madhya Pradesh,Indore,Beauty & Personal Care,The Derma Co 1% Hyaluronic Sunscreen Aqua Gel,1,489.31,15.0,415.91,249.5,166.41,40.01,UPI,Standard,Delivered,Home Office
ORD-101143,CUST-0276,Priya Agarwal,2026-04-02,North,Punjab,Ludhiana,Home & Kitchen,Pigeon Non-Stick Kitchen Induction Cookware Set,1,1721.02,25.0,1290.76,1053.38,237.38,18.39,Net Banking,Standard,Delivered,Consumer
ORD-101144,CUST-0023,Akash Agarwal,2026-04-02,Central,Chhattisgarh,Durg,Electronics,Noise ColorFit Pulse 2 Max Smartwatch,1,2264.82,5.0,2151.58,1793.22,358.36,16.66,Debit Card,Standard,Delivered,Consumer
ORD-101145,CUST-0058,Kavita Mukherjee,2026-04-02,South,Tamil Nadu,Chennai,Fashion,FabIndia Men Handloom Cotton Kurta,1,1892.49,15.0,1608.62,907.2,701.42,43.6,UPI,Standard,Delivered,Consumer
ORD-101146,CUST-0232,Kavita Malhotra,2026-04-03,East,Bihar,Gaya,Electronics,Noise ColorFit Pulse 2 Max Smartwatch,1,2316.06,0.0,2316.06,1793.22,522.84,22.57,UPI,Standard,Delivered,Consumer
ORD-101147,CUST-0014,Aditya Deshmukh,2026-04-04,East,West Bengal,Howrah,Fashion,Manyavar Silk Blend Nehru Jacket,1,3157.87,0.0,3157.87,1535.52,1622.35,51.37,COD,Standard,Delivered,Consumer
ORD-101148,CUST-0065,Aarav Nambiar,2026-04-04,West,Gujarat,Rajkot,Home & Kitchen,Prestige Iris 750W Mixer Grinder (3 Jars),2,3356.49,15.0,5706.03,4222.72,1483.31,26.0,UPI,Standard,Delivered,Consumer
ORD-101149,CUST-0232,Kavita Malhotra,2026-04-04,East,Bihar,Gaya,Home & Kitchen,Hawkins Contura Hard Anodised Pressure Cooker 3L,1,1876.55,15.0,1595.07,1165.5,429.57,26.93,UPI,Express,Delivered,Consumer
ORD-101150,CUST-0232,Kavita Malhotra,2026-04-06,East,Bihar,Gaya,Electronics,Boat Rockerz 550 Wireless Headphones,1,1789.5,5.0,1700.02,1385.23,314.79,18.52,COD,Standard,Delivered,Consumer
ORD-101151,CUST-0079,Harsh Choudhury,2026-04-06,North,Punjab,Chandigarh,Electronics,Samsung 43-inch Crystal 4K Neo TV,1,31546.84,15.0,26814.81,25592.0,1222.81,4.56,UPI,Standard,Delivered,Consumer
ORD-101152,CUST-0168,Arjun Patel,2026-04-07,South,Telangana,Hyderabad,Electronics,HP 15s Ryzen 5 16GB/512GB SSD Laptop,1,52907.44,20.0,42325.95,42392.0,-66.05,-0.16,Credit Card,Standard,Delivered,Consumer
ORD-101153,CUST-0232,Kavita Malhotra,2026-04-08,East,Bihar,Gaya,Home & Kitchen,Pigeon Non-Stick Kitchen Induction Cookware Set,1,1670.85,15.0,1420.22,1053.38,366.84,25.83,COD,Economy,Delivered,Consumer
ORD-101154,CUST-0282,Pooja Choudhury,2026-04-08,Central,Madhya Pradesh,Jabalpur,Grocery & Gourmet,Disano Extra Virgin Cold Pressed Olive Oil 1L,2,1010.25,10.0,1818.45,1378.62,439.83,24.19,Debit Card,Standard,Delivered,Consumer
ORD-101155,CUST-0214,Pallavi Agarwal,2026-04-08,West,Maharashtra,Nagpur,Grocery & Gourmet,Nutraj Special California Raw Whole Almonds 500g,2,474.47,0.0,948.94,672.0,276.94,29.18,COD,Standard,Delivered,Consumer
ORD-101156,CUST-0252,Manish Das,2026-04-09,East,Odisha,Cuttack,Fashion,FabIndia Men Handloom Cotton Kurta,1,1856.54,10.0,1670.89,907.2,763.69,45.71,COD,Standard,Delivered,Consumer
ORD-101157,CUST-0056,Deepa Agarwal,2026-04-09,North,Uttar Pradesh,Kanpur,Electronics,Noise ColorFit Pulse 2 Max Smartwatch,1,2255.35,10.0,2029.82,1793.22,236.6,11.66,Credit Card,Economy,Delivered,Home Office
ORD-101158,CUST-0099,Manish Kulkarni,2026-04-09,South,Karnataka,Mangaluru,Fashion,Manyavar Silk Blend Nehru Jacket,1,3224.55,0.0,3224.55,1535.52,1689.03,52.38,Debit Card,Economy,Delivered,Consumer
ORD-101159,CUST-0207,Tushar Joshi,2026-04-09,East,Assam,Guwahati,Beauty & Personal Care,WOW Skin Science Apple Cider Vinegar Shampoo,2,449.21,15.0,763.66,440.02,323.64,42.38,UPI,Standard,Delivered,Consumer
ORD-101160,CUST-0052,Arjun Mukherjee,2026-04-09,East,Odisha,Rourkela,Beauty & Personal Care,WOW Skin Science Apple Cider Vinegar Shampoo,3,444.06,10.0,1198.96,660.03,538.93,44.95,UPI,Express,Delivered,Corporate
ORD-101161,CUST-0170,Rohan Trivedi,2026-04-09,South,Kerala,Thiruvananthapuram,Fashion,Manyavar Silk Blend Nehru Jacket,1,3173.02,5.0,3014.37,1535.52,1478.85,49.06,Wallet,Economy,Delivered,Consumer
ORD-101162,CUST-0032,Ishita Malhotra,2026-04-10,South,Tamil Nadu,Coimbatore,Sports & Fitness,Cultsport Smart Magnetic Spin Exercise Bike,1,13202.09,5.0,12541.99,8709.33,3832.66,30.56,Credit Card,Economy,Delivered,Consumer
ORD-101163,CUST-0232,Kavita Malhotra,2026-04-11,East,Bihar,Gaya,Sports & Fitness,Strauss TPE Anti-Skid Yoga Mat 6mm with Bag,2,916.28,5.0,1740.93,1132.74,608.19,34.93,UPI,Standard,Delayed,Consumer
ORD-101164,CUST-0232,Kavita Malhotra,2026-04-11,East,Bihar,Gaya,Fashion,Levi's Men 511 Slim Fit Jeans,1,2987.45,5.0,2838.08,1499.5,1338.58,47.16,UPI,Standard,Delivered,Consumer
ORD-101165,CUST-0243,Swati Mehta,2026-04-11,East,Bihar,Muzaffarpur,Electronics,HP 15s Ryzen 5 16GB/512GB SSD Laptop,2,53340.74,15.0,90679.26,84784.0,5895.26,6.5,Debit Card,Standard,Delivered,Home Office
ORD-101166,CUST-0232,Kavita Malhotra,2026-04-11,East,Bihar,Gaya,Grocery & Gourmet,Disano Extra Virgin Cold Pressed Olive Oil 1L,1,997.8,0.0,997.8,689.31,308.49,30.92,COD,Standard,Delayed,Consumer
ORD-101167,CUST-0178,Jyoti Bose,2026-04-11,South,Karnataka,Mangaluru,Electronics,HP 15s Ryzen 5 16GB/512GB SSD Laptop,3,52571.31,15.0,134056.84,127176.0,6880.84,5.13,Debit Card,Economy,Delivered,Consumer
ORD-101168,CUST-0172,Gaurav Choudhury,2026-04-12,East,Assam,Guwahati,Grocery & Gourmet,Organic India Tulsi Green Tea Bags (Pack of 100),1,259.08,15.0,220.22,179.4,40.82,18.54,COD,Standard,Delivered,Consumer
ORD-101169,CUST-0142,Vikram Sen,2026-04-13,South,Karnataka,Bengaluru,Fashion,Allen Solly Men Classic Slim Shirt,3,1673.91,15.0,4268.47,2548.5,1719.97,40.29,Credit Card,Express,Delayed,Consumer
ORD-101170,CUST-0233,Prerna Agarwal,2026-04-13,South,Telangana,Warangal,Home & Kitchen,Hawkins Contura Hard Anodised Pressure Cooker 3L,1,1840.33,0.0,1840.33,1165.5,674.83,36.67,Debit Card,Express,Delivered,Consumer
ORD-101171,CUST-0007,Neha Nair,2026-04-14,South,Karnataka,Mysuru,Electronics,Boat Rockerz 550 Wireless Headphones,1,1823.61,25.0,1367.71,1385.23,-17.52,-1.28,UPI,Standard,Delivered,Consumer
ORD-101172,CUST-0176,Priya Singh,2026-04-14,West,Goa,Panaji,Home & Kitchen,Prestige Iris 750W Mixer Grinder (3 Jars),2,3263.86,10.0,5874.95,4222.72,1652.23,28.12,UPI,Express,Delivered,Consumer
ORD-101173,CUST-0190,Pooja Trivedi,2026-04-14,South,Tamil Nadu,Chennai,Home & Kitchen,Solimo Microfibre Double Comforter Blanket,1,1597.32,20.0,1277.86,1023.36,254.5,19.92,Net Banking,Standard,Delivered,Consumer
ORD-101174,CUST-0098,Arjun Nambiar,2026-04-14,East,Assam,Silchar,Home & Kitchen,Hawkins Contura Hard Anodised Pressure Cooker 3L,1,1822.37,5.0,1731.25,1165.5,565.75,32.68,Credit Card,Standard,Delivered,Consumer
ORD-101175,CUST-0232,Kavita Malhotra,2026-04-14,East,Bihar,Gaya,Grocery & Gourmet,Disano Extra Virgin Cold Pressed Olive Oil 1L,1,985.98,0.0,985.98,689.31,296.67,30.09,COD,Standard,Delayed,Consumer
ORD-101176,CUST-0233,Prerna Agarwal,2026-04-14,South,Telangana,Warangal,Home & Kitchen,Milton Thermosteel Flip Lid Hot/Cold Flask 1L,2,951.9,25.0,1427.85,1195.74,232.11,16.26,COD,Standard,Delivered,Consumer
ORD-101177,CUST-0232,Kavita Malhotra,2026-04-15,East,Bihar,Gaya,Beauty & Personal Care,The Derma Co 1% Hyaluronic Sunscreen Aqua Gel,1,490.95,0.0,490.95,249.5,241.45,49.18,Credit Card,Standard,Delivered,Consumer
ORD-101178,CUST-0014,Aditya Deshmukh,2026-04-15,East,West Bengal,Howrah,Fashion,Biba Women Printed Anarkali Suit Set,1,3507.79,5.0,3332.4,1609.54,1722.86,51.7,UPI,Express,Delivered,Consumer
ORD-101179,CUST-0022,Neha Sen,2026-04-15,South,Tamil Nadu,Madurai,Grocery & Gourmet,India Gate Super Basmati Rice Aged 5kg,1,726.18,10.0,653.56,511.2,142.36,21.78,COD,Standard,Delivered,Consumer
ORD-101180,CUST-0179,Shreya Singh,2026-04-15,Central,Madhya Pradesh,Indore,Electronics,Realme 20000mAh Power Bank (18W),1,1912.98,0.0,1912.98,1462.23,450.75,23.56,UPI,Economy,Delivered,Home Office
ORD-101181,CUST-0176,Priya Singh,2026-04-16,West,Goa,Panaji,Electronics,SanDisk Ultra 128GB MicroSD Card,1,883.22,30.0,618.25,683.24,-64.99,-10.51,COD,Economy,Delivered,Consumer
ORD-101182,CUST-0179,Shreya Singh,2026-04-16,Central,Madhya Pradesh,Indore,Home & Kitchen,Hawkins Contura Hard Anodised Pressure Cooker 3L,1,1842.7,15.0,1566.3,1165.5,400.8,25.59,COD,Standard,Delivered,Home Office
ORD-101183,CUST-0139,Komal Joshi,2026-04-17,East,Odisha,Bhubaneswar,Books & Stationery,Ikigai: Japanese Secret to Long and Happy Life,1,404.78,0.0,404.78,259.35,145.43,35.93,Credit Card,Express,Delivered,Consumer
ORD-101184,CUST-0053,Neha Choudhury,2026-04-17,North,Uttar Pradesh,Lucknow,Home & Kitchen,Pigeon Non-Stick Kitchen Induction Cookware Set,1,1723.69,15.0,1465.14,1053.38,411.76,28.1,COD,Express,Delivered,Home Office
ORD-101185,CUST-0232,Kavita Malhotra,2026-04-17,East,Bihar,Gaya,Electronics,SanDisk Ultra 128GB MicroSD Card,1,885.62,10.0,797.06,683.24,113.82,14.28,COD,Standard,Delivered,Consumer
ORD-101186,CUST-0177,Karthik Bose,2026-04-17,West,Maharashtra,Nashik,Grocery & Gourmet,Fortune Sunlite Refined Sunflower Oil 5L Can,2,767.65,0.0,1535.3,1094.4,440.9,28.72,COD,Express,Delivered,Corporate
ORD-101187,CUST-0050,Deepa Trivedi,2026-04-17,East,Jharkhand,Ranchi,Home & Kitchen,Prestige Iris 750W Mixer Grinder (3 Jars),2,3248.64,5.0,6172.42,4222.72,1949.7,31.59,UPI,Standard,Delivered,Consumer
ORD-101188,CUST-0043,Ishita Banerjee,2026-04-17,East,Assam,Silchar,Grocery & Gourmet,Fortune Sunlite Refined Sunflower Oil 5L Can,1,767.66,0.0,767.66,547.2,220.46,28.72,UPI,Economy,Delivered,Consumer
ORD-101189,CUST-0087,Rajesh Trivedi,2026-04-18,East,Bihar,Gaya,Home & Kitchen,Bajaj New Shakti Neo 15L Storage Water Geyser,1,5924.93,10.0,5332.44,3893.34,1439.1,26.99,UPI,Standard,Delayed,Corporate
ORD-101190,CUST-0028,Siddharth Menon,2026-04-18,North,Rajasthan,Jodhpur,Electronics,Boat Rockerz 550 Wireless Headphones,2,1819.04,0.0,3638.08,2770.46,867.62,23.85,Credit Card,Express,Delivered,Consumer
ORD-101191,CUST-0232,Kavita Malhotra,2026-04-18,East,Bihar,Gaya,Beauty & Personal Care,Biotique Morning Nectar Flawless Skin Lotion,1,293.27,0.0,293.27,143.52,149.75,51.06,Credit Card,Standard,Delayed,Consumer
ORD-101192,CUST-0232,Kavita Malhotra,2026-04-18,East,Bihar,Gaya,Fashion,Levi's Men 511 Slim Fit Jeans,1,2965.18,5.0,2816.92,1499.5,1317.42,46.77,Debit Card,Standard,Delivered,Consumer
ORD-101193,CUST-0289,Tushar Choudhury,2026-04-18,South,Telangana,Hyderabad,Books & Stationery,Camlin Artist 24 Water Colour Tubes,2,333.09,30.0,466.33,422.4,43.93,9.42,UPI,Same-Day,Delivered,Consumer
ORD-101194,CUST-0232,Kavita Malhotra,2026-04-18,East,Bihar,Gaya,Home & Kitchen,Wakefit Memory Foam Sleeping Pillow (Pack of 2),2,993.69,10.0,1788.64,1298.7,489.94,27.39,Credit Card,Express,Delivered,Consumer
ORD-101195,CUST-0202,Swati Agarwal,2026-04-18,South,Telangana,Warangal,Electronics,Boat Rockerz 550 Wireless Headphones,1,1821.44,20.0,1457.15,1385.23,71.92,4.94,COD,Standard,Delivered,Consumer
ORD-101196,CUST-0209,Mayank Das,2026-04-19,West,Gujarat,Ahmedabad,Beauty & Personal Care,WOW Skin Science Apple Cider Vinegar Shampoo,2,452.01,10.0,813.62,440.02,373.6,45.92,UPI,Standard,Delivered,Consumer
ORD-101197,CUST-0230,Ananya Sen,2026-04-19,South,Karnataka,Mangaluru,Home & Kitchen,Solimo Microfibre Double Comforter Blanket,1,1584.71,30.0,1109.3,1023.36,85.94,7.75,UPI,Standard,Delivered,Corporate
ORD-101198,CUST-0269,Ishita Rao,2026-04-20,South,Telangana,Warangal,Grocery & Gourmet,India Gate Super Basmati Rice Aged 5kg,2,723.26,20.0,1157.22,1022.4,134.82,11.65,UPI,Express,Delayed,Consumer
ORD-101199,CUST-0025,Preeti Iyer,2026-04-20,North,Uttar Pradesh,Noida,Grocery & Gourmet,Organic India Tulsi Green Tea Bags (Pack of 100),2,256.95,0.0,513.9,358.8,155.1,30.18,UPI,Standard,Delivered,Consumer
ORD-101200,CUST-0232,Kavita Malhotra,2026-04-20,East,Bihar,Gaya,Electronics,Boat Rockerz 550 Wireless Headphones,1,1812.77,15.0,1540.85,1385.23,155.62,10.1,UPI,Standard,Delayed,Consumer
ORD-101201,CUST-0232,Kavita Malhotra,2026-04-21,East,Bihar,Gaya,Books & Stationery,Ikigai: Japanese Secret to Long and Happy Life,1,400.61,10.0,360.55,259.35,101.2,28.07,UPI,Standard,Delivered,Consumer
ORD-101202,CUST-0232,Kavita Malhotra,2026-04-21,East,Bihar,Gaya,Fashion,Allen Solly Men Classic Slim Shirt,1,1681.62,10.0,1513.46,849.5,663.96,43.87,Credit Card,Standard,Delivered,Consumer
ORD-101203,CUST-0139,Komal Joshi,2026-04-22,East,Odisha,Bhubaneswar,Electronics,Realme 20000mAh Power Bank (18W),1,1929.1,0.0,1929.1,1462.23,466.87,24.2,Credit Card,Standard,Delivered,Consumer
ORD-101204,CUST-0232,Kavita Malhotra,2026-04-22,East,Bihar,Gaya,Electronics,Noise ColorFit Pulse 2 Max Smartwatch,1,2299.67,40.0,1379.8,1793.22,-413.42,-29.96,UPI,Economy,Delivered,Consumer
ORD-101205,CUST-0232,Kavita Malhotra,2026-04-24,East,Bihar,Gaya,Electronics,Noise ColorFit Pulse 2 Max Smartwatch,1,2309.48,0.0,2309.48,1793.22,516.26,22.35,UPI,Economy,Delayed,Consumer
ORD-101206,CUST-0102,Mayank Bhat,2026-04-24,South,Kerala,Thiruvananthapuram,Fashion,Zaveri Pearls Gold-Plated Choker Set,1,909.54,15.0,773.11,395.56,377.55,48.84,UPI,Economy,Delivered,Corporate
ORD-101207,CUST-0084,Abhishek Deshmukh,2026-04-24,North,Haryana,Faridabad,Beauty & Personal Care,Forest Essentials Soundarya Radiance Cream,1,2580.83,0.0,2580.83,1184.5,1396.33,54.1,Net Banking,Economy,Delivered,Consumer
ORD-101208,CUST-0006,Deepa Patel,2026-04-24,North,Delhi,Delhi,Home & Kitchen,Prestige Iris 750W Mixer Grinder (3 Jars),1,3350.71,30.0,2345.5,2111.36,234.14,9.98,Net Banking,Standard,Delivered,Consumer
ORD-101209,CUST-0014,Aditya Deshmukh,2026-04-25,East,West Bengal,Howrah,Electronics,Samsung 43-inch Crystal 4K Neo TV,1,32038.12,10.0,28834.31,25592.0,3242.31,11.24,COD,Standard,Delayed,Consumer
ORD-101210,CUST-0213,Ishita Bhat,2026-04-26,Central,Madhya Pradesh,Indore,Fashion,Levi's Men 511 Slim Fit Jeans,1,3006.87,5.0,2856.53,1499.5,1357.03,47.51,UPI,Standard,Delivered,Corporate
ORD-101211,CUST-0021,Harsh Gupta,2026-04-26,South,Andhra Pradesh,Visakhapatnam,Books & Stationery,The Psychology of Money by Morgan Housel,5,384.27,0.0,1921.35,1235.0,686.35,35.72,COD,Standard,Cancelled,Corporate
ORD-101212,CUST-0232,Kavita Malhotra,2026-04-26,East,Bihar,Gaya,Home & Kitchen,Bajaj New Shakti Neo 15L Storage Water Geyser,2,5881.42,0.0,11762.84,7786.68,3976.16,33.8,Debit Card,Express,Delayed,Consumer
ORD-101213,CUST-0165,Tushar Trivedi,2026-04-28,North,Punjab,Ludhiana,Home & Kitchen,Wakefit Memory Foam Sleeping Pillow (Pack of 2),1,1015.27,15.0,862.98,649.35,213.63,24.75,UPI,Standard,Delivered,Consumer
ORD-101214,CUST-0142,Vikram Sen,2026-04-28,South,Karnataka,Bengaluru,Sports & Fitness,Strauss TPE Anti-Skid Yoga Mat 6mm with Bag,2,915.64,0.0,1831.28,1132.74,698.54,38.14,UPI,Same-Day,Delivered,Consumer
ORD-101215,CUST-0233,Prerna Agarwal,2026-04-28,South,Telangana,Warangal,Electronics,HP 15s Ryzen 5 16GB/512GB SSD Laptop,1,53120.72,10.0,47808.65,42392.0,5416.65,11.33,COD,Standard,Delivered,Consumer
ORD-101216,CUST-0232,Kavita Malhotra,2026-04-28,East,Bihar,Gaya,Home & Kitchen,Milton Thermosteel Flip Lid Hot/Cold Flask 1L,3,945.02,5.0,2693.31,1793.61,899.7,33.4,UPI,Express,Delivered,Consumer
ORD-101217,CUST-0199,Harsh Malhotra,2026-04-29,West,Gujarat,Rajkot,Electronics,HP 15s Ryzen 5 16GB/512GB SSD Laptop,2,52531.04,25.0,78796.56,84784.0,-5987.44,-7.6,COD,Standard,Delivered,Home Office
ORD-101218,CUST-0233,Prerna Agarwal,2026-04-30,South,Telangana,Warangal,Fashion,Manyavar Silk Blend Nehru Jacket,1,3172.44,10.0,2855.2,1535.52,1319.68,46.22,COD,Express,Returned,Consumer
ORD-101219,CUST-0232,Kavita Malhotra,2026-05-01,East,Bihar,Gaya,Fashion,Levi's Men 511 Slim Fit Jeans,1,3052.02,15.0,2594.22,1499.5,1094.72,42.2,Net Banking,Standard,Returned,Consumer
ORD-101220,CUST-0255,Karthik Sen,2026-05-01,West,Goa,Panaji,Fashion,Biba Women Printed Anarkali Suit Set,1,3485.06,0.0,3485.06,1609.54,1875.52,53.82,UPI,Standard,Cancelled,Consumer
ORD-101221,CUST-0084,Abhishek Deshmukh,2026-05-02,North,Haryana,Faridabad,Sports & Fitness,Strauss TPE Anti-Skid Yoga Mat 6mm with Bag,2,900.92,0.0,1801.84,1132.74,669.1,37.13,UPI,Standard,Delivered,Consumer
ORD-101222,CUST-0232,Kavita Malhotra,2026-05-02,East,Bihar,Gaya,Electronics,Realme 20000mAh Power Bank (18W),1,1929.5,15.0,1640.08,1462.23,177.85,10.84,COD,Standard,Delivered,Consumer
ORD-101223,CUST-0232,Kavita Malhotra,2026-05-03,East,Bihar,Gaya,Electronics,Mi Smart Air Purifier 4,2,14108.47,10.0,25395.25,21838.44,3556.81,14.01,UPI,Standard,Delivered,Consumer
ORD-101224,CUST-0196,Manish Nair,2026-05-03,South,Tamil Nadu,Chennai,Electronics,SanDisk Ultra 128GB MicroSD Card,1,896.98,0.0,896.98,683.24,213.74,23.83,UPI,Standard,Delivered,Consumer
ORD-101225,CUST-0232,Kavita Malhotra,2026-05-03,East,Bihar,Gaya,Home & Kitchen,Milton Thermosteel Flip Lid Hot/Cold Flask 1L,1,967.09,0.0,967.09,597.87,369.22,38.18,UPI,Standard,Delivered,Consumer
ORD-101226,CUST-0250,Karthik Das,2026-05-04,Central,Madhya Pradesh,Bhopal,Beauty & Personal Care,The Derma Co 1% Hyaluronic Sunscreen Aqua Gel,1,508.4,25.0,381.3,249.5,131.8,34.57,COD,Express,Delivered,Home Office
ORD-101227,CUST-0113,Prerna Gupta,2026-05-04,North,Uttar Pradesh,Lucknow,Electronics,Mi Smart Air Purifier 4,1,14122.23,0.0,14122.23,10919.22,3203.01,22.68,Debit Card,Express,Delayed,Home Office
ORD-101228,CUST-0232,Kavita Malhotra,2026-05-06,East,Bihar,Gaya,Sports & Fitness,Cultsport Smart Magnetic Spin Exercise Bike,1,12772.96,10.0,11495.66,8709.33,2786.33,24.24,COD,Express,Delivered,Consumer
ORD-101229,CUST-0232,Kavita Malhotra,2026-05-07,East,Bihar,Gaya,Sports & Fitness,Yonex Nanoray 7000I G4 Graphite Badminton Racquet,1,1983.86,20.0,1587.09,1279.36,307.73,19.39,Credit Card,Economy,Delivered,Consumer
ORD-101230,CUST-0205,Alok Joshi,2026-05-08,West,Maharashtra,Nashik,Sports & Fitness,Strauss TPE Anti-Skid Yoga Mat 6mm with Bag,3,886.61,0.0,2659.83,1699.11,960.72,36.12,Wallet,Standard,Delivered,Corporate
ORD-101231,CUST-0232,Kavita Malhotra,2026-05-09,East,Bihar,Gaya,Beauty & Personal Care,Minimalist 10% Niacinamide Face Serum,2,606.48,0.0,1212.96,599.0,613.96,50.62,UPI,Economy,Delivered,Consumer
ORD-101232,CUST-0232,Kavita Malhotra,2026-05-10,East,Bihar,Gaya,Beauty & Personal Care,WOW Skin Science Apple Cider Vinegar Shampoo,4,453.22,0.0,1812.88,880.04,932.84,51.46,COD,Standard,Delivered,Consumer
ORD-101233,CUST-0232,Kavita Malhotra,2026-05-10,East,Bihar,Gaya,Fashion,Biba Women Printed Anarkali Suit Set,2,3563.41,5.0,6770.48,3219.08,3551.4,52.45,UPI,Standard,Cancelled,Consumer
ORD-101234,CUST-0270,Swati Choudhury,2026-05-12,South,Andhra Pradesh,Visakhapatnam,Grocery & Gourmet,Disano Extra Virgin Cold Pressed Olive Oil 1L,2,1004.25,5.0,1908.07,1378.62,529.45,27.75,UPI,Standard,Delivered,Consumer
ORD-101235,CUST-0163,Prerna Deshmukh,2026-05-13,East,West Bengal,Howrah,Electronics,SanDisk Ultra 128GB MicroSD Card,1,890.38,10.0,801.34,683.24,118.1,14.74,UPI,Standard,Delivered,Corporate
ORD-101236,CUST-0014,Aditya Deshmukh,2026-05-13,East,West Bengal,Howrah,Grocery & Gourmet,Organic India Tulsi Green Tea Bags (Pack of 100),1,262.35,10.0,236.12,179.4,56.72,24.02,Credit Card,Standard,Delivered,Consumer
ORD-101237,CUST-0233,Prerna Agarwal,2026-05-14,South,Telangana,Warangal,Fashion,Zaveri Pearls Gold-Plated Choker Set,1,913.81,0.0,913.81,395.56,518.25,56.71,COD,Express,Returned,Consumer
ORD-101238,CUST-0269,Ishita Rao,2026-05-15,South,Telangana,Warangal,Electronics,Noise ColorFit Pulse 2 Max Smartwatch,2,2304.98,5.0,4379.46,3586.44,793.02,18.11,UPI,Standard,Delivered,Consumer
ORD-101239,CUST-0232,Kavita Malhotra,2026-05-15,East,Bihar,Gaya,Fashion,Levi's Men 511 Slim Fit Jeans,1,3008.29,10.0,2707.46,1499.5,1207.96,44.62,UPI,Express,Returned,Consumer
ORD-101240,CUST-0232,Kavita Malhotra,2026-05-15,East,Bihar,Gaya,Books & Stationery,Indian Polity 6th Edition by M. Laxmikanth,1,768.3,0.0,768.3,516.8,251.5,32.73,UPI,Standard,Delivered,Consumer
ORD-101241,CUST-0266,Komal Bhat,2026-05-16,North,Punjab,Chandigarh,Home & Kitchen,Hawkins Contura Hard Anodised Pressure Cooker 3L,3,1882.89,0.0,5648.67,3496.5,2152.17,38.1,UPI,Economy,Returned,Corporate
ORD-101242,CUST-0295,Swati Sharma,2026-05-17,Central,Chhattisgarh,Bilaspur,Beauty & Personal Care,The Derma Co 1% Hyaluronic Sunscreen Aqua Gel,1,496.13,0.0,496.13,249.5,246.63,49.71,COD,Economy,Delivered,Consumer
ORD-101243,CUST-0112,Vikram Rao,2026-05-17,Central,Madhya Pradesh,Gwalior,Grocery & Gourmet,Nutraj Special California Raw Whole Almonds 500g,1,472.3,20.0,377.84,336.0,41.84,11.07,Debit Card,Standard,Delivered,Consumer
ORD-101244,CUST-0176,Priya Singh,2026-05-18,West,Goa,Panaji,Books & Stationery,Indian Polity 6th Edition by M. Laxmikanth,3,769.42,0.0,2308.26,1550.4,757.86,32.83,COD,Express,Delivered,Consumer
ORD-101245,CUST-0230,Ananya Sen,2026-05-19,South,Karnataka,Mangaluru,Electronics,OnePlus Nord CE 5G (128GB),1,19941.92,20.0,15953.54,15799.21,154.33,0.97,COD,Standard,Delivered,Corporate
ORD-101246,CUST-0189,Harsh Mehta,2026-05-20,North,Delhi,Delhi,Grocery & Gourmet,Cadbury Celebrations Assorted Rich Chocolate Box,1,384.59,30.0,269.21,269.8,-0.59,-0.22,UPI,Same-Day,Delivered,Consumer
ORD-101247,CUST-0232,Kavita Malhotra,2026-05-20,East,Bihar,Gaya,Electronics,Boat Rockerz 550 Wireless Headphones,1,1815.46,10.0,1633.91,1385.23,248.68,15.22,UPI,Standard,Delivered,Consumer
ORD-101248,CUST-0147,Harsh Deshmukh,2026-05-21,South,Telangana,Hyderabad,Books & Stationery,Ikigai: Japanese Secret to Long and Happy Life,1,402.07,25.0,301.55,259.35,42.2,13.99,Credit Card,Express,Delivered,Corporate
ORD-101249,CUST-0232,Kavita Malhotra,2026-05-21,East,Bihar,Gaya,Sports & Fitness,Nivia Storm Football Size 5 Rubber,1,507.48,20.0,405.98,309.38,96.6,23.79,UPI,Standard,Delivered,Consumer
ORD-101250,CUST-0147,Harsh Deshmukh,2026-05-21,South,Telangana,Hyderabad,Fashion,Allen Solly Men Classic Slim Shirt,2,1711.09,5.0,3251.07,1699.0,1552.07,47.74,Net Banking,Express,Delayed,Corporate
ORD-101251,CUST-0233,Prerna Agarwal,2026-05-22,South,Telangana,Warangal,Home & Kitchen,Hawkins Contura Hard Anodised Pressure Cooker 3L,1,1883.65,15.0,1601.1,1165.5,435.6,27.21,Credit Card,Standard,Delivered,Consumer
ORD-101252,CUST-0232,Kavita Malhotra,2026-05-23,East,Bihar,Gaya,Fashion,Levi's Men 511 Slim Fit Jeans,2,3049.93,20.0,4879.89,2999.0,1880.89,38.54,UPI,Standard,Cancelled,Consumer
ORD-101253,CUST-0170,Rohan Trivedi,2026-05-23,South,Kerala,Thiruvananthapuram,Electronics,HP 15s Ryzen 5 16GB/512GB SSD Laptop,1,53054.05,5.0,50401.35,42392.0,8009.35,15.89,Net Banking,Standard,Delivered,Consumer
ORD-101254,CUST-0241,Rajesh Iyer,2026-05-23,West,Gujarat,Vadodara,Grocery & Gourmet,Organic India Tulsi Green Tea Bags (Pack of 100),1,260.46,20.0,208.37,179.4,28.97,13.9,Credit Card,Economy,Delivered,Home Office
ORD-101255,CUST-0090,Priya Pillai,2026-05-24,East,Assam,Guwahati,Beauty & Personal Care,Forest Essentials Soundarya Radiance Cream,1,2591.52,20.0,2073.22,1184.5,888.72,42.87,COD,Economy,Delayed,Consumer
ORD-101256,CUST-0261,Abhishek Singh,2026-05-24,Central,Chhattisgarh,Raipur,Fashion,Zaveri Pearls Gold-Plated Choker Set,1,900.92,30.0,630.64,395.56,235.08,37.28,UPI,Standard,Delivered,Corporate
ORD-101257,CUST-0232,Kavita Malhotra,2026-05-25,East,Bihar,Gaya,Sports & Fitness,Yonex Nanoray 7000I G4 Graphite Badminton Racquet,3,1985.89,0.0,5957.67,3838.08,2119.59,35.58,UPI,Standard,Delivered,Consumer
ORD-101258,CUST-0142,Vikram Sen,2026-05-25,South,Karnataka,Bengaluru,Home & Kitchen,Pigeon Non-Stick Kitchen Induction Cookware Set,1,1689.85,5.0,1605.36,1053.38,551.98,34.38,Net Banking,Same-Day,Delivered,Consumer
ORD-101259,CUST-0060,Nisha Nambiar,2026-05-25,North,Rajasthan,Udaipur,Books & Stationery,Indian Polity 6th Edition by M. Laxmikanth,1,767.38,5.0,729.01,516.8,212.21,29.11,Debit Card,Express,Delivered,Consumer
ORD-101260,CUST-0049,Kunal Nambiar,2026-05-26,East,Jharkhand,Ranchi,Home & Kitchen,Prestige Iris 750W Mixer Grinder (3 Jars),1,3304.53,0.0,3304.53,2111.36,1193.17,36.11,Net Banking,Economy,Delayed,Consumer
ORD-101261,CUST-0139,Komal Joshi,2026-05-26,East,Odisha,Bhubaneswar,Electronics,Realme 20000mAh Power Bank (18W),2,1908.99,0.0,3817.98,2924.46,893.52,23.4,Credit Card,Express,Delivered,Consumer
ORD-101262,CUST-0091,Siddharth Pillai,2026-05-27,South,Karnataka,Mysuru,Books & Stationery,The Psychology of Money by Morgan Housel,3,382.98,0.0,1148.94,741.0,407.94,35.51,UPI,Economy,Delivered,Consumer
ORD-101263,CUST-0064,Deepa Singh,2026-05-28,East,Odisha,Bhubaneswar,Fashion,Allen Solly Men Classic Slim Shirt,1,1703.78,5.0,1618.59,849.5,769.09,47.52,UPI,Economy,Delivered,Consumer
ORD-101264,CUST-0232,Kavita Malhotra,2026-05-29,East,Bihar,Gaya,Electronics,Noise ColorFit Pulse 2 Max Smartwatch,1,2272.1,10.0,2044.89,1793.22,251.67,12.31,Net Banking,Standard,Delivered,Consumer
ORD-101265,CUST-0050,Deepa Trivedi,2026-05-29,East,Jharkhand,Ranchi,Grocery & Gourmet,Organic India Tulsi Green Tea Bags (Pack of 100),4,260.3,0.0,1041.2,717.6,323.6,31.08,UPI,Standard,Delivered,Consumer
ORD-101266,CUST-0219,Bhavna Mehta,2026-05-30,North,Rajasthan,Jaipur,Home & Kitchen,Pigeon Non-Stick Kitchen Induction Cookware Set,1,1673.25,5.0,1589.59,1053.38,536.21,33.73,Credit Card,Standard,Delivered,Corporate
ORD-101267,CUST-0254,Varun Menon,2026-05-30,Central,Chhattisgarh,Raipur,Home & Kitchen,Milton Thermosteel Flip Lid Hot/Cold Flask 1L,2,964.05,20.0,1542.48,1195.74,346.74,22.48,UPI,Economy,Delivered,Consumer
ORD-101268,CUST-0232,Kavita Malhotra,2026-05-30,East,Bihar,Gaya,Electronics,Boat Rockerz 550 Wireless Headphones,1,1777.03,0.0,1777.03,1385.23,391.8,22.05,UPI,Express,Delivered,Consumer
ORD-101269,CUST-0050,Deepa Trivedi,2026-05-31,East,Jharkhand,Ranchi,Electronics,Noise ColorFit Pulse 2 Max Smartwatch,1,2343.73,10.0,2109.36,1793.22,316.14,14.99,Net Banking,Economy,Delivered,Consumer
ORD-101270,CUST-0022,Neha Sen,2026-05-31,South,Tamil Nadu,Madurai,Fashion,Levi's Men 511 Slim Fit Jeans,2,3050.86,15.0,5186.46,2999.0,2187.46,42.18,UPI,Economy,Delivered,Consumer
ORD-101271,CUST-0232,Kavita Malhotra,2026-06-01,East,Bihar,Gaya,Fashion,Levi's Men 511 Slim Fit Jeans,1,2992.68,20.0,2394.14,1499.5,894.64,37.37,COD,Standard,Delivered,Consumer
ORD-101272,CUST-0233,Prerna Agarwal,2026-06-02,South,Telangana,Warangal,Home & Kitchen,Solimo Microfibre Double Comforter Blanket,2,1595.46,30.0,2233.64,2046.72,186.92,8.37,COD,Standard,Delivered,Consumer
ORD-101273,CUST-0165,Tushar Trivedi,2026-06-02,North,Punjab,Ludhiana,Beauty & Personal Care,WOW Skin Science Apple Cider Vinegar Shampoo,3,446.83,20.0,1072.39,660.03,412.36,38.45,UPI,Standard,Delivered,Consumer
ORD-101274,CUST-0137,Sanjay Banerjee,2026-06-02,South,Tamil Nadu,Chennai,Beauty & Personal Care,Mamaearth Onion Hair Fall Control Oil 250ml,3,493.7,5.0,1407.04,733.53,673.51,47.87,Debit Card,Same-Day,Delivered,Consumer
ORD-101275,CUST-0075,Ritu Chatterjee,2026-06-04,North,Uttar Pradesh,Lucknow,Electronics,OnePlus Nord CE 5G (128GB),1,20142.07,15.0,17120.76,15799.21,1321.55,7.72,UPI,Express,Delivered,Corporate
ORD-101276,CUST-0176,Priya Singh,2026-06-06,West,Goa,Panaji,Home & Kitchen,Prestige Iris 750W Mixer Grinder (3 Jars),1,3290.73,15.0,2797.12,2111.36,685.76,24.52,Net Banking,Standard,Delivered,Consumer
ORD-101277,CUST-0078,Simran Saxena,2026-06-07,North,Uttar Pradesh,Kanpur,Sports & Fitness,Strauss TPE Anti-Skid Yoga Mat 6mm with Bag,1,892.86,10.0,803.57,566.37,237.2,29.52,UPI,Standard,Delivered,Consumer
ORD-101278,CUST-0232,Kavita Malhotra,2026-06-07,East,Bihar,Gaya,Home & Kitchen,Solimo Microfibre Double Comforter Blanket,2,1608.71,0.0,3217.42,2046.72,1170.7,36.39,UPI,Economy,Delivered,Consumer
ORD-101279,CUST-0278,Mayank Gupta,2026-06-09,East,Assam,Silchar,Grocery & Gourmet,Cadbury Celebrations Assorted Rich Chocolate Box,4,377.05,5.0,1432.79,1079.2,353.59,24.68,UPI,Express,Delivered,Corporate
ORD-101280,CUST-0232,Kavita Malhotra,2026-06-12,East,Bihar,Gaya,Books & Stationery,Ikigai: Japanese Secret to Long and Happy Life,3,399.88,5.0,1139.66,778.05,361.61,31.73,UPI,Standard,Cancelled,Consumer
ORD-101281,CUST-0198,Aarav Mukherjee,2026-06-13,Central,Madhya Pradesh,Gwalior,Home & Kitchen,Pigeon Non-Stick Kitchen Induction Cookware Set,3,1723.07,0.0,5169.21,3160.14,2009.07,38.87,UPI,Standard,Cancelled,Home Office
ORD-101282,CUST-0232,Kavita Malhotra,2026-06-13,East,Bihar,Gaya,Grocery & Gourmet,Organic India Tulsi Green Tea Bags (Pack of 100),2,257.19,10.0,462.94,358.8,104.14,22.5,UPI,Economy,Delayed,Consumer
ORD-101283,CUST-0161,Arjun Kapoor,2026-06-14,South,Tamil Nadu,Chennai,Sports & Fitness,Nivia Storm Football Size 5 Rubber,2,503.74,0.0,1007.48,618.76,388.72,38.58,Credit Card,Standard,Delivered,Consumer
ORD-101284,CUST-0067,Divya Mukherjee,2026-06-14,North,Rajasthan,Jodhpur,Grocery & Gourmet,Cadbury Celebrations Assorted Rich Chocolate Box,2,385.43,0.0,770.86,539.6,231.26,30.0,COD,Express,Delivered,Consumer
ORD-101285,CUST-0038,Akash Deshmukh,2026-06-15,East,Assam,Guwahati,Books & Stationery,Ikigai: Japanese Secret to Long and Happy Life,1,399.48,15.0,339.56,259.35,80.21,23.62,UPI,Standard,Delivered,Consumer
ORD-101286,CUST-0232,Kavita Malhotra,2026-06-16,East,Bihar,Gaya,Sports & Fitness,Boldfit Adjustable PVC Dumbbell Set 10kg,3,1914.25,15.0,4881.34,3646.08,1235.26,25.31,COD,Standard,Delivered,Consumer
ORD-101287,CUST-0200,Jyoti Nambiar,2026-06-17,West,Maharashtra,Nashik,Home & Kitchen,Milton Thermosteel Flip Lid Hot/Cold Flask 1L,3,957.5,10.0,2585.25,1793.61,791.64,30.62,COD,Standard,Delivered,Corporate
ORD-101288,CUST-0091,Siddharth Pillai,2026-06-18,South,Karnataka,Mysuru,Fashion,FabIndia Men Handloom Cotton Kurta,1,1898.3,15.0,1613.55,907.2,706.35,43.78,Credit Card,Standard,Delivered,Consumer
ORD-101289,CUST-0232,Kavita Malhotra,2026-06-18,East,Bihar,Gaya,Grocery & Gourmet,Disano Extra Virgin Cold Pressed Olive Oil 1L,4,993.19,30.0,2780.93,2757.24,23.69,0.85,Debit Card,Economy,Delivered,Consumer
ORD-101290,CUST-0165,Tushar Trivedi,2026-06-18,North,Punjab,Ludhiana,Electronics,Realme 20000mAh Power Bank (18W),1,1916.19,10.0,1724.57,1462.23,262.34,15.21,Net Banking,Standard,Delivered,Consumer
ORD-101291,CUST-0232,Kavita Malhotra,2026-06-20,East,Bihar,Gaya,Fashion,Allen Solly Men Classic Slim Shirt,2,1683.83,15.0,2862.51,1699.0,1163.51,40.65,UPI,Economy,Delivered,Consumer
ORD-101292,CUST-0232,Kavita Malhotra,2026-06-20,East,Bihar,Gaya,Electronics,SanDisk Ultra 128GB MicroSD Card,1,901.17,0.0,901.17,683.24,217.93,24.18,COD,Standard,Delivered,Consumer
ORD-101293,CUST-0232,Kavita Malhotra,2026-06-21,East,Bihar,Gaya,Electronics,Samsung 43-inch Crystal 4K Neo TV,1,31979.31,5.0,30380.34,25592.0,4788.34,15.76,COD,Standard,Cancelled,Consumer
ORD-101294,CUST-0232,Kavita Malhotra,2026-06-21,East,Bihar,Gaya,Electronics,Mi Smart Air Purifier 4,1,13723.53,20.0,10978.82,10919.22,59.6,0.54,Debit Card,Economy,Delivered,Consumer
ORD-101295,CUST-0232,Kavita Malhotra,2026-06-21,East,Bihar,Gaya,Grocery & Gourmet,India Gate Super Basmati Rice Aged 5kg,2,705.7,5.0,1340.83,1022.4,318.43,23.75,Credit Card,Standard,Delayed,Consumer
ORD-101296,CUST-0232,Kavita Malhotra,2026-06-21,East,Bihar,Gaya,Beauty & Personal Care,Biotique Morning Nectar Flawless Skin Lotion,1,299.31,5.0,284.34,143.52,140.82,49.53,Debit Card,Express,Delivered,Consumer
ORD-101297,CUST-0170,Rohan Trivedi,2026-06-23,South,Kerala,Thiruvananthapuram,Grocery & Gourmet,Tata Tea Gold Premium Black Tea 1kg,1,536.69,0.0,536.69,378.0,158.69,29.57,UPI,Express,Delivered,Consumer
ORD-101298,CUST-0232,Kavita Malhotra,2026-06-23,East,Bihar,Gaya,Home & Kitchen,Solimo Microfibre Double Comforter Blanket,1,1630.96,5.0,1549.41,1023.36,526.05,33.95,UPI,Standard,Delivered,Consumer
ORD-101299,CUST-0232,Kavita Malhotra,2026-06-24,East,Bihar,Gaya,Sports & Fitness,Strauss TPE Anti-Skid Yoga Mat 6mm with Bag,1,887.93,20.0,710.34,566.37,143.97,20.27,UPI,Economy,Delivered,Consumer
ORD-101300,CUST-0223,Preeti Deshmukh,2026-06-25,South,Andhra Pradesh,Visakhapatnam,Home & Kitchen,Hawkins Contura Hard Anodised Pressure Cooker 3L,1,1828.93,5.0,1737.48,1165.5,571.98,32.92,UPI,Standard,Delivered,Consumer
ORD-101301,CUST-0189,Harsh Mehta,2026-06-25,North,Delhi,Delhi,Home & Kitchen,Wakefit Memory Foam Sleeping Pillow (Pack of 2),2,1006.54,25.0,1509.81,1298.7,211.11,13.98,UPI,Express,Delivered,Consumer
ORD-101302,CUST-0278,Mayank Gupta,2026-06-26,East,Assam,Silchar,Grocery & Gourmet,Disano Extra Virgin Cold Pressed Olive Oil 1L,4,1007.1,5.0,3826.98,2757.24,1069.74,27.95,Credit Card,Express,Delivered,Corporate
ORD-101303,CUST-0068,Akash Joshi,2026-06-26,Central,Chhattisgarh,Raipur,Home & Kitchen,Wakefit Memory Foam Sleeping Pillow (Pack of 2),2,1016.19,15.0,1727.52,1298.7,428.82,24.82,UPI,Express,Delivered,Corporate
ORD-101304,CUST-0232,Kavita Malhotra,2026-06-26,East,Bihar,Gaya,Electronics,SanDisk Ultra 128GB MicroSD Card,1,888.45,10.0,799.61,683.24,116.37,14.55,UPI,Economy,Delivered,Consumer
ORD-101305,CUST-0232,Kavita Malhotra,2026-06-26,East,Bihar,Gaya,Books & Stationery,The Psychology of Money by Morgan Housel,1,386.78,40.0,232.07,247.0,-14.93,-6.43,COD,Standard,Delayed,Consumer
ORD-101306,CUST-0219,Bhavna Mehta,2026-06-27,North,Rajasthan,Jaipur,Electronics,HP 15s Ryzen 5 16GB/512GB SSD Laptop,2,52056.61,5.0,98907.56,84784.0,14123.56,14.28,Wallet,Standard,Delivered,Corporate
ORD-101307,CUST-0184,Siddharth Chatterjee,2026-06-28,North,Delhi,Delhi,Books & Stationery,Ikigai: Japanese Secret to Long and Happy Life,5,394.01,25.0,1477.54,1296.75,180.79,12.24,UPI,Express,Delivered,Home Office
ORD-101308,CUST-0285,Manish Malhotra,2026-06-28,South,Andhra Pradesh,Visakhapatnam,Electronics,Noise ColorFit Pulse 2 Max Smartwatch,1,2257.97,25.0,1693.48,1793.22,-99.74,-5.89,Net Banking,Economy,Delivered,Consumer
ORD-101309,CUST-0211,Ritu Das,2026-06-29,East,Assam,Guwahati,Electronics,HP 15s Ryzen 5 16GB/512GB SSD Laptop,2,53837.61,5.0,102291.46,84784.0,17507.46,17.12,UPI,Standard,Delayed,Consumer
ORD-101310,CUST-0232,Kavita Malhotra,2026-07-01,East,Bihar,Gaya,Sports & Fitness,Cultsport Smart Magnetic Spin Exercise Bike,1,12812.7,10.0,11531.43,8709.33,2822.1,24.47,Debit Card,Express,Delivered,Consumer
ORD-101311,CUST-0060,Nisha Nambiar,2026-07-01,North,Rajasthan,Udaipur,Beauty & Personal Care,WOW Skin Science Apple Cider Vinegar Shampoo,2,445.7,10.0,802.26,440.02,362.24,45.15,COD,Economy,Delivered,Consumer
ORD-101312,CUST-0232,Kavita Malhotra,2026-07-01,East,Bihar,Gaya,Fashion,Zaveri Pearls Gold-Plated Choker Set,3,895.26,15.0,2282.91,1186.68,1096.23,48.02,Debit Card,Standard,Delayed,Consumer
ORD-101313,CUST-0159,Deepa Saxena,2026-07-02,South,Tamil Nadu,Coimbatore,Beauty & Personal Care,The Derma Co 1% Hyaluronic Sunscreen Aqua Gel,1,491.01,40.0,294.61,249.5,45.11,15.31,UPI,Standard,Delivered,Consumer
ORD-101314,CUST-0189,Harsh Mehta,2026-07-02,North,Delhi,Delhi,Home & Kitchen,Hawkins Contura Hard Anodised Pressure Cooker 3L,2,1884.92,5.0,3581.35,2331.0,1250.35,34.91,UPI,Economy,Delivered,Consumer
ORD-101315,CUST-0162,Aditya Nambiar,2026-07-03,East,West Bengal,Siliguri,Electronics,HP 15s Ryzen 5 16GB/512GB SSD Laptop,2,53671.65,30.0,75140.31,84784.0,-9643.69,-12.83,UPI,Express,Delivered,Corporate
ORD-101316,CUST-0232,Kavita Malhotra,2026-07-03,East,Bihar,Gaya,Beauty & Personal Care,mCaffeine Naked & Raw Coffee Body Scrub,1,396.75,0.0,396.75,187.53,209.22,52.73,Debit Card,Standard,Delivered,Consumer
ORD-101317,CUST-0232,Kavita Malhotra,2026-07-04,East,Bihar,Gaya,Sports & Fitness,Cosco Light Tennis Cricket Ball (Pack of 6),1,424.09,25.0,318.07,264.6,53.47,16.81,Debit Card,Express,Delivered,Consumer
ORD-101318,CUST-0091,Siddharth Pillai,2026-07-04,South,Karnataka,Mysuru,Sports & Fitness,Nivia Storm Football Size 5 Rubber,1,503.91,40.0,302.35,309.38,-7.03,-2.33,Wallet,Standard,Delivered,Consumer
ORD-101319,CUST-0223,Preeti Deshmukh,2026-07-04,South,Andhra Pradesh,Visakhapatnam,Books & Stationery,Parker Vector Standard CT Rollerball Pen,1,415.84,0.0,415.84,264.6,151.24,36.37,UPI,Economy,Delivered,Consumer
ORD-101320,CUST-0176,Priya Singh,2026-07-04,West,Goa,Panaji,Sports & Fitness,Strauss TPE Anti-Skid Yoga Mat 6mm with Bag,2,905.25,15.0,1538.92,1132.74,406.18,26.39,UPI,Economy,Delivered,Consumer
ORD-101321,CUST-0232,Kavita Malhotra,2026-07-05,East,Bihar,Gaya,Home & Kitchen,Pigeon Non-Stick Kitchen Induction Cookware Set,1,1728.64,25.0,1296.48,1053.38,243.1,18.75,Credit Card,Standard,Delivered,Consumer
ORD-101322,CUST-0202,Swati Agarwal,2026-07-05,South,Telangana,Warangal,Fashion,Manyavar Silk Blend Nehru Jacket,1,3221.27,0.0,3221.27,1535.52,1685.75,52.33,UPI,Standard,Delivered,Consumer
ORD-101323,CUST-0241,Rajesh Iyer,2026-07-05,West,Gujarat,Vadodara,Electronics,Samsung 43-inch Crystal 4K Neo TV,1,31782.14,10.0,28603.93,25592.0,3011.93,10.53,Net Banking,Economy,Delivered,Home Office
ORD-101324,CUST-0276,Priya Agarwal,2026-07-06,North,Punjab,Ludhiana,Sports & Fitness,Nivia Storm Football Size 5 Rubber,1,500.82,10.0,450.74,309.38,141.36,31.36,Credit Card,Standard,Delivered,Consumer
ORD-101325,CUST-0224,Simran Das,2026-07-06,South,Karnataka,Mangaluru,Fashion,Biba Women Printed Anarkali Suit Set,2,3459.82,0.0,6919.64,3219.08,3700.56,53.48,UPI,Express,Delivered,Consumer
ORD-101326,CUST-0009,Prerna Nair,2026-07-08,West,Gujarat,Vadodara,Home & Kitchen,Prestige Iris 750W Mixer Grinder (3 Jars),1,3242.56,15.0,2756.18,2111.36,644.82,23.4,COD,Economy,Delivered,Corporate
ORD-101327,CUST-0232,Kavita Malhotra,2026-07-09,East,Bihar,Gaya,Sports & Fitness,Cosco Light Tennis Cricket Ball (Pack of 6),2,421.94,0.0,843.88,529.2,314.68,37.29,Debit Card,Express,Delivered,Consumer
ORD-101328,CUST-0199,Harsh Malhotra,2026-07-09,West,Gujarat,Rajkot,Home & Kitchen,Wakefit Memory Foam Sleeping Pillow (Pack of 2),2,981.11,10.0,1766.0,1298.7,467.3,26.46,UPI,Standard,Delivered,Home Office
ORD-101329,CUST-0225,Sneha Kapoor,2026-07-11,West,Gujarat,Surat,Electronics,Mi Smart Air Purifier 4,1,13991.48,25.0,10493.61,10919.22,-425.61,-4.06,UPI,Standard,Delivered,Consumer
ORD-101330,CUST-0233,Prerna Agarwal,2026-07-11,South,Telangana,Warangal,Home & Kitchen,Hawkins Contura Hard Anodised Pressure Cooker 3L,1,1849.7,20.0,1479.76,1165.5,314.26,21.24,UPI,Standard,Delivered,Consumer
ORD-101331,CUST-0096,Meera Reddy,2026-07-11,West,Maharashtra,Nashik,Electronics,Noise ColorFit Pulse 2 Max Smartwatch,2,2292.58,10.0,4126.64,3586.44,540.2,13.09,COD,Standard,Delivered,Consumer
ORD-101332,CUST-0188,Riya Malhotra,2026-07-11,Central,Chhattisgarh,Raipur,Books & Stationery,Indian Polity 6th Edition by M. Laxmikanth,2,773.28,0.0,1546.56,1033.6,512.96,33.17,COD,Standard,Delayed,Consumer
ORD-101333,CUST-0232,Kavita Malhotra,2026-07-12,East,Bihar,Gaya,Fashion,Zaveri Pearls Gold-Plated Choker Set,1,888.7,25.0,666.53,395.56,270.97,40.65,COD,Express,Delivered,Consumer
ORD-101334,CUST-0038,Akash Deshmukh,2026-07-12,East,Assam,Guwahati,Sports & Fitness,Yonex Nanoray 7000I G4 Graphite Badminton Racquet,1,1972.55,10.0,1775.3,1279.36,495.94,27.94,UPI,Express,Delivered,Consumer
ORD-101335,CUST-0202,Swati Agarwal,2026-07-12,South,Telangana,Warangal,Beauty & Personal Care,WOW Skin Science Apple Cider Vinegar Shampoo,1,456.64,10.0,410.98,220.01,190.97,46.47,UPI,Express,Returned,Consumer
ORD-101336,CUST-0045,Komal Kulkarni,2026-07-13,South,Andhra Pradesh,Vijayawada,Home & Kitchen,Hawkins Contura Hard Anodised Pressure Cooker 3L,1,1843.77,0.0,1843.77,1165.5,678.27,36.79,Net Banking,Economy,Delivered,Consumer
ORD-101337,CUST-0232,Kavita Malhotra,2026-07-13,East,Bihar,Gaya,Beauty & Personal Care,Minimalist 10% Niacinamide Face Serum,3,602.32,5.0,1716.61,898.5,818.11,47.66,UPI,Economy,Delivered,Consumer
ORD-101338,CUST-0275,Priya Chatterjee,2026-07-13,North,Haryana,Faridabad,Fashion,Manyavar Silk Blend Nehru Jacket,1,3221.57,20.0,2577.26,1535.52,1041.74,40.42,UPI,Express,Delivered,Consumer
ORD-101339,CUST-0232,Kavita Malhotra,2026-07-14,East,Bihar,Gaya,Electronics,SanDisk Ultra 128GB MicroSD Card,1,898.82,20.0,719.06,683.24,35.82,4.98,COD,Economy,Delivered,Consumer
ORD-101340,CUST-0227,Rahul Choudhury,2026-07-16,East,West Bengal,Howrah,Fashion,Manyavar Silk Blend Nehru Jacket,1,3245.18,10.0,2920.66,1535.52,1385.14,47.43,UPI,Standard,Delivered,Home Office
ORD-101341,CUST-0232,Kavita Malhotra,2026-07-16,East,Bihar,Gaya,Home & Kitchen,Pigeon Non-Stick Kitchen Induction Cookware Set,3,1682.47,5.0,4795.04,3160.14,1634.9,34.1,UPI,Standard,Delivered,Consumer
ORD-101342,CUST-0199,Harsh Malhotra,2026-07-17,West,Gujarat,Rajkot,Beauty & Personal Care,Biotique Morning Nectar Flawless Skin Lotion,1,304.1,0.0,304.1,143.52,160.58,52.8,UPI,Standard,Delivered,Home Office
ORD-101343,CUST-0165,Tushar Trivedi,2026-07-17,North,Punjab,Ludhiana,Home & Kitchen,Prestige Iris 750W Mixer Grinder (3 Jars),2,3336.59,25.0,5004.89,4222.72,782.17,15.63,COD,Express,Delivered,Consumer
ORD-101344,CUST-0252,Manish Das,2026-07-17,East,Odisha,Cuttack,Books & Stationery,Atomic Habits by James Clear,5,491.52,15.0,2088.96,1646.7,442.26,21.17,UPI,Standard,Delivered,Consumer
ORD-101345,CUST-0132,Meera Das,2026-07-18,North,Rajasthan,Udaipur,Books & Stationery,Parker Vector Standard CT Rollerball Pen,2,425.89,0.0,851.78,529.2,322.58,37.87,UPI,Standard,Delivered,Consumer
ORD-101346,CUST-0091,Siddharth Pillai,2026-07-18,South,Karnataka,Mysuru,Sports & Fitness,Yonex Nanoray 7000I G4 Graphite Badminton Racquet,1,1993.57,10.0,1794.21,1279.36,514.85,28.7,UPI,Economy,Delivered,Consumer
ORD-101347,CUST-0282,Pooja Choudhury,2026-07-18,Central,Madhya Pradesh,Jabalpur,Home & Kitchen,Wakefit Memory Foam Sleeping Pillow (Pack of 2),2,991.49,20.0,1586.38,1298.7,287.68,18.13,UPI,Express,Delayed,Consumer
ORD-101348,CUST-0223,Preeti Deshmukh,2026-07-19,South,Andhra Pradesh,Visakhapatnam,Grocery & Gourmet,Fortune Sunlite Refined Sunflower Oil 5L Can,1,764.21,30.0,534.95,547.2,-12.25,-2.29,UPI,Express,Delivered,Consumer
ORD-101349,CUST-0224,Simran Das,2026-07-19,South,Karnataka,Mangaluru,Electronics,Samsung 43-inch Crystal 4K Neo TV,1,32491.01,0.0,32491.01,25592.0,6899.01,21.23,COD,Standard,Delivered,Consumer
ORD-101350,CUST-0207,Tushar Joshi,2026-07-19,East,Assam,Guwahati,Beauty & Personal Care,WOW Skin Science Apple Cider Vinegar Shampoo,1,442.1,0.0,442.1,220.01,222.09,50.24,COD,Express,Delivered,Consumer
ORD-101351,CUST-0232,Kavita Malhotra,2026-07-20,East,Bihar,Gaya,Books & Stationery,Atomic Habits by James Clear,5,496.57,0.0,2482.85,1646.7,836.15,33.68,COD,Economy,Delivered,Consumer
ORD-101352,CUST-0232,Kavita Malhotra,2026-07-20,East,Bihar,Gaya,Electronics,OnePlus Nord CE 5G (128GB),2,20336.51,20.0,32538.42,31598.42,940.0,2.89,UPI,Standard,Delivered,Consumer
ORD-101353,CUST-0232,Kavita Malhotra,2026-07-20,East,Bihar,Gaya,Electronics,Realme 20000mAh Power Bank (18W),1,1882.51,10.0,1694.26,1462.23,232.03,13.7,Credit Card,Economy,Returned,Consumer
ORD-101354,CUST-0209,Mayank Das,2026-07-21,West,Gujarat,Ahmedabad,Sports & Fitness,Boldfit Adjustable PVC Dumbbell Set 10kg,2,1880.3,5.0,3572.57,2430.72,1141.85,31.96,Credit Card,Same-Day,Delivered,Consumer
ORD-101355,CUST-0232,Kavita Malhotra,2026-07-21,East,Bihar,Gaya,Electronics,SanDisk Ultra 128GB MicroSD Card,1,901.49,10.0,811.34,683.24,128.1,15.79,Net Banking,Standard,Delivered,Consumer
ORD-101356,CUST-0232,Kavita Malhotra,2026-07-21,East,Bihar,Gaya,Electronics,Realme 20000mAh Power Bank (18W),2,1881.07,5.0,3574.03,2924.46,649.57,18.17,UPI,Express,Delivered,Consumer
ORD-101357,CUST-0060,Nisha Nambiar,2026-07-22,North,Rajasthan,Udaipur,Beauty & Personal Care,Mamaearth Onion Hair Fall Control Oil 250ml,2,503.22,0.0,1006.44,489.02,517.42,51.41,UPI,Express,Delivered,Consumer
ORD-101358,CUST-0014,Aditya Deshmukh,2026-07-23,East,West Bengal,Howrah,Home & Kitchen,Bajaj New Shakti Neo 15L Storage Water Geyser,1,5942.27,15.0,5050.93,3893.34,1157.59,22.92,COD,Standard,Delivered,Consumer
ORD-101359,CUST-0234,Rajesh Agarwal,2026-07-23,Central,Madhya Pradesh,Jabalpur,Fashion,Biba Women Printed Anarkali Suit Set,1,3483.06,0.0,3483.06,1609.54,1873.52,53.79,UPI,Standard,Returned,Consumer
ORD-101360,CUST-0091,Siddharth Pillai,2026-07-23,South,Karnataka,Mysuru,Beauty & Personal Care,The Derma Co 1% Hyaluronic Sunscreen Aqua Gel,1,499.44,10.0,449.5,249.5,200.0,44.49,Net Banking,Express,Delivered,Consumer
ORD-101361,CUST-0138,Riya Verma,2026-07-25,West,Maharashtra,Nashik,Beauty & Personal Care,Minimalist 10% Niacinamide Face Serum,1,588.2,0.0,588.2,299.5,288.7,49.08,Credit Card,Standard,Delivered,Corporate
ORD-101362,CUST-0244,Neha Verma,2026-07-26,North,Punjab,Ludhiana,Fashion,Allen Solly Men Classic Slim Shirt,3,1679.5,0.0,5038.5,2548.5,2490.0,49.42,UPI,Standard,Returned,Consumer
ORD-101363,CUST-0113,Prerna Gupta,2026-07-26,North,Uttar Pradesh,Lucknow,Fashion,Zaveri Pearls Gold-Plated Choker Set,4,907.45,0.0,3629.8,1582.24,2047.56,56.41,COD,Express,Delivered,Home Office
ORD-101364,CUST-0112,Vikram Rao,2026-07-26,Central,Madhya Pradesh,Gwalior,Electronics,Mi Smart Air Purifier 4,1,13892.48,25.0,10419.36,10919.22,-499.86,-4.8,UPI,Standard,Delivered,Consumer
ORD-101365,CUST-0233,Prerna Agarwal,2026-07-26,South,Telangana,Warangal,Sports & Fitness,Cosco Light Tennis Cricket Ball (Pack of 6),2,415.69,30.0,581.97,529.2,52.77,9.07,UPI,Standard,Delivered,Consumer
ORD-101366,CUST-0207,Tushar Joshi,2026-07-26,East,Assam,Guwahati,Electronics,OnePlus Nord CE 5G (128GB),2,19874.56,0.0,39749.12,31598.42,8150.7,20.51,COD,Standard,Delivered,Consumer
ORD-101367,CUST-0200,Jyoti Nambiar,2026-07-27,West,Maharashtra,Nashik,Electronics,Mi Smart Air Purifier 4,1,13760.9,25.0,10320.67,10919.22,-598.55,-5.8,COD,Standard,Delivered,Corporate
ORD-101368,CUST-0231,Pooja Rao,2026-07-28,North,Punjab,Chandigarh,Home & Kitchen,Prestige Iris 750W Mixer Grinder (3 Jars),1,3336.41,30.0,2335.49,2111.36,224.13,9.6,Debit Card,Standard,Delayed,Corporate
ORD-101369,CUST-0282,Pooja Choudhury,2026-07-29,Central,Madhya Pradesh,Jabalpur,Beauty & Personal Care,Forest Essentials Soundarya Radiance Cream,2,2594.07,0.0,5188.14,2369.0,2819.14,54.34,COD,Standard,Delivered,Consumer
ORD-101370,CUST-0295,Swati Sharma,2026-07-29,Central,Chhattisgarh,Bilaspur,Grocery & Gourmet,India Gate Super Basmati Rice Aged 5kg,2,716.97,15.0,1218.85,1022.4,196.45,16.12,UPI,Standard,Delivered,Consumer
ORD-101371,CUST-0090,Priya Pillai,2026-07-29,East,Assam,Guwahati,Fashion,Allen Solly Men Classic Slim Shirt,1,1721.91,10.0,1549.72,849.5,700.22,45.18,Net Banking,Standard,Delayed,Consumer
ORD-101372,CUST-0146,Aditya Rao,2026-07-31,Central,Chhattisgarh,Raipur,Electronics,Boat Rockerz 550 Wireless Headphones,1,1804.41,0.0,1804.41,1385.23,419.18,23.23,UPI,Standard,Delivered,Consumer
ORD-101373,CUST-0232,Kavita Malhotra,2026-08-01,East,Bihar,Gaya,Fashion,Puma Smashic Unisex White Sneakers,1,3306.02,0.0,3306.02,1682.49,1623.53,49.11,UPI,Economy,Returned,Consumer
ORD-101374,CUST-0272,Neha Kulkarni,2026-08-01,North,Delhi,Delhi,Fashion,Manyavar Silk Blend Nehru Jacket,1,3160.83,0.0,3160.83,1535.52,1625.31,51.42,UPI,Economy,Delivered,Corporate
ORD-101375,CUST-0236,Prerna Rao,2026-08-01,North,Punjab,Amritsar,Grocery & Gourmet,Cadbury Celebrations Assorted Rich Chocolate Box,5,386.56,15.0,1642.88,1349.0,293.88,17.89,Net Banking,Standard,Delivered,Corporate
ORD-101376,CUST-0219,Bhavna Mehta,2026-08-02,North,Rajasthan,Jaipur,Home & Kitchen,Milton Thermosteel Flip Lid Hot/Cold Flask 1L,1,966.17,10.0,869.55,597.87,271.68,31.24,Net Banking,Standard,Delivered,Corporate
ORD-101377,CUST-0232,Kavita Malhotra,2026-08-02,East,Bihar,Gaya,Beauty & Personal Care,Plum Green Tea Pore Cleansing Face Wash,1,344.92,10.0,310.43,165.6,144.83,46.65,UPI,Standard,Delivered,Consumer
ORD-101378,CUST-0129,Alok Iyer,2026-08-02,Central,Chhattisgarh,Bilaspur,Home & Kitchen,Bajaj New Shakti Neo 15L Storage Water Geyser,1,5799.31,0.0,5799.31,3893.34,1905.97,32.87,UPI,Standard,Delivered,Consumer
ORD-101379,CUST-0232,Kavita Malhotra,2026-08-03,East,Bihar,Gaya,Sports & Fitness,Yonex Nanoray 7000I G4 Graphite Badminton Racquet,1,1960.23,10.0,1764.21,1279.36,484.85,27.48,UPI,Standard,Delivered,Consumer
ORD-101380,CUST-0282,Pooja Choudhury,2026-08-03,Central,Madhya Pradesh,Jabalpur,Grocery & Gourmet,Organic India Tulsi Green Tea Bags (Pack of 100),1,264.51,0.0,264.51,179.4,85.11,32.18,Debit Card,Standard,Delivered,Consumer
ORD-101381,CUST-0136,Pallavi Pillai,2026-08-04,East,Bihar,Gaya,Fashion,Biba Women Printed Anarkali Suit Set,1,3505.81,0.0,3505.81,1609.54,1896.27,54.09,UPI,Standard,Cancelled,Consumer
ORD-101382,CUST-0091,Siddharth Pillai,2026-08-04,South,Karnataka,Mysuru,Beauty & Personal Care,Minimalist 10% Niacinamide Face Serum,1,607.17,0.0,607.17,299.5,307.67,50.67,COD,Standard,Delivered,Consumer
ORD-101383,CUST-0232,Kavita Malhotra,2026-08-04,East,Bihar,Gaya,Sports & Fitness,Strauss TPE Anti-Skid Yoga Mat 6mm with Bag,1,887.56,10.0,798.8,566.37,232.43,29.1,UPI,Standard,Delivered,Consumer
ORD-101384,CUST-0232,Kavita Malhotra,2026-08-05,East,Bihar,Gaya,Sports & Fitness,Boldfit Adjustable PVC Dumbbell Set 10kg,1,1861.04,20.0,1488.83,1215.36,273.47,18.37,UPI,Standard,Delayed,Consumer
ORD-101385,CUST-0052,Arjun Mukherjee,2026-08-05,East,Odisha,Rourkela,Beauty & Personal Care,WOW Skin Science Apple Cider Vinegar Shampoo,1,451.31,0.0,451.31,220.01,231.3,51.25,COD,Standard,Delivered,Corporate
ORD-101386,CUST-0108,Rahul Chatterjee,2026-08-05,North,Haryana,Faridabad,Beauty & Personal Care,WOW Skin Science Apple Cider Vinegar Shampoo,1,441.98,0.0,441.98,220.01,221.97,50.22,UPI,Economy,Delivered,Corporate
ORD-101387,CUST-0232,Kavita Malhotra,2026-08-09,East,Bihar,Gaya,Fashion,Zaveri Pearls Gold-Plated Choker Set,1,898.43,10.0,808.59,395.56,413.03,51.08,Net Banking,Economy,Delivered,Consumer
ORD-101388,CUST-0213,Ishita Bhat,2026-08-10,Central,Madhya Pradesh,Indore,Fashion,Levi's Men 511 Slim Fit Jeans,1,3038.22,0.0,3038.22,1499.5,1538.72,50.65,UPI,Standard,Delivered,Corporate
ORD-101389,CUST-0023,Akash Agarwal,2026-08-10,Central,Chhattisgarh,Durg,Fashion,W for Woman Floral Rayon Kurti,1,1381.43,5.0,1312.36,629.55,682.81,52.03,Credit Card,Standard,Delivered,Consumer
ORD-101390,CUST-0019,Gaurav Agarwal,2026-08-10,South,Tamil Nadu,Chennai,Books & Stationery,Ikigai: Japanese Secret to Long and Happy Life,1,402.99,0.0,402.99,259.35,143.64,35.64,UPI,Same-Day,Delayed,Consumer
ORD-101391,CUST-0233,Prerna Agarwal,2026-08-10,South,Telangana,Warangal,Electronics,Mi Smart Air Purifier 4,1,14007.67,0.0,14007.67,10919.22,3088.45,22.05,COD,Standard,Delivered,Consumer
ORD-101392,CUST-0233,Prerna Agarwal,2026-08-10,South,Telangana,Warangal,Electronics,OnePlus Nord CE 5G (128GB),1,20203.8,10.0,18183.42,15799.21,2384.21,13.11,UPI,Express,Delivered,Consumer
ORD-101393,CUST-0065,Aarav Nambiar,2026-08-10,West,Gujarat,Rajkot,Electronics,OnePlus Nord CE 5G (128GB),1,19720.2,5.0,18734.19,15799.21,2934.98,15.67,UPI,Economy,Delayed,Consumer
ORD-101394,CUST-0059,Prerna Menon,2026-08-10,North,Delhi,New Delhi,Home & Kitchen,Prestige Iris 750W Mixer Grinder (3 Jars),1,3300.35,10.0,2970.32,2111.36,858.96,28.92,Credit Card,Same-Day,Delivered,Consumer
ORD-101395,CUST-0256,Vivek Trivedi,2026-08-11,South,Karnataka,Mysuru,Home & Kitchen,Hawkins Contura Hard Anodised Pressure Cooker 3L,3,1813.73,5.0,5169.13,3496.5,1672.63,32.36,UPI,Standard,Delivered,Consumer
ORD-101396,CUST-0278,Mayank Gupta,2026-08-12,East,Assam,Silchar,Grocery & Gourmet,Organic India Tulsi Green Tea Bags (Pack of 100),3,261.75,15.0,667.46,538.2,129.26,19.37,Net Banking,Standard,Delivered,Corporate
ORD-101397,CUST-0091,Siddharth Pillai,2026-08-12,South,Karnataka,Mysuru,Beauty & Personal Care,WOW Skin Science Apple Cider Vinegar Shampoo,3,445.99,30.0,936.58,660.03,276.55,29.53,UPI,Standard,Delivered,Consumer
ORD-101398,CUST-0237,Jyoti Menon,2026-08-12,East,Odisha,Cuttack,Electronics,SanDisk Ultra 128GB MicroSD Card,1,914.04,20.0,731.23,683.24,47.99,6.56,COD,Express,Delivered,Consumer
ORD-101399,CUST-0088,Rajesh Gupta,2026-08-12,South,Karnataka,Mangaluru,Home & Kitchen,Milton Thermosteel Flip Lid Hot/Cold Flask 1L,2,931.53,40.0,1117.84,1195.74,-77.9,-6.97,Debit Card,Economy,Delivered,Corporate
ORD-101400,CUST-0283,Aditya Joshi,2026-08-13,North,Rajasthan,Jodhpur,Home & Kitchen,Wakefit Memory Foam Sleeping Pillow (Pack of 2),2,1010.7,0.0,2021.4,1298.7,722.7,35.75,COD,Economy,Delivered,Consumer
ORD-101401,CUST-0025,Preeti Iyer,2026-08-14,North,Uttar Pradesh,Noida,Electronics,Noise ColorFit Pulse 2 Max Smartwatch,1,2295.41,15.0,1951.1,1793.22,157.88,8.09,UPI,Standard,Delivered,Consumer
ORD-101402,CUST-0209,Mayank Das,2026-08-14,West,Gujarat,Ahmedabad,Fashion,Levi's Men 511 Slim Fit Jeans,1,2965.68,0.0,2965.68,1499.5,1466.18,49.44,Credit Card,Economy,Delivered,Consumer
ORD-101403,CUST-0213,Ishita Bhat,2026-08-15,Central,Madhya Pradesh,Indore,Fashion,Zaveri Pearls Gold-Plated Choker Set,1,890.6,10.0,801.54,395.56,405.98,50.65,Net Banking,Express,Delivered,Corporate
ORD-101404,CUST-0006,Deepa Patel,2026-08-15,North,Delhi,Delhi,Electronics,HP 15s Ryzen 5 16GB/512GB SSD Laptop,2,53825.92,10.0,96886.66,84784.0,12102.66,12.49,UPI,Standard,Delivered,Consumer
ORD-101405,CUST-0276,Priya Agarwal,2026-08-15,North,Punjab,Ludhiana,Sports & Fitness,Nivia Storm Football Size 5 Rubber,1,497.22,20.0,397.78,309.38,88.4,22.22,COD,Standard,Delivered,Consumer
ORD-101406,CUST-0014,Aditya Deshmukh,2026-08-15,East,West Bengal,Howrah,Beauty & Personal Care,The Derma Co 1% Hyaluronic Sunscreen Aqua Gel,2,502.76,15.0,854.69,499.0,355.69,41.62,UPI,Standard,Delivered,Consumer
ORD-101407,CUST-0102,Mayank Bhat,2026-08-16,South,Kerala,Thiruvananthapuram,Fashion,Allen Solly Men Classic Slim Shirt,1,1716.82,10.0,1545.14,849.5,695.64,45.02,UPI,Economy,Delivered,Corporate
ORD-101408,CUST-0083,Deepa Nair,2026-08-16,East,Bihar,Muzaffarpur,Home & Kitchen,Milton Thermosteel Flip Lid Hot/Cold Flask 1L,1,965.99,25.0,724.49,597.87,126.62,17.48,UPI,Express,Cancelled,Consumer
ORD-101409,CUST-0235,Alok Bhat,2026-08-16,Central,Chhattisgarh,Raipur,Beauty & Personal Care,WOW Skin Science Apple Cider Vinegar Shampoo,1,449.24,10.0,404.32,220.01,184.31,45.59,COD,Standard,Delivered,Consumer
ORD-101410,CUST-0232,Kavita Malhotra,2026-08-16,East,Bihar,Gaya,Books & Stationery,Ikigai: Japanese Secret to Long and Happy Life,1,395.63,20.0,316.5,259.35,57.15,18.06,UPI,Economy,Delivered,Consumer
ORD-101411,CUST-0233,Prerna Agarwal,2026-08-17,South,Telangana,Warangal,Electronics,SanDisk Ultra 128GB MicroSD Card,2,900.47,15.0,1530.8,1366.48,164.32,10.73,UPI,Express,Delivered,Consumer
ORD-101412,CUST-0256,Vivek Trivedi,2026-08-17,South,Karnataka,Mysuru,Fashion,Allen Solly Men Classic Slim Shirt,1,1666.92,5.0,1583.57,849.5,734.07,46.36,COD,Economy,Returned,Consumer
ORD-101413,CUST-0203,Mayank Menon,2026-08-18,North,Rajasthan,Udaipur,Beauty & Personal Care,Biotique Morning Nectar Flawless Skin Lotion,1,299.46,15.0,254.54,143.52,111.02,43.62,UPI,Express,Delivered,Consumer
ORD-101414,CUST-0236,Prerna Rao,2026-08-18,North,Punjab,Amritsar,Electronics,OnePlus Nord CE 5G (128GB),1,20055.26,15.0,17046.97,15799.21,1247.76,7.32,Credit Card,Standard,Delivered,Corporate
ORD-101415,CUST-0142,Vikram Sen,2026-08-18,South,Karnataka,Bengaluru,Beauty & Personal Care,WOW Skin Science Apple Cider Vinegar Shampoo,2,440.74,0.0,881.48,440.02,441.46,50.08,UPI,Express,Delivered,Consumer
ORD-101416,CUST-0091,Siddharth Pillai,2026-08-18,South,Karnataka,Mysuru,Fashion,Zaveri Pearls Gold-Plated Choker Set,1,906.04,20.0,724.83,395.56,329.27,45.43,UPI,Standard,Delivered,Consumer
ORD-101417,CUST-0238,Rajesh Reddy,2026-08-19,West,Goa,Margao,Home & Kitchen,Solimo Microfibre Double Comforter Blanket,1,1598.89,25.0,1199.17,1023.36,175.81,14.66,COD,Standard,Delivered,Consumer
ORD-101418,CUST-0232,Kavita Malhotra,2026-08-19,East,Bihar,Gaya,Beauty & Personal Care,mCaffeine Naked & Raw Coffee Body Scrub,2,400.02,10.0,720.04,375.06,344.98,47.91,COD,Express,Returned,Consumer
ORD-101419,CUST-0147,Harsh Deshmukh,2026-08-19,South,Telangana,Hyderabad,Books & Stationery,Parker Vector Standard CT Rollerball Pen,2,412.22,5.0,783.22,529.2,254.02,32.43,Net Banking,Economy,Delivered,Corporate
ORD-101420,CUST-0061,Nisha Trivedi,2026-08-19,East,Bihar,Muzaffarpur,Grocery & Gourmet,Nutraj Special California Raw Whole Almonds 500g,3,472.77,20.0,1134.65,1008.0,126.65,11.16,UPI,Standard,Delivered,Consumer
ORD-101421,CUST-0095,Swati Iyer,2026-08-19,East,Bihar,Patna,Beauty & Personal Care,Plum Green Tea Pore Cleansing Face Wash,2,344.18,25.0,516.27,331.2,185.07,35.85,COD,Economy,Delivered,Corporate
ORD-101422,CUST-0091,Siddharth Pillai,2026-08-19,South,Karnataka,Mysuru,Electronics,OnePlus Nord CE 5G (128GB),1,20317.74,0.0,20317.74,15799.21,4518.53,22.24,COD,Economy,Delivered,Consumer
ORD-101423,CUST-0077,Neha Iyer,2026-08-20,West,Gujarat,Rajkot,Beauty & Personal Care,Biotique Morning Nectar Flawless Skin Lotion,1,301.64,10.0,271.48,143.52,127.96,47.13,COD,Standard,Delivered,Corporate
ORD-101424,CUST-0232,Kavita Malhotra,2026-08-20,East,Bihar,Gaya,Grocery & Gourmet,India Gate Super Basmati Rice Aged 5kg,1,707.2,20.0,565.76,511.2,54.56,9.64,UPI,Standard,Delivered,Consumer
ORD-101425,CUST-0232,Kavita Malhotra,2026-08-20,East,Bihar,Gaya,Electronics,Samsung 43-inch Crystal 4K Neo TV,1,32408.59,15.0,27547.3,25592.0,1955.3,7.1,Credit Card,Economy,Delivered,Consumer
ORD-101426,CUST-0269,Ishita Rao,2026-08-20,South,Telangana,Warangal,Fashion,FabIndia Men Handloom Cotton Kurta,2,1910.81,10.0,3439.46,1814.4,1625.06,47.25,COD,Economy,Delivered,Consumer
ORD-101427,CUST-0252,Manish Das,2026-08-21,East,Odisha,Cuttack,Electronics,SanDisk Ultra 128GB MicroSD Card,2,893.07,0.0,1786.14,1366.48,419.66,23.5,COD,Standard,Delivered,Consumer
ORD-101428,CUST-0039,Siddharth Malhotra,2026-08-21,South,Telangana,Warangal,Electronics,Noise ColorFit Pulse 2 Max Smartwatch,1,2303.71,0.0,2303.71,1793.22,510.49,22.16,UPI,Standard,Delivered,Corporate
ORD-101429,CUST-0219,Bhavna Mehta,2026-08-21,North,Rajasthan,Jaipur,Sports & Fitness,Yonex Nanoray 7000I G4 Graphite Badminton Racquet,1,2017.84,20.0,1614.27,1279.36,334.91,20.75,COD,Standard,Delivered,Corporate
ORD-101430,CUST-0122,Simran Verma,2026-08-21,North,Haryana,Faridabad,Grocery & Gourmet,Organic India Tulsi Green Tea Bags (Pack of 100),1,256.02,15.0,217.62,179.4,38.22,17.56,Wallet,Express,Delayed,Home Office
ORD-101431,CUST-0051,Riya Kumar,2026-08-21,South,Karnataka,Mysuru,Fashion,Puma Smashic Unisex White Sneakers,3,3311.34,0.0,9934.02,5047.47,4886.55,49.19,UPI,Standard,Delivered,Home Office
ORD-101432,CUST-0113,Prerna Gupta,2026-08-21,North,Uttar Pradesh,Lucknow,Electronics,Noise ColorFit Pulse 2 Max Smartwatch,1,2290.46,15.0,1946.89,1793.22,153.67,7.89,UPI,Standard,Delivered,Home Office
ORD-101433,CUST-0219,Bhavna Mehta,2026-08-22,North,Rajasthan,Jaipur,Electronics,Samsung 43-inch Crystal 4K Neo TV,1,31456.16,20.0,25164.93,25592.0,-427.07,-1.7,Debit Card,Standard,Delivered,Corporate
ORD-101434,CUST-0232,Kavita Malhotra,2026-08-22,East,Bihar,Gaya,Fashion,FabIndia Men Handloom Cotton Kurta,1,1900.08,0.0,1900.08,907.2,992.88,52.25,UPI,Standard,Delivered,Consumer
ORD-101435,CUST-0232,Kavita Malhotra,2026-08-22,East,Bihar,Gaya,Electronics,Boat Rockerz 550 Wireless Headphones,1,1787.38,10.0,1608.64,1385.23,223.41,13.89,UPI,Standard,Delivered,Consumer
ORD-101436,CUST-0197,Rohan Deshmukh,2026-08-24,East,West Bengal,Howrah,Electronics,Samsung 43-inch Crystal 4K Neo TV,1,31806.12,5.0,30215.81,25592.0,4623.81,15.3,COD,Economy,Delivered,Corporate
ORD-101437,CUST-0139,Komal Joshi,2026-08-25,East,Odisha,Bhubaneswar,Grocery & Gourmet,Tata Tea Gold Premium Black Tea 1kg,2,535.11,40.0,642.13,756.0,-113.87,-17.73,COD,Economy,Delayed,Consumer
ORD-101438,CUST-0172,Gaurav Choudhury,2026-08-25,East,Assam,Guwahati,Electronics,SanDisk Ultra 128GB MicroSD Card,1,903.99,0.0,903.99,683.24,220.75,24.42,COD,Standard,Delivered,Consumer
ORD-101439,CUST-0124,Pallavi Nambiar,2026-08-25,East,Bihar,Muzaffarpur,Beauty & Personal Care,WOW Skin Science Apple Cider Vinegar Shampoo,1,440.79,40.0,264.47,220.01,44.46,16.81,UPI,Express,Delivered,Consumer
ORD-101440,CUST-0233,Prerna Agarwal,2026-08-25,South,Telangana,Warangal,Books & Stationery,Parker Vector Standard CT Rollerball Pen,3,425.91,15.0,1086.07,793.8,292.27,26.91,COD,Express,Delivered,Consumer
ORD-101441,CUST-0189,Harsh Mehta,2026-08-25,North,Delhi,Delhi,Beauty & Personal Care,Minimalist 10% Niacinamide Face Serum,1,600.05,10.0,540.04,299.5,240.54,44.54,Credit Card,Same-Day,Delivered,Consumer
ORD-101442,CUST-0183,Kavita Kumar,2026-08-26,South,Telangana,Hyderabad,Electronics,Mi Smart Air Purifier 4,1,14212.51,10.0,12791.26,10919.22,1872.04,14.64,UPI,Same-Day,Delivered,Home Office
ORD-101443,CUST-0042,Riya Reddy,2026-08-27,North,Uttar Pradesh,Kanpur,Books & Stationery,Camlin Artist 24 Water Colour Tubes,4,332.87,0.0,1331.48,844.8,486.68,36.55,UPI,Express,Cancelled,Consumer
ORD-101444,CUST-0176,Priya Singh,2026-08-28,West,Goa,Panaji,Fashion,W for Woman Floral Rayon Kurti,1,1405.53,5.0,1335.25,629.55,705.7,52.85,Net Banking,Economy,Delivered,Consumer
ORD-101445,CUST-0273,Ananya Kumar,2026-08-28,South,Karnataka,Mysuru,Grocery & Gourmet,Disano Extra Virgin Cold Pressed Olive Oil 1L,3,992.23,0.0,2976.69,2067.93,908.76,30.53,UPI,Standard,Delivered,Home Office
ORD-101446,CUST-0199,Harsh Malhotra,2026-08-29,West,Gujarat,Rajkot,Sports & Fitness,Yonex Nanoray 7000I G4 Graphite Badminton Racquet,3,1961.09,40.0,3529.96,3838.08,-308.12,-8.73,UPI,Economy,Delivered,Home Office
ORD-101447,CUST-0006,Deepa Patel,2026-09-01,North,Delhi,Delhi,Electronics,SanDisk Ultra 128GB MicroSD Card,1,911.91,0.0,911.91,683.24,228.67,25.08,UPI,Economy,Delivered,Consumer
ORD-101448,CUST-0172,Gaurav Choudhury,2026-09-03,East,Assam,Guwahati,Electronics,OnePlus Nord CE 5G (128GB),1,19846.37,5.0,18854.05,15799.21,3054.84,16.2,Credit Card,Standard,Cancelled,Consumer
ORD-101449,CUST-0232,Kavita Malhotra,2026-09-03,East,Bihar,Gaya,Beauty & Personal Care,Minimalist 10% Niacinamide Face Serum,1,603.83,15.0,513.26,299.5,213.76,41.65,UPI,Express,Delivered,Consumer
ORD-101450,CUST-0232,Kavita Malhotra,2026-09-04,East,Bihar,Gaya,Grocery & Gourmet,Nutraj Special California Raw Whole Almonds 500g,2,481.69,0.0,963.38,672.0,291.38,30.25,Debit Card,Standard,Delivered,Consumer
ORD-101451,CUST-0122,Simran Verma,2026-09-05,North,Haryana,Faridabad,Beauty & Personal Care,Forest Essentials Soundarya Radiance Cream,1,2572.21,20.0,2057.77,1184.5,873.27,42.44,UPI,Standard,Returned,Home Office
ORD-101452,CUST-0232,Kavita Malhotra,2026-09-07,East,Bihar,Gaya,Grocery & Gourmet,Nutraj Special California Raw Whole Almonds 500g,1,481.25,25.0,360.94,336.0,24.94,6.91,COD,Standard,Delayed,Consumer
ORD-101453,CUST-0065,Aarav Nambiar,2026-09-07,West,Gujarat,Rajkot,Home & Kitchen,Pigeon Non-Stick Kitchen Induction Cookware Set,1,1702.51,0.0,1702.51,1053.38,649.13,38.13,UPI,Standard,Delivered,Consumer
ORD-101454,CUST-0160,Rohan Sharma,2026-09-08,South,Kerala,Kochi,Grocery & Gourmet,Organic India Tulsi Green Tea Bags (Pack of 100),2,258.41,0.0,516.82,358.8,158.02,30.58,UPI,Standard,Delivered,Corporate
ORD-101455,CUST-0232,Kavita Malhotra,2026-09-09,East,Bihar,Gaya,Home & Kitchen,Wakefit Memory Foam Sleeping Pillow (Pack of 2),1,1009.61,25.0,757.21,649.35,107.86,14.24,Net Banking,Standard,Delivered,Consumer
ORD-101456,CUST-0230,Ananya Sen,2026-09-11,South,Karnataka,Mangaluru,Electronics,Mi Smart Air Purifier 4,1,13811.02,0.0,13811.02,10919.22,2891.8,20.94,UPI,Express,Delivered,Corporate
ORD-101457,CUST-0151,Rahul Trivedi,2026-09-12,North,Punjab,Chandigarh,Beauty & Personal Care,WOW Skin Science Apple Cider Vinegar Shampoo,4,455.81,0.0,1823.24,880.04,943.2,51.73,UPI,Economy,Delivered,Home Office
ORD-101458,CUST-0232,Kavita Malhotra,2026-09-13,East,Bihar,Gaya,Grocery & Gourmet,Fortune Sunlite Refined Sunflower Oil 5L Can,2,773.11,25.0,1159.66,1094.4,65.26,5.63,Net Banking,Standard,Delivered,Consumer
ORD-101459,CUST-0149,Sunita Sharma,2026-09-13,West,Maharashtra,Nashik,Electronics,SanDisk Ultra 128GB MicroSD Card,1,887.73,0.0,887.73,683.24,204.49,23.04,UPI,Economy,Delivered,Consumer
ORD-101460,CUST-0148,Bhavna Bose,2026-09-13,West,Maharashtra,Nagpur,Fashion,Zaveri Pearls Gold-Plated Choker Set,1,899.38,0.0,899.38,395.56,503.82,56.02,COD,Standard,Delayed,Consumer
ORD-101461,CUST-0142,Vikram Sen,2026-09-13,South,Karnataka,Bengaluru,Electronics,HP 15s Ryzen 5 16GB/512GB SSD Laptop,1,53705.73,0.0,53705.73,42392.0,11313.73,21.07,UPI,Same-Day,Delivered,Consumer
ORD-101462,CUST-0190,Pooja Trivedi,2026-09-13,South,Tamil Nadu,Chennai,Electronics,Realme 20000mAh Power Bank (18W),2,1884.79,10.0,3392.62,2924.46,468.16,13.8,Credit Card,Same-Day,Delivered,Consumer
ORD-101463,CUST-0119,Kavita Joshi,2026-09-14,East,West Bengal,Howrah,Fashion,Manyavar Silk Blend Nehru Jacket,1,3241.64,0.0,3241.64,1535.52,1706.12,52.63,Net Banking,Standard,Delivered,Home Office
ORD-101464,CUST-0189,Harsh Mehta,2026-09-14,North,Delhi,Delhi,Beauty & Personal Care,Forest Essentials Soundarya Radiance Cream,1,2555.97,10.0,2300.37,1184.5,1115.87,48.51,UPI,Economy,Delivered,Consumer
ORD-101465,CUST-0217,Jyoti Singh,2026-09-14,West,Maharashtra,Nashik,Fashion,W for Woman Floral Rayon Kurti,2,1372.0,5.0,2606.8,1259.1,1347.7,51.7,UPI,Economy,Delivered,Consumer
ORD-101466,CUST-0169,Tanvi Trivedi,2026-09-16,Central,Madhya Pradesh,Indore,Beauty & Personal Care,Plum Green Tea Pore Cleansing Face Wash,1,346.94,10.0,312.25,165.6,146.65,46.97,UPI,Economy,Delivered,Consumer
ORD-101467,CUST-0059,Prerna Menon,2026-09-17,North,Delhi,New Delhi,Fashion,Allen Solly Men Classic Slim Shirt,3,1714.16,0.0,5142.48,2548.5,2593.98,50.44,UPI,Standard,Delivered,Consumer
ORD-101468,CUST-0068,Akash Joshi,2026-09-18,Central,Chhattisgarh,Raipur,Home & Kitchen,Hawkins Contura Hard Anodised Pressure Cooker 3L,1,1886.01,5.0,1791.71,1165.5,626.21,34.95,Credit Card,Standard,Delivered,Corporate
ORD-101469,CUST-0167,Prerna Verma,2026-09-18,East,West Bengal,Howrah,Electronics,Realme 20000mAh Power Bank (18W),2,1926.21,0.0,3852.42,2924.46,927.96,24.09,COD,Express,Delivered,Consumer
ORD-101470,CUST-0232,Kavita Malhotra,2026-09-18,East,Bihar,Gaya,Electronics,Realme 20000mAh Power Bank (18W),2,1864.93,10.0,3356.87,2924.46,432.41,12.88,COD,Express,Delivered,Consumer
ORD-101471,CUST-0142,Vikram Sen,2026-09-19,South,Karnataka,Bengaluru,Electronics,Samsung 43-inch Crystal 4K Neo TV,1,31743.61,10.0,28569.25,25592.0,2977.25,10.42,COD,Express,Delivered,Consumer
ORD-101472,CUST-0232,Kavita Malhotra,2026-09-19,East,Bihar,Gaya,Beauty & Personal Care,Biotique Morning Nectar Flawless Skin Lotion,2,304.48,0.0,608.96,287.04,321.92,52.86,UPI,Economy,Delivered,Consumer
ORD-101473,CUST-0019,Gaurav Agarwal,2026-09-20,South,Tamil Nadu,Chennai,Beauty & Personal Care,WOW Skin Science Apple Cider Vinegar Shampoo,1,445.12,0.0,445.12,220.01,225.11,50.57,COD,Same-Day,Delivered,Consumer
ORD-101474,CUST-0271,Karthik Reddy,2026-09-20,Central,Chhattisgarh,Raipur,Beauty & Personal Care,Biotique Morning Nectar Flawless Skin Lotion,1,297.24,15.0,252.65,143.52,109.13,43.19,UPI,Standard,Delayed,Corporate
ORD-101475,CUST-0232,Kavita Malhotra,2026-09-20,East,Bihar,Gaya,Grocery & Gourmet,India Gate Super Basmati Rice Aged 5kg,5,723.92,20.0,2895.68,2556.0,339.68,11.73,Credit Card,Standard,Delivered,Consumer
ORD-101476,CUST-0232,Kavita Malhotra,2026-09-20,East,Bihar,Gaya,Home & Kitchen,Milton Thermosteel Flip Lid Hot/Cold Flask 1L,1,966.35,20.0,773.08,597.87,175.21,22.66,UPI,Economy,Delivered,Consumer
ORD-101477,CUST-0232,Kavita Malhotra,2026-09-21,East,Bihar,Gaya,Fashion,Allen Solly Men Classic Slim Shirt,1,1683.66,15.0,1431.11,849.5,581.61,40.64,UPI,Express,Delivered,Consumer
ORD-101478,CUST-0145,Meera Kumar,2026-09-21,South,Tamil Nadu,Madurai,Home & Kitchen,Pigeon Non-Stick Kitchen Induction Cookware Set,1,1730.55,10.0,1557.49,1053.38,504.11,32.37,UPI,Standard,Delivered,Consumer
ORD-101479,CUST-0096,Meera Reddy,2026-09-22,West,Maharashtra,Nashik,Home & Kitchen,Prestige Iris 750W Mixer Grinder (3 Jars),1,3246.59,10.0,2921.93,2111.36,810.57,27.74,UPI,Standard,Delivered,Consumer
ORD-101480,CUST-0091,Siddharth Pillai,2026-09-22,South,Karnataka,Mysuru,Fashion,Puma Smashic Unisex White Sneakers,2,3354.48,25.0,5031.72,3364.98,1666.74,33.12,COD,Economy,Delivered,Consumer
ORD-101481,CUST-0138,Riya Verma,2026-09-22,West,Maharashtra,Nashik,Fashion,Puma Smashic Unisex White Sneakers,1,3348.17,5.0,3180.76,1682.49,1498.27,47.1,UPI,Express,Delivered,Corporate
ORD-101482,CUST-0232,Kavita Malhotra,2026-09-23,East,Bihar,Gaya,Grocery & Gourmet,Cadbury Celebrations Assorted Rich Chocolate Box,2,376.58,15.0,640.19,539.6,100.59,15.71,UPI,Standard,Delayed,Consumer
ORD-101483,CUST-0172,Gaurav Choudhury,2026-09-23,East,Assam,Guwahati,Books & Stationery,Classmate Pulse 6-Subject Spiral Notebooks (Pack of 4),2,299.63,15.0,509.37,394.68,114.69,22.52,Credit Card,Express,Delivered,Consumer
ORD-101484,CUST-0165,Tushar Trivedi,2026-09-23,North,Punjab,Ludhiana,Books & Stationery,Indian Polity 6th Edition by M. Laxmikanth,1,765.46,30.0,535.82,516.8,19.02,3.55,COD,Standard,Delivered,Consumer
ORD-101485,CUST-0219,Bhavna Mehta,2026-09-23,North,Rajasthan,Jaipur,Books & Stationery,Indian Polity 6th Edition by M. Laxmikanth,4,774.26,15.0,2632.48,2067.2,565.28,21.47,UPI,Express,Delivered,Corporate
ORD-101486,CUST-0025,Preeti Iyer,2026-09-24,North,Uttar Pradesh,Noida,Books & Stationery,The Psychology of Money by Morgan Housel,4,380.36,10.0,1369.3,988.0,381.3,27.85,UPI,Express,Delivered,Consumer
ORD-101487,CUST-0282,Pooja Choudhury,2026-09-25,Central,Madhya Pradesh,Jabalpur,Fashion,Allen Solly Men Classic Slim Shirt,1,1701.78,0.0,1701.78,849.5,852.28,50.08,COD,Standard,Delivered,Consumer
ORD-101488,CUST-0165,Tushar Trivedi,2026-09-25,North,Punjab,Ludhiana,Fashion,FabIndia Men Handloom Cotton Kurta,1,1898.84,20.0,1519.07,907.2,611.87,40.28,Debit Card,Express,Returned,Consumer
ORD-101489,CUST-0230,Ananya Sen,2026-09-25,South,Karnataka,Mangaluru,Beauty & Personal Care,Plum Green Tea Pore Cleansing Face Wash,1,342.84,15.0,291.41,165.6,125.81,43.17,UPI,Express,Delivered,Corporate
ORD-101490,CUST-0232,Kavita Malhotra,2026-09-26,East,Bihar,Gaya,Books & Stationery,Camlin Artist 24 Water Colour Tubes,1,335.36,5.0,318.59,211.2,107.39,33.71,COD,Express,Delivered,Consumer
ORD-101491,CUST-0232,Kavita Malhotra,2026-09-27,East,Bihar,Gaya,Grocery & Gourmet,Tata Tea Gold Premium Black Tea 1kg,3,546.36,20.0,1311.26,1134.0,177.26,13.52,UPI,Standard,Delivered,Consumer
ORD-101492,CUST-0037,Kavita Das,2026-09-27,South,Tamil Nadu,Coimbatore,Sports & Fitness,Cosco Light Tennis Cricket Ball (Pack of 6),1,427.25,10.0,384.53,264.6,119.93,31.19,Net Banking,Standard,Cancelled,Consumer
ORD-101493,CUST-0199,Harsh Malhotra,2026-09-27,West,Gujarat,Rajkot,Beauty & Personal Care,Biotique Morning Nectar Flawless Skin Lotion,1,304.15,15.0,258.53,143.52,115.01,44.49,Credit Card,Economy,Delivered,Home Office
ORD-101494,CUST-0091,Siddharth Pillai,2026-09-28,South,Karnataka,Mysuru,Beauty & Personal Care,Plum Green Tea Pore Cleansing Face Wash,1,343.55,15.0,292.02,165.6,126.42,43.29,COD,Standard,Delivered,Consumer
ORD-101495,CUST-0233,Prerna Agarwal,2026-09-28,South,Telangana,Warangal,Beauty & Personal Care,Biotique Morning Nectar Flawless Skin Lotion,1,301.57,15.0,256.33,143.52,112.81,44.01,UPI,Economy,Delivered,Consumer
ORD-101496,CUST-0232,Kavita Malhotra,2026-09-28,East,Bihar,Gaya,Beauty & Personal Care,Forest Essentials Soundarya Radiance Cream,1,2566.49,25.0,1924.87,1184.5,740.37,38.46,UPI,Standard,Delivered,Consumer
ORD-101497,CUST-0091,Siddharth Pillai,2026-09-28,South,Karnataka,Mysuru,Electronics,Samsung 43-inch Crystal 4K Neo TV,1,31648.06,25.0,23736.05,25592.0,-1855.95,-7.82,COD,Standard,Delivered,Consumer
ORD-101498,CUST-0232,Kavita Malhotra,2026-09-29,East,Bihar,Gaya,Electronics,Realme 20000mAh Power Bank (18W),1,1880.04,0.0,1880.04,1462.23,417.81,22.22,COD,Express,Delivered,Consumer
ORD-101499,CUST-0277,Meera Verma,2026-09-30,East,Odisha,Cuttack,Fashion,Allen Solly Men Classic Slim Shirt,1,1714.8,10.0,1543.32,849.5,693.82,44.96,UPI,Standard,Delivered,Corporate
ORD-101500,CUST-0148,Bhavna Bose,2026-09-30,West,Maharashtra,Nagpur,Books & Stationery,The Psychology of Money by Morgan Housel,2,373.7,25.0,560.55,494.0,66.55,11.87,UPI,Express,Delivered,Consumer
